transaction_id,customer_id,transaction_date,transaction_time,account_type,transaction_type,transaction_amount,transaction_direction,account_balance,merchant_category,state,credit_score,has_loan,loan_type,emi_amount,transaction_status,channel,kyc_status,is_fraud,transaction_hour
TXN000000001,CUST015796,2019-01-01,15:28,Current,UPI,1820.17,Debit,609365.31,Food & Dining,Maharashtra,764,0,No loan,0.0,Success,Branch,Verified,0,15
TXN000000002,CUST000861,2019-01-01,03:00,Current,UPI,392.67,Credit,14451.14,Education,West Bengal,630,0,No loan,0.0,Success,Mobile_App,Verified,0,3
TXN000000003,CUST076821,2019-01-01,18:03,Fixed Deposit,POS,1255.97,Debit,47621.87,Utilities,Punjab,813,1,Home,1433.91,Success,Mobile_App,Verified,0,18
TXN000000004,CUST054887,2019-01-01,08:03,Savings,UPI,2580.68,Debit,34467.85,Travel,Karnataka,628,1,Personal,6280.35,Success,API,Verified,0,8
TXN000000005,CUST006266,2019-01-01,14:23,Fixed Deposit,UPI,2573.8,Debit,26617.4,Utilities,West Bengal,767,0,No loan,0.0,Success,API,Verified,0,14
TXN000000006,CUST037195,2019-01-01,01:51,Fixed Deposit,Net_Banking,39172.48,Debit,1798.86,Government,Karnataka,707,1,Auto,4197.37,Pending,Web,Verified,0,1
TXN000000007,CUST044132,2019-01-01,06:27,Savings,NEFT,4008.09,Credit,177668.37,Investment,Punjab,361,1,Home,4251.79,Success,ATM,Verified,0,6
TXN000000008,CUST060264,2019-01-01,23:40,Current,Net_Banking,17797.85,Debit,17568.23,Healthcare,Punjab,651,0,No loan,0.0,Success,Mobile_App,Expired,0,23
TXN000000009,CUST016024,2019-01-01,20:25,Salary,Credit_Card,3284.62,Debit,66973.0,Food & Dining,Tamil Nadu,443,0,No loan,0.0,Success,Web,Verified,0,20
TXN000000010,CUST041091,2019-01-01,22:15,Savings,Net_Banking,921.64,Debit,36054.94,Real Estate,Karnataka,330,1,Personal,9630.13,Success,Web,Verified,0,22
TXN000000011,CUST067222,2019-01-01,08:50,Salary,Cheque,95223.86,Debit,200239.14,Government,Maharashtra,358,0,No loan,0.0,Success,Mobile_App,Verified,0,8
TXN000000012,CUST064821,2019-01-01,13:52,Current,ATM_Withdrawal,1000.0,Debit,32673.88,E-Commerce,Tamil Nadu,500,0,No loan,0.0,Failed,Mobile_App,Verified,0,13
TXN000000013,CUST000770,2019-01-01,20:13,Current,ATM_Withdrawal,2000.0,Debit,5156.5,Investment,Tamil Nadu,452,1,Personal,5845.85,Success,API,Verified,0,20
TXN000000014,CUST059736,2019-01-01,20:17,NRI,ATM_Withdrawal,2000.0,Debit,100172.21,E-Commerce,Telangana,843,0,No loan,0.0,Success,ATM,Verified,0,20
TXN000000015,CUST062956,2019-01-01,15:31,NRI,POS,233.62,Debit,638972.89,Government,Telangana,511,0,No loan,0.0,Failed,Mobile_App,Verified,0,15
TXN000000016,CUST064926,2019-01-01,18:11,Fixed Deposit,POS,1251.8,Debit,13200.07,Government,Delhi,794,0,No loan,0.0,Success,Mobile_App,Verified,0,18
TXN000000017,CUST067970,2019-01-01,10:55,Savings,NEFT,60788.4,Credit,119463.69,Government,Punjab,525,0,No loan,0.0,Success,Branch,Verified,0,10
TXN000000018,CUST005312,2019-01-01,18:17,Savings,IMPS,9570.57,Debit,212350.12,Real Estate,Maharashtra,888,0,No loan,0.0,Failed,POS_Terminal,Verified,0,18
TXN000000019,CUST053708,2019-01-01,10:18,Savings,POS,412.69,Debit,62943.57,Food & Dining,Telangana,582,0,No loan,0.0,Success,Mobile_App,Verified,0,10
TXN000000020,CUST028694,2019-01-01,23:40,Current,UPI,968.06,Credit,83450.88,Retail,Maharashtra,614,0,No loan,0.0,Success,Mobile_App,Verified,0,23
TXN000000021,CUST071933,2019-01-01,18:37,Current,RTGS,24601.6,Debit,25884.35,E-Commerce,UP,890,1,Gold,9645.1,Success,Web,Verified,0,18
TXN000000022,CUST025659,2019-01-01,05:29,Current,RTGS,73416.02,Credit,21042.96,Travel,Rajasthan,862,0,No loan,0.0,Success,Mobile_App,Verified,0,5
TXN000000023,CUST018432,2019-01-01,21:28,Current,UPI,447.21,Debit,15308.09,Healthcare,Tamil Nadu,517,0,No loan,0.0,Success,Branch,Verified,0,21
TXN000000024,CUST002748,2019-01-01,09:21,Current,Credit_Card,9424.02,Debit,6219.97,Utilities,Maharashtra,347,1,Personal,20598.86,Success,Mobile_App,Verified,0,9
TXN000000025,CUST059151,2019-01-01,04:02,Current,POS,2712.74,Debit,23484.81,Retail,Tamil Nadu,834,1,Auto,12565.3,Success,Mobile_App,Verified,0,4
TXN000000026,CUST065726,2019-01-01,16:43,Savings,Net_Banking,24752.78,Credit,24426.0,Retail,Delhi,738,0,No loan,0.0,Success,Web,Verified,0,16
TXN000000027,CUST035774,2019-01-01,04:35,Current,UPI,3615.95,Credit,97253.42,Retail,Telangana,376,0,No loan,0.0,Success,Web,Verified,0,4
TXN000000028,CUST067436,2019-01-01,16:30,Fixed Deposit,ATM_Withdrawal,2000.0,Debit,23731.08,Fuel,Rajasthan,770,0,No loan,0.0,Success,Mobile_App,Verified,0,16
TXN000000029,CUST056887,2019-01-01,12:26,Savings,UPI,125.47,Debit,85332.53,Retail,Maharashtra,481,1,Home,2058.02,Success,Mobile_App,Verified,0,12
TXN000000030,CUST066804,2019-01-01,05:15,Salary,UPI,209.11,Debit,15812.04,E-Commerce,Gujarat,667,0,No loan,0.0,Success,Branch,Verified,0,5
TXN000000031,CUST031552,2019-01-01,07:49,Current,IMPS,2705.25,Credit,19737.17,Salary,Punjab,653,0,No loan,0.0,Success,Web,Verified,0,7
TXN000000032,CUST011395,2019-01-01,02:05,Savings,POS,350.05,Debit,46379.02,Investment,Telangana,721,0,No loan,0.0,Success,Mobile_App,Verified,0,2
TXN000000033,CUST069093,2019-01-01,12:32,Current,UPI,1942.74,Debit,95581.93,Entertainment,Delhi,655,0,No loan,0.0,Success,Branch,Verified,0,12
TXN000000034,CUST003891,2019-01-01,11:49,Current,UPI,3075.47,Credit,28556.52,E-Commerce,UP,785,0,No loan,0.0,Success,Mobile_App,Verified,0,11
TXN000000035,CUST041607,2019-01-01,00:46,Savings,UPI,1194.03,Credit,310155.36,Salary,Punjab,316,1,Education,3985.19,Success,ATM,Verified,0,0
TXN000000036,CUST010628,2019-01-01,13:07,Salary,Credit_Card,41717.68,Debit,25147.14,Entertainment,UP,372,0,No loan,0.0,Success,Mobile_App,Verified,0,13
TXN000000037,CUST008793,2019-01-01,00:02,NRI,IMPS,2195.36,Credit,82828.47,Education,Tamil Nadu,484,0,No loan,0.0,Success,Mobile_App,Verified,0,0
TXN000000038,CUST073970,2019-01-01,02:22,Current,ATM_Withdrawal,2000.0,Debit,108781.99,Food & Dining,Karnataka,649,0,No loan,0.0,Success,ATM,Verified,0,2
TXN000000039,CUST043002,2019-01-01,23:04,Current,IMPS,37391.94,Credit,27586.27,E-Commerce,Delhi,614,0,No loan,0.0,Success,Branch,Verified,0,23
TXN000000040,CUST076553,2019-01-01,14:24,Current,IMPS,2059.42,Debit,6276.78,Salary,Tamil Nadu,512,0,No loan,0.0,Success,Mobile_App,Pending,0,14
TXN000000041,CUST023898,2019-01-01,11:35,Savings,Auto_Debit,879.1,Debit,45807.46,E-Commerce,Delhi,633,1,Unknown,8597.49,Success,Web,Verified,0,11
TXN000000042,CUST068149,2019-01-01,20:07,Salary,UPI,634.61,Credit,232027.81,Peer Transfer,Delhi,678,1,Unknown,6697.8,Success,API,Verified,0,20
TXN000000043,CUST023484,2019-01-01,03:02,Savings,IMPS,325.38,Debit,15765.64,Insurance,Karnataka,894,0,No loan,0.0,Success,Branch,Pending,0,3
TXN000000044,CUST048556,2019-01-01,07:00,Salary,Auto_Debit,592.49,Debit,17060.23,Fuel,Maharashtra,366,0,No loan,0.0,Failed,API,Expired,0,7
TXN000000045,CUST017160,2019-01-01,03:19,Savings,IMPS,5658.7,Debit,91286.26,Peer Transfer,Maharashtra,779,0,No loan,0.0,Success,API,Verified,1,3
TXN000000046,CUST035921,2019-01-01,13:48,Fixed Deposit,IMPS,916.72,Debit,4343.46,Real Estate,Gujarat,835,1,Home,3844.96,Success,Web,Verified,0,13
TXN000000047,CUST067122,2019-01-01,05:47,Current,UPI,11453.15,Debit,78636.2,Peer Transfer,Delhi,504,0,No loan,0.0,Success,Web,Expired,0,5
TXN000000048,CUST069480,2019-01-01,06:14,Current,Cheque,7710.25,Debit,39627.17,E-Commerce,Karnataka,867,0,No loan,0.0,Success,API,Verified,0,6
TXN000000049,CUST019458,2019-01-01,03:17,Savings,Auto_Debit,608.46,Debit,97103.44,Peer Transfer,Rajasthan,491,0,No loan,0.0,Success,Mobile_App,Verified,0,3
TXN000000050,CUST066558,2019-01-01,06:57,Salary,IMPS,5929.66,Credit,203499.18,Real Estate,Maharashtra,860,1,Personal,19503.01,Success,POS_Terminal,Pending,0,6
TXN000000051,CUST077190,2019-01-01,11:17,Savings,Auto_Debit,796.41,Debit,19168.22,Fuel,Telangana,617,0,No loan,0.0,Success,ATM,Verified,0,11
TXN000000052,CUST078954,2019-01-01,21:29,Savings,POS,835.58,Debit,1945.46,Insurance,Karnataka,609,0,No loan,0.0,Success,Web,Verified,0,21
TXN000000053,CUST052996,2019-01-01,21:51,Salary,UPI,635.81,Credit,52446.1,Real Estate,Telangana,670,0,No loan,0.0,Success,POS_Terminal,Verified,0,21
TXN000000054,CUST040758,2019-01-01,07:36,Savings,IMPS,2132.7,Credit,15382.11,E-Commerce,Punjab,533,0,No loan,0.0,Success,API,Verified,0,7
TXN000000055,CUST009693,2019-01-01,18:28,Salary,RTGS,28438.49,Credit,34822.82,Salary,West Bengal,789,0,No loan,0.0,Success,Mobile_App,Verified,0,18
TXN000000056,CUST045759,2019-01-01,12:35,NRI,Credit_Card,27986.94,Debit,13297.8,E-Commerce,Maharashtra,711,1,Personal,3887.8,Success,Web,Verified,0,12
TXN000000057,CUST072410,2019-01-01,20:54,Fixed Deposit,Net_Banking,94702.15,Credit,5712.46,Healthcare,Maharashtra,576,0,No loan,0.0,Success,Web,Verified,0,20
TXN000000058,CUST071212,2019-01-01,21:26,Savings,NEFT,10198.66,Debit,4934.98,E-Commerce,Delhi,789,0,No loan,0.0,Success,Web,Verified,0,21
TXN000000059,CUST065698,2019-01-01,04:20,Savings,Credit_Card,2422.15,Debit,5281.19,Government,Telangana,885,1,Home,4249.94,Success,ATM,Verified,0,4
TXN000000060,CUST037066,2019-01-01,03:43,Savings,ATM_Withdrawal,2000.0,Debit,107338.6,Travel,Delhi,757,1,Home,11531.77,Success,Mobile_App,Verified,0,3
TXN000000061,CUST032607,2019-01-01,09:16,Current,POS,362.85,Debit,110569.88,Retail,West Bengal,338,0,No loan,0.0,Success,Mobile_App,Pending,0,9
TXN000000062,CUST011535,2019-01-01,09:35,Current,POS,285.4,Debit,7763.51,Peer Transfer,Tamil Nadu,456,0,No loan,0.0,Success,Web,Verified,0,9
TXN000000063,CUST040398,2019-01-01,12:25,Current,Credit_Card,12449.96,Debit,39826.5,Real Estate,Telangana,811,0,No loan,0.0,Success,Mobile_App,Verified,0,12
TXN000000064,CUST001017,2019-01-01,21:49,Salary,UPI,1771.33,Debit,6051.15,Real Estate,Gujarat,664,0,No loan,0.0,Success,Mobile_App,Verified,0,21
TXN000000065,CUST055592,2019-01-01,01:39,Salary,UPI,258.38,Credit,54509.96,Healthcare,Tamil Nadu,804,1,Auto,10763.41,Success,POS_Terminal,Pending,0,1
TXN000000066,CUST023248,2019-01-01,16:53,Savings,IMPS,1305.17,Debit,62216.41,Travel,Gujarat,774,0,No loan,0.0,Success,Branch,Verified,0,16
TXN000000067,CUST024301,2019-01-01,00:10,Salary,UPI,1840.52,Credit,96536.64,Utilities,Gujarat,642,1,Auto,7614.1,Success,Mobile_App,Verified,0,0
TXN000000068,CUST074066,2019-01-01,04:57,Salary,Cheque,2868.49,Credit,56275.55,Retail,Tamil Nadu,681,1,Home,3348.02,Success,POS_Terminal,Expired,0,4
TXN000000069,CUST009269,2019-01-01,19:00,Current,RTGS,79938.63,Debit,199447.61,Utilities,UP,352,1,Unknown,5683.47,Success,ATM,Pending,0,19
TXN000000070,CUST012186,2019-01-01,12:10,Current,UPI,580.51,Debit,14173.91,E-Commerce,Gujarat,319,0,No loan,0.0,Success,POS_Terminal,Verified,0,12
TXN000000071,CUST063705,2019-01-01,04:56,Current,UPI,808.57,Debit,4655.78,Education,Maharashtra,626,0,No loan,0.0,Success,Web,Verified,0,4
TXN000000072,CUST039100,2019-01-01,01:21,Savings,Cheque,28383.53,Credit,80530.23,Food & Dining,Maharashtra,767,0,No loan,0.0,Success,Mobile_App,Verified,0,1
TXN000000073,CUST008572,2019-01-01,07:12,Savings,UPI,424.06,Debit,706365.16,E-Commerce,Maharashtra,478,1,Unknown,8317.18,Success,API,Verified,0,7
TXN000000074,CUST038045,2019-01-01,13:16,Current,ATM_Withdrawal,2000.0,Debit,13538.27,Fuel,Maharashtra,634,0,No loan,0.0,Success,Mobile_App,Pending,0,13
TXN000000075,CUST051215,2019-01-01,04:15,Savings,ATM_Withdrawal,2000.0,Debit,74511.26,Utilities,Delhi,422,0,No loan,0.0,Success,Web,Verified,0,4
TXN000000076,CUST061229,2019-01-01,23:49,Savings,Net_Banking,7979.56,Debit,231597.49,Travel,Maharashtra,579,0,No loan,0.0,Success,Web,Verified,0,23
TXN000000077,CUST048985,2019-01-01,23:49,Savings,UPI,213.41,Debit,19096.88,Travel,Telangana,850,0,No loan,0.0,Success,Web,Verified,0,23
TXN000000078,CUST040775,2019-01-01,16:30,Current,IMPS,713.11,Debit,9520.98,Healthcare,Telangana,864,1,Personal,1871.94,Success,Web,Verified,0,16
TXN000000079,CUST002569,2019-01-01,07:35,Salary,IMPS,2081.0,Credit,7001.08,Healthcare,Delhi,312,1,Gold,2056.58,Success,POS_Terminal,Verified,0,7
TXN000000080,CUST062593,2019-01-01,08:05,Savings,UPI,1326.32,Credit,27410.95,Entertainment,Gujarat,351,0,No loan,0.0,Success,Mobile_App,Pending,0,8
TXN000000081,CUST067564,2019-01-01,22:00,Fixed Deposit,POS,1239.5,Debit,68564.15,E-Commerce,UP,883,0,No loan,0.0,Success,Mobile_App,Verified,0,22
TXN000000082,CUST002696,2019-01-01,23:15,Salary,NEFT,109970.48,Debit,11635.73,Retail,Karnataka,633,0,No loan,0.0,Success,POS_Terminal,Verified,0,23
TXN000000083,CUST048191,2019-01-01,14:19,Fixed Deposit,UPI,354.34,Credit,168233.96,Travel,Delhi,661,0,No loan,0.0,Success,Mobile_App,Verified,0,14
TXN000000084,CUST005259,2019-01-01,01:05,Savings,UPI,4958.43,Debit,16220.62,Fuel,Karnataka,587,0,No loan,0.0,Success,Web,Verified,0,1
TXN000000085,CUST039505,2019-01-01,12:04,Savings,NEFT,2700.35,Credit,59245.96,Food & Dining,West Bengal,695,0,No loan,0.0,Success,API,Verified,0,12
TXN000000086,CUST033160,2019-01-01,09:22,Savings,UPI,356.45,Debit,25840.63,Food & Dining,Delhi,847,1,Personal,884.71,Success,API,Verified,0,9
TXN000000087,CUST013987,2019-01-01,21:44,Savings,UPI,1236.73,Debit,129880.5,E-Commerce,West Bengal,573,0,No loan,0.0,Success,Mobile_App,Verified,0,21
TXN000000088,CUST061859,2019-01-01,21:44,Current,Auto_Debit,668.61,Debit,18045.46,Government,Maharashtra,739,1,Gold,1873.9,Success,Mobile_App,Verified,0,21
TXN000000089,CUST012667,2019-01-01,06:40,Fixed Deposit,UPI,563.86,Debit,77021.57,Entertainment,West Bengal,846,0,No loan,0.0,Success,Web,Verified,0,6
TXN000000090,CUST038661,2019-01-01,09:11,Salary,IMPS,37687.42,Credit,14445.58,Travel,Tamil Nadu,812,1,Business,10654.12,Success,POS_Terminal,Verified,0,9
TXN000000091,CUST003562,2019-01-01,11:19,Current,UPI,46.08,Credit,74501.16,Education,Tamil Nadu,749,1,Auto,3876.04,Success,Mobile_App,Pending,0,11
TXN000000092,CUST026855,2019-01-01,05:24,Salary,RTGS,217578.55,Credit,16619.09,Education,Delhi,595,0,No loan,0.0,Success,POS_Terminal,Verified,0,5
TXN000000093,CUST064506,2019-01-01,17:10,Savings,Credit_Card,583.28,Debit,15569.75,Utilities,Karnataka,817,0,No loan,0.0,Failed,Web,Verified,0,17
TXN000000094,CUST052252,2019-01-01,23:51,Current,ATM_Withdrawal,3000.0,Debit,66073.13,Entertainment,Maharashtra,325,0,No loan,0.0,Success,Web,Expired,0,23
TXN000000095,CUST022663,2019-01-01,21:02,Salary,NEFT,5669.19,Credit,7995.24,Travel,Maharashtra,483,0,No loan,0.0,Reversed,Mobile_App,Verified,0,21
TXN000000096,CUST008393,2019-01-01,00:45,Savings,UPI,2088.97,Debit,89877.58,Salary,Telangana,326,1,Education,9346.22,Success,Mobile_App,Verified,0,0
TXN000000097,CUST030536,2019-01-01,19:08,Savings,IMPS,6391.24,Debit,26285.48,Fuel,West Bengal,615,0,No loan,0.0,Success,Mobile_App,Verified,0,19
TXN000000098,CUST078604,2019-01-01,09:56,Current,Credit_Card,9163.33,Debit,34863.37,Food & Dining,Gujarat,368,0,No loan,0.0,Success,Web,Verified,0,9
TXN000000099,CUST052257,2019-01-01,11:13,Salary,UPI,401.06,Credit,127854.15,Salary,Gujarat,316,0,No loan,0.0,Success,API,Verified,0,11
TXN000000100,CUST035223,2019-01-01,02:00,Savings,IMPS,7861.91,Debit,77729.98,Salary,West Bengal,678,0,No loan,0.0,Success,Mobile_App,Verified,0,2
TXN000000101,CUST077374,2019-01-01,19:41,Savings,ATM_Withdrawal,5000.0,Debit,2372.54,Investment,Karnataka,672,1,Home,1968.47,Success,Web,Verified,0,19
TXN000000102,CUST079576,2019-01-01,23:12,Salary,Net_Banking,34938.36,Credit,15334.72,Retail,Maharashtra,858,0,No loan,0.0,Success,Web,Verified,0,23
TXN000000103,CUST063336,2019-01-01,16:59,Salary,NEFT,76854.15,Credit,46306.28,Utilities,Gujarat,397,1,Auto,3352.36,Success,Mobile_App,Pending,0,16
TXN000000104,CUST010966,2019-01-01,06:50,Savings,UPI,2411.42,Debit,10402.6,Food & Dining,Tamil Nadu,881,1,Business,11762.55,Success,API,Verified,0,6
TXN000000105,CUST024539,2019-01-01,21:58,Savings,Net_Banking,18137.56,Credit,32417.86,Education,Tamil Nadu,799,0,No loan,0.0,Success,Web,Verified,0,21
TXN000000106,CUST070593,2019-01-01,08:22,Savings,UPI,1904.2,Credit,17955.73,Government,West Bengal,870,1,Auto,3609.19,Success,POS_Terminal,Verified,0,8
TXN000000107,CUST008111,2019-01-01,12:23,Savings,IMPS,244.75,Debit,112815.44,Travel,Maharashtra,842,0,No loan,0.0,Success,POS_Terminal,Verified,0,12
TXN000000108,CUST079310,2019-01-01,06:33,Current,NEFT,19697.37,Debit,36330.95,E-Commerce,Gujarat,336,0,No loan,0.0,Success,API,Pending,0,6
TXN000000109,CUST027267,2019-01-01,11:16,Savings,Auto_Debit,2801.32,Debit,20837.81,Investment,Karnataka,627,1,Personal,14314.25,Success,POS_Terminal,Verified,0,11
TXN000000110,CUST052993,2019-01-01,14:02,Current,Credit_Card,834.03,Debit,66941.13,E-Commerce,West Bengal,841,1,Unknown,6982.45,Success,ATM,Verified,0,14
TXN000000111,CUST006911,2019-01-01,16:07,NRI,UPI,880.76,Debit,6765.73,Real Estate,Karnataka,647,0,No loan,0.0,Success,Mobile_App,Verified,0,16
TXN000000112,CUST000207,2019-01-01,18:43,Current,POS,1268.09,Debit,150872.6,Peer Transfer,Telangana,385,0,No loan,0.0,Failed,Mobile_App,Verified,0,18
TXN000000113,CUST023420,2019-01-01,11:51,Savings,Net_Banking,42536.41,Debit,36848.79,Insurance,Telangana,407,0,No loan,0.0,Success,Mobile_App,Verified,0,11
TXN000000114,CUST050637,2019-01-01,05:41,Savings,ATM_Withdrawal,2000.0,Debit,8383.58,Healthcare,Gujarat,611,1,Education,6068.76,Success,Web,Verified,0,5
TXN000000115,CUST050016,2019-01-01,04:11,Savings,Auto_Debit,6291.16,Debit,4126.13,Fuel,Tamil Nadu,616,1,Business,17411.25,Success,Mobile_App,Verified,0,4
TXN000000116,CUST054269,2019-01-01,07:45,NRI,UPI,700.83,Credit,25388.65,Retail,Karnataka,638,0,No loan,0.0,Success,Mobile_App,Verified,0,7
TXN000000117,CUST018142,2019-01-01,21:29,Salary,ATM_Withdrawal,2000.0,Debit,38842.91,Education,Telangana,301,1,Home,872.82,Success,POS_Terminal,Verified,0,21
TXN000000118,CUST071911,2019-01-01,01:07,NRI,Auto_Debit,6421.18,Debit,14506.01,Investment,Punjab,340,1,Auto,8196.08,Success,Mobile_App,Verified,0,1
TXN000000119,CUST056045,2019-01-01,22:24,Savings,ATM_Withdrawal,1000.0,Debit,74251.77,E-Commerce,Rajasthan,665,0,No loan,0.0,Success,Branch,Verified,0,22
TXN000000120,CUST067215,2019-01-01,13:25,NRI,POS,929.72,Debit,611136.59,Healthcare,Karnataka,796,1,Business,4720.51,Success,POS_Terminal,Verified,0,13
TXN000000121,CUST033828,2019-01-01,05:41,Savings,Net_Banking,12742.45,Credit,63780.18,Retail,Delhi,810,1,Education,7227.31,Success,Mobile_App,Expired,0,5
TXN000000122,CUST055821,2019-01-01,05:37,Current,Cheque,78186.7,Debit,11124.61,Retail,Punjab,558,1,Personal,6947.01,Success,Mobile_App,Verified,0,5
TXN000000123,CUST062624,2019-01-01,13:20,Fixed Deposit,Auto_Debit,461.39,Debit,18498.25,Peer Transfer,Tamil Nadu,570,0,No loan,0.0,Success,Mobile_App,Verified,0,13
TXN000000124,CUST075451,2019-01-01,17:43,Fixed Deposit,POS,301.03,Debit,329493.17,Real Estate,Delhi,459,0,No loan,0.0,Success,ATM,Verified,0,17
TXN000000125,CUST022300,2019-01-01,23:10,Savings,ATM_Withdrawal,1000.0,Debit,6713.07,Fuel,Tamil Nadu,508,0,No loan,0.0,Success,Branch,Verified,0,23
TXN000000126,CUST043586,2019-01-01,06:11,Savings,IMPS,557.0,Debit,226346.65,Government,Tamil Nadu,815,0,No loan,0.0,Success,Mobile_App,Verified,0,6
TXN000000127,CUST064045,2019-01-01,11:45,Current,POS,1542.38,Debit,12997.91,Investment,Maharashtra,897,1,Home,6568.42,Success,Web,Pending,0,11
TXN000000128,CUST042558,2019-01-01,06:52,Savings,UPI,345.54,Credit,63630.21,E-Commerce,Maharashtra,666,0,No loan,0.0,Success,Web,Verified,0,6
TXN000000129,CUST049081,2019-01-01,20:38,Savings,Auto_Debit,800.14,Debit,156103.32,Investment,Gujarat,752,0,No loan,0.0,Success,Mobile_App,Verified,0,20
TXN000000130,CUST002694,2019-01-01,14:55,Savings,Auto_Debit,9020.49,Debit,28042.21,Salary,Karnataka,745,0,No loan,0.0,Success,Mobile_App,Verified,0,14
TXN000000131,CUST069164,2019-01-01,13:45,Current,RTGS,127915.93,Credit,3925.47,Travel,Maharashtra,864,1,Education,2869.25,Success,Web,Verified,0,13
TXN000000132,CUST025940,2019-01-01,02:57,Savings,IMPS,1943.14,Credit,5703.82,Healthcare,Delhi,493,1,Personal,9475.78,Success,Branch,Verified,0,2
TXN000000133,CUST048926,2019-01-01,17:52,Current,UPI,566.74,Debit,34603.68,Investment,Rajasthan,478,0,No loan,0.0,Success,API,Verified,0,17
TXN000000134,CUST042942,2019-01-01,16:52,Salary,UPI,1286.92,Credit,38922.98,Investment,West Bengal,571,1,Education,2370.79,Success,Mobile_App,Verified,0,16
TXN000000135,CUST021835,2019-01-01,23:58,Current,Net_Banking,11520.79,Debit,16184.78,Healthcare,Maharashtra,414,1,Auto,1917.19,Success,Mobile_App,Verified,0,23
TXN000000136,CUST018048,2019-01-01,12:27,Current,UPI,695.21,Credit,58071.94,Education,Karnataka,852,1,Auto,3306.99,Success,Web,Verified,0,12
TXN000000137,CUST026106,2019-01-01,18:58,Savings,IMPS,3646.68,Credit,11122.27,Travel,UP,664,0,No loan,0.0,Success,Mobile_App,Verified,0,18
TXN000000138,CUST075767,2019-01-01,00:45,Savings,ATM_Withdrawal,500.0,Debit,24374.76,Education,Rajasthan,710,1,Auto,1679.29,Success,Branch,Verified,0,0
TXN000000139,CUST015708,2019-01-01,16:59,Savings,UPI,674.47,Credit,51445.99,Travel,Karnataka,590,0,No loan,0.0,Success,POS_Terminal,Pending,0,16
TXN000000140,CUST021977,2019-01-01,07:41,NRI,NEFT,9749.09,Credit,12044.65,Government,Tamil Nadu,572,0,No loan,0.0,Success,ATM,Verified,0,7
TXN000000141,CUST044263,2019-01-01,05:55,Current,POS,10254.76,Debit,66540.19,Insurance,Punjab,874,0,No loan,0.0,Success,Mobile_App,Verified,0,5
TXN000000142,CUST023777,2019-01-01,00:08,Savings,POS,1550.2,Debit,192356.44,Travel,Delhi,830,0,No loan,0.0,Success,ATM,Verified,0,0
TXN000000143,CUST030081,2019-01-01,17:27,Salary,RTGS,122876.92,Credit,33180.16,Salary,Tamil Nadu,417,0,No loan,0.0,Success,Web,Verified,0,17
TXN000000144,CUST066843,2019-01-01,00:34,Current,Auto_Debit,3649.23,Debit,51706.11,E-Commerce,Karnataka,606,1,Education,7515.34,Success,Web,Pending,0,0
TXN000000145,CUST061374,2019-01-01,06:42,Savings,UPI,809.58,Credit,20483.79,E-Commerce,West Bengal,595,0,No loan,0.0,Success,Branch,Verified,0,6
TXN000000146,CUST006777,2019-01-01,17:12,Salary,UPI,130.8,Debit,22502.32,E-Commerce,Gujarat,703,1,Auto,7961.89,Success,Web,Verified,0,17
TXN000000147,CUST055017,2019-01-01,09:26,Current,UPI,2967.94,Credit,372570.68,E-Commerce,Delhi,364,1,Personal,6502.05,Success,API,Verified,0,9
TXN000000148,CUST009475,2019-01-01,21:10,Salary,Credit_Card,690.75,Debit,8287.87,Investment,Telangana,838,0,No loan,0.0,Success,ATM,Verified,0,21
TXN000000149,CUST058054,2019-01-01,13:22,Current,ATM_Withdrawal,2000.0,Debit,607787.26,Government,Maharashtra,589,0,No loan,0.0,Success,POS_Terminal,Verified,0,13
TXN000000150,CUST021960,2019-01-01,23:18,Salary,POS,1967.05,Debit,43497.5,Healthcare,Tamil Nadu,432,1,Unknown,4558.2,Success,Web,Verified,0,23
TXN000000151,CUST005531,2019-01-01,08:56,NRI,IMPS,32787.02,Credit,161252.14,Utilities,West Bengal,401,1,Personal,2717.18,Success,Mobile_App,Verified,0,8
TXN000000152,CUST003749,2019-01-01,16:42,Salary,Net_Banking,1018.32,Credit,14251.26,Utilities,Maharashtra,789,1,Education,4076.68,Success,Branch,Expired,0,16
TXN000000153,CUST013546,2019-01-01,19:05,Current,UPI,173.72,Debit,304114.73,Entertainment,UP,542,0,No loan,0.0,Success,ATM,Verified,0,19
TXN000000154,CUST066200,2019-01-01,00:46,Salary,Cheque,62462.68,Debit,16525.93,Retail,Rajasthan,703,0,No loan,0.0,Success,Mobile_App,Verified,0,0
TXN000000155,CUST034767,2019-01-01,03:35,Current,UPI,121.14,Debit,33391.79,Food & Dining,Maharashtra,408,0,No loan,0.0,Success,Web,Verified,0,3
TXN000000156,CUST073531,2019-01-01,02:06,Salary,UPI,302.39,Debit,20281.74,Peer Transfer,Rajasthan,454,0,No loan,0.0,Reversed,API,Verified,0,2
TXN000000157,CUST061088,2019-01-01,06:06,Current,Cheque,100496.17,Debit,17160.57,Retail,Maharashtra,807,0,No loan,0.0,Success,Web,Verified,0,6
TXN000000158,CUST068841,2019-01-01,03:57,Savings,UPI,189.52,Debit,62679.03,Food & Dining,Maharashtra,817,0,No loan,0.0,Success,ATM,Verified,0,3
TXN000000159,CUST054385,2019-01-01,20:20,Current,ATM_Withdrawal,500.0,Debit,105113.39,E-Commerce,Delhi,334,0,No loan,0.0,Success,POS_Terminal,Verified,0,20
TXN000000160,CUST051006,2019-01-01,15:43,Current,IMPS,2451.3,Debit,38074.18,Travel,Delhi,509,0,No loan,0.0,Reversed,Web,Verified,0,15
TXN000000161,CUST046577,2019-01-01,20:55,Fixed Deposit,ATM_Withdrawal,3000.0,Debit,17094.68,Real Estate,Gujarat,832,0,No loan,0.0,Success,POS_Terminal,Verified,0,20
TXN000000162,CUST039354,2019-01-01,13:09,Current,IMPS,7249.37,Debit,86335.79,Food & Dining,Telangana,623,1,Auto,6218.52,Success,POS_Terminal,Verified,0,13
TXN000000163,CUST062004,2019-01-01,09:42,Savings,Credit_Card,6381.84,Debit,10745.15,E-Commerce,Maharashtra,443,0,No loan,0.0,Success,Web,Pending,0,9
TXN000000164,CUST052734,2019-01-01,21:20,NRI,ATM_Withdrawal,10000.0,Debit,3705.56,Real Estate,Delhi,825,0,No loan,0.0,Success,Mobile_App,Verified,0,21
TXN000000165,CUST065319,2019-01-01,09:28,Savings,NEFT,35444.34,Debit,304595.5,Utilities,Karnataka,563,0,No loan,0.0,Success,Web,Verified,0,9
TXN000000166,CUST023665,2019-01-01,21:06,Savings,UPI,1525.89,Credit,472575.56,Food & Dining,Delhi,641,0,No loan,0.0,Success,Web,Verified,0,21
TXN000000167,CUST067173,2019-01-01,02:20,Savings,POS,1431.82,Debit,26524.11,Travel,UP,815,0,No loan,0.0,Success,Branch,Verified,0,2
TXN000000168,CUST026737,2019-01-01,16:28,NRI,IMPS,35552.32,Debit,15848.29,E-Commerce,Gujarat,573,1,Business,12948.05,Success,Web,Verified,0,16
TXN000000169,CUST000855,2019-01-01,20:12,Savings,IMPS,609.3,Credit,29310.52,Healthcare,UP,859,0,No loan,0.0,Success,Web,Verified,0,20
TXN000000170,CUST038624,2019-01-01,18:01,Current,NEFT,3184.44,Debit,82034.33,Healthcare,Maharashtra,500,0,No loan,0.0,Failed,ATM,Verified,0,18
TXN000000171,CUST007393,2019-01-01,17:12,Savings,Net_Banking,7622.13,Credit,103920.38,Retail,Maharashtra,490,0,No loan,0.0,Success,POS_Terminal,Verified,0,17
TXN000000172,CUST055681,2019-01-01,03:55,Savings,UPI,800.3,Debit,10076.07,Entertainment,Telangana,457,0,No loan,0.0,Success,Mobile_App,Verified,0,3
TXN000000173,CUST046718,2019-01-01,22:00,Savings,UPI,99.72,Credit,26605.58,Retail,Delhi,691,0,No loan,0.0,Success,Mobile_App,Verified,0,22
TXN000000174,CUST050860,2019-01-01,19:09,NRI,UPI,721.47,Credit,10512.13,Travel,Karnataka,398,0,No loan,0.0,Success,Mobile_App,Verified,0,19
TXN000000175,CUST026310,2019-01-01,16:24,Savings,Cheque,538205.53,Debit,41032.56,Healthcare,Karnataka,632,1,Auto,2507.05,Success,Mobile_App,Verified,0,16
TXN000000176,CUST063735,2019-01-01,03:32,Savings,RTGS,59742.33,Debit,158847.27,Insurance,Punjab,343,0,No loan,0.0,Success,Web,Verified,0,3
TXN000000177,CUST070468,2019-01-01,08:42,Current,NEFT,21206.42,Credit,25076.39,Government,Delhi,797,1,Education,3155.78,Success,ATM,Verified,0,8
TXN000000178,CUST052663,2019-01-01,14:11,Fixed Deposit,UPI,2029.75,Credit,124817.8,Travel,Delhi,436,1,Personal,2530.62,Success,Mobile_App,Verified,0,14
TXN000000179,CUST012689,2019-01-01,15:00,Salary,UPI,264.28,Debit,8280.41,Peer Transfer,Maharashtra,302,1,Personal,12604.72,Success,Mobile_App,Verified,0,15
TXN000000180,CUST025343,2019-01-01,02:27,Current,NEFT,309869.01,Credit,68487.8,Education,Gujarat,803,0,No loan,0.0,Success,POS_Terminal,Verified,0,2
TXN000000181,CUST037158,2019-01-01,14:10,Current,NEFT,276898.32,Credit,51711.11,Peer Transfer,UP,692,0,No loan,0.0,Success,Mobile_App,Verified,0,14
TXN000000182,CUST067864,2019-01-01,05:18,Salary,Auto_Debit,4942.54,Debit,438882.66,Government,Tamil Nadu,682,0,No loan,0.0,Success,Branch,Verified,0,5
TXN000000183,CUST052084,2019-01-01,02:48,Salary,RTGS,270421.3,Credit,54631.47,Food & Dining,Delhi,454,1,Business,4224.72,Success,Mobile_App,Verified,0,2
TXN000000184,CUST065734,2019-01-01,11:02,Savings,POS,421.02,Debit,4246.64,Retail,Tamil Nadu,355,0,No loan,0.0,Failed,API,Verified,0,11
TXN000000185,CUST034699,2019-01-01,10:26,NRI,Net_Banking,17877.04,Credit,21903.96,Utilities,Delhi,530,1,Gold,2867.1,Reversed,Web,Verified,0,10
TXN000000186,CUST022672,2019-01-01,20:05,Salary,POS,424.75,Debit,11005.85,Real Estate,Gujarat,391,1,Education,2902.58,Success,ATM,Verified,0,20
TXN000000187,CUST025185,2019-01-01,04:51,Savings,Cheque,4248.84,Debit,20503.68,Peer Transfer,Karnataka,720,0,No loan,0.0,Success,Web,Verified,0,4
TXN000000188,CUST042108,2019-01-01,11:17,Fixed Deposit,Cheque,8739.71,Debit,4217.39,Peer Transfer,Tamil Nadu,513,0,No loan,0.0,Success,Web,Verified,0,11
TXN000000189,CUST051664,2019-01-01,06:59,Current,NEFT,55435.9,Debit,241639.75,Investment,Maharashtra,532,1,Personal,2108.47,Success,Mobile_App,Verified,0,6
TXN000000190,CUST015709,2019-01-01,17:52,Current,RTGS,169064.83,Debit,11483.19,Travel,Maharashtra,495,1,Business,10862.11,Success,Web,Verified,0,17
TXN000000191,CUST049812,2019-01-01,22:41,Current,IMPS,891.71,Debit,114166.15,E-Commerce,Tamil Nadu,894,0,No loan,0.0,Success,Mobile_App,Pending,0,22
TXN000000192,CUST002812,2019-01-01,18:35,NRI,POS,1894.11,Debit,146451.36,Retail,Maharashtra,812,0,No loan,0.0,Success,Web,Verified,0,18
TXN000000193,CUST056251,2019-01-01,20:58,Savings,Cheque,73384.27,Debit,39528.07,Healthcare,UP,750,0,No loan,0.0,Success,Web,Verified,0,20
TXN000000194,CUST072083,2019-01-01,01:07,Current,POS,12881.22,Debit,18023.98,Real Estate,Maharashtra,441,1,Unknown,10510.49,Success,Mobile_App,Pending,0,1
TXN000000195,CUST034755,2019-01-01,14:14,Salary,UPI,137.86,Debit,10696.64,Investment,Karnataka,612,0,No loan,0.0,Success,Web,Pending,0,14
TXN000000196,CUST011412,2019-01-01,21:53,Current,NEFT,29022.49,Debit,124801.5,Entertainment,Tamil Nadu,671,1,Personal,3424.82,Success,Web,Verified,0,21
TXN000000197,CUST002912,2019-01-01,14:56,Savings,UPI,156.71,Credit,2874.01,Entertainment,Maharashtra,632,0,No loan,0.0,Success,ATM,Verified,0,14
TXN000000198,CUST067271,2019-01-01,16:19,Salary,ATM_Withdrawal,3000.0,Debit,7816.08,Government,Delhi,660,0,No loan,0.0,Success,POS_Terminal,Verified,0,16
TXN000000199,CUST008681,2019-01-01,23:40,Savings,ATM_Withdrawal,1000.0,Debit,2127823.51,Travel,Telangana,731,0,No loan,0.0,Success,Web,Verified,0,23
TXN000000200,CUST071296,2019-01-01,01:38,Current,Cheque,3813.87,Debit,51959.03,Fuel,Rajasthan,418,1,Auto,5697.35,Success,Branch,Verified,0,1
TXN000000201,CUST011112,2019-01-01,06:45,Savings,POS,431.21,Debit,28278.9,Education,Rajasthan,472,1,Auto,4273.27,Success,POS_Terminal,Verified,0,6
TXN000000202,CUST037505,2019-01-01,10:58,Salary,UPI,2270.92,Credit,19863.0,Travel,Delhi,476,0,No loan,0.0,Success,Mobile_App,Verified,0,10
TXN000000203,CUST001803,2019-01-01,14:52,Salary,NEFT,193666.02,Debit,128393.07,Salary,Delhi,405,0,No loan,0.0,Success,Web,Verified,0,14
TXN000000204,CUST008156,2019-01-01,07:03,Savings,ATM_Withdrawal,2000.0,Debit,28075.66,E-Commerce,Karnataka,469,1,Gold,14404.05,Success,POS_Terminal,Verified,0,7
TXN000000205,CUST073657,2019-01-01,12:14,Current,IMPS,11668.58,Debit,32088.39,Investment,Telangana,524,0,No loan,0.0,Success,ATM,Verified,0,12
TXN000000206,CUST039385,2019-01-01,10:34,Salary,UPI,373.47,Credit,79365.64,Peer Transfer,UP,578,1,Home,19448.97,Success,ATM,Verified,0,10
TXN000000207,CUST047255,2019-01-01,09:58,Savings,POS,682.51,Debit,57259.66,Retail,UP,723,0,No loan,0.0,Success,POS_Terminal,Verified,0,9
TXN000000208,CUST021919,2019-01-01,13:06,Salary,POS,1266.1,Debit,50767.38,Food & Dining,Tamil Nadu,798,0,No loan,0.0,Success,Mobile_App,Verified,0,13
TXN000000209,CUST060714,2019-01-01,09:33,Savings,Net_Banking,23630.22,Credit,23567.3,Retail,Rajasthan,640,0,No loan,0.0,Success,Web,Pending,0,9
TXN000000210,CUST030307,2019-01-01,00:54,Savings,ATM_Withdrawal,2000.0,Debit,363664.9,Peer Transfer,Karnataka,612,1,Personal,8241.04,Success,API,Verified,0,0
TXN000000211,CUST016647,2019-01-01,05:44,Salary,POS,103.87,Debit,7256.97,E-Commerce,Delhi,337,0,No loan,0.0,Success,Branch,Verified,0,5
TXN000000212,CUST046844,2019-01-01,19:27,Salary,ATM_Withdrawal,500.0,Debit,39430.45,Investment,Gujarat,456,0,No loan,0.0,Success,Web,Verified,0,19
TXN000000213,CUST016372,2019-01-01,22:16,Current,POS,508.4,Debit,51473.05,Travel,Telangana,625,1,Personal,8070.2,Success,POS_Terminal,Verified,0,22
TXN000000214,CUST077372,2019-01-01,12:12,Savings,UPI,221.92,Credit,9785.87,Food & Dining,Tamil Nadu,867,1,Personal,7798.92,Success,Branch,Verified,0,12
TXN000000215,CUST002050,2019-01-01,06:25,Fixed Deposit,UPI,938.13,Credit,57971.6,Utilities,Tamil Nadu,897,0,No loan,0.0,Success,API,Verified,0,6
TXN000000216,CUST031617,2019-01-01,01:52,Savings,UPI,3402.61,Credit,16309.42,Salary,Tamil Nadu,457,0,No loan,0.0,Success,ATM,Verified,0,1
TXN000000217,CUST020933,2019-01-01,16:16,NRI,UPI,2284.25,Credit,2928.94,E-Commerce,Gujarat,499,0,No loan,0.0,Success,Web,Verified,0,16
TXN000000218,CUST029856,2019-01-01,19:52,Current,UPI,1796.92,Credit,3556363.05,E-Commerce,Tamil Nadu,411,0,No loan,0.0,Success,Mobile_App,Verified,0,19
TXN000000219,CUST061435,2019-01-01,16:52,Current,UPI,624.69,Debit,6897.52,Healthcare,Tamil Nadu,322,1,Personal,3249.65,Success,Web,Verified,0,16
TXN000000220,CUST072695,2019-01-01,04:53,Fixed Deposit,Net_Banking,1795.92,Debit,47381.16,Healthcare,Gujarat,780,1,Personal,923.0,Success,API,Expired,0,4
TXN000000221,CUST043017,2019-01-01,07:01,Savings,IMPS,294.52,Credit,5227.43,Insurance,Maharashtra,362,0,No loan,0.0,Success,Mobile_App,Verified,0,7
TXN000000222,CUST007401,2019-01-01,00:01,Savings,POS,1159.22,Debit,17938.69,Food & Dining,Telangana,670,1,Personal,2724.51,Success,Mobile_App,Verified,0,0
TXN000000223,CUST042643,2019-01-01,07:19,Savings,IMPS,1601.56,Debit,10624.27,Retail,Rajasthan,342,1,Auto,4018.35,Success,Mobile_App,Verified,0,7
TXN000000224,CUST015152,2019-01-01,02:03,Current,Cheque,48908.89,Debit,99348.4,Retail,Karnataka,561,0,No loan,0.0,Success,Mobile_App,Verified,0,2
TXN000000225,CUST051408,2019-01-01,13:10,Current,IMPS,24687.73,Debit,34643.9,Utilities,Maharashtra,895,0,No loan,0.0,Success,Mobile_App,Pending,0,13
TXN000000226,CUST066691,2019-01-01,09:00,Current,Credit_Card,1113.63,Debit,40817.1,Travel,Gujarat,492,0,No loan,0.0,Success,Mobile_App,Verified,0,9
TXN000000227,CUST004500,2019-01-01,09:23,Current,IMPS,1439.42,Debit,360563.77,Salary,Tamil Nadu,662,1,Education,1402.9,Success,Mobile_App,Verified,0,9
TXN000000228,CUST006296,2019-01-01,05:12,Savings,Cheque,25861.34,Debit,125992.24,Real Estate,West Bengal,392,0,No loan,0.0,Success,Mobile_App,Verified,0,5
TXN000000229,CUST059041,2019-01-01,20:04,Current,POS,97.63,Debit,51580.55,Fuel,West Bengal,716,0,No loan,0.0,Pending,Mobile_App,Verified,0,20
TXN000000230,CUST012184,2019-01-01,20:48,Savings,IMPS,383.61,Credit,7589.87,E-Commerce,Karnataka,841,1,Education,2690.72,Success,POS_Terminal,Verified,0,20
TXN000000231,CUST029300,2019-01-01,13:56,Savings,Credit_Card,6672.97,Debit,67364.58,Insurance,West Bengal,835,0,No loan,0.0,Success,Mobile_App,Verified,0,13
TXN000000232,CUST012875,2019-01-01,14:51,NRI,RTGS,172080.23,Credit,49669.14,Fuel,Maharashtra,339,0,No loan,0.0,Success,POS_Terminal,Pending,0,14
TXN000000233,CUST032712,2019-01-01,02:39,Salary,NEFT,2860.66,Debit,87842.19,Investment,Gujarat,872,0,No loan,0.0,Pending,Web,Verified,0,2
TXN000000234,CUST005540,2019-01-01,13:15,Current,ATM_Withdrawal,3000.0,Debit,32752.78,Entertainment,Rajasthan,739,1,Business,5528.9,Success,Mobile_App,Verified,0,13
TXN000000235,CUST053352,2019-01-01,11:10,Salary,UPI,1555.17,Credit,29112.68,Insurance,Gujarat,678,0,No loan,0.0,Success,Mobile_App,Verified,0,11
TXN000000236,CUST061268,2019-01-01,17:49,Salary,POS,8283.29,Debit,56572.91,Retail,Delhi,432,1,Education,4230.3,Success,Web,Verified,0,17
TXN000000237,CUST048355,2019-01-01,12:33,Savings,ATM_Withdrawal,5000.0,Debit,112659.17,Travel,Tamil Nadu,456,1,Auto,7900.24,Success,Mobile_App,Verified,0,12
TXN000000238,CUST002558,2019-01-01,04:14,Savings,RTGS,76599.41,Debit,42246.51,Retail,Maharashtra,633,0,No loan,0.0,Failed,Web,Verified,0,4
TXN000000239,CUST038361,2019-01-01,08:31,Savings,IMPS,19879.73,Debit,35218.35,Fuel,Rajasthan,369,1,Unknown,3790.34,Success,Mobile_App,Verified,0,8
TXN000000240,CUST002201,2019-01-01,06:09,Savings,ATM_Withdrawal,5000.0,Debit,4951.65,Food & Dining,Gujarat,307,0,No loan,0.0,Success,API,Verified,0,6
TXN000000241,CUST068498,2019-01-01,10:33,Current,UPI,829.61,Credit,5905.17,Retail,Maharashtra,766,0,No loan,0.0,Success,ATM,Verified,0,10
TXN000000242,CUST046976,2019-01-01,05:13,Savings,NEFT,25130.11,Debit,5416.65,Retail,Tamil Nadu,755,0,No loan,0.0,Success,Mobile_App,Verified,0,5
TXN000000243,CUST021358,2019-01-01,15:56,Salary,Cheque,1192.81,Credit,52767.11,Peer Transfer,Gujarat,636,0,No loan,0.0,Success,Mobile_App,Verified,0,15
TXN000000244,CUST077506,2019-01-01,00:16,Savings,NEFT,54580.63,Debit,11246.28,Salary,Delhi,693,0,No loan,0.0,Success,ATM,Verified,0,0
TXN000000245,CUST002870,2019-01-01,19:36,Savings,IMPS,2990.75,Debit,124127.92,Insurance,West Bengal,656,0,No loan,0.0,Success,Web,Verified,0,19
TXN000000246,CUST061136,2019-01-01,11:50,Savings,Cheque,31451.87,Credit,12407.86,Salary,Karnataka,306,0,No loan,0.0,Success,API,Verified,0,11
TXN000000247,CUST050109,2019-01-01,01:26,Salary,IMPS,1765.3,Debit,77857.74,Education,West Bengal,437,0,No loan,0.0,Success,POS_Terminal,Verified,0,1
TXN000000248,CUST038468,2019-01-01,20:58,Salary,NEFT,34043.65,Credit,115264.19,Retail,Delhi,649,0,No loan,0.0,Success,Mobile_App,Verified,0,20
TXN000000249,CUST023329,2019-01-01,13:29,Savings,UPI,6740.61,Debit,89618.79,Retail,Karnataka,509,1,Home,9008.22,Success,API,Verified,0,13
TXN000000250,CUST003988,2019-01-01,08:01,Current,UPI,438.7,Debit,18550.56,Salary,Tamil Nadu,438,0,No loan,0.0,Success,Branch,Verified,0,8
TXN000000251,CUST058872,2019-01-01,11:39,Current,UPI,138.36,Debit,15656.3,Investment,Karnataka,384,0,No loan,0.0,Success,Web,Verified,0,11
TXN000000252,CUST022400,2019-01-01,15:49,Salary,POS,866.24,Debit,9508.61,Government,Telangana,475,1,Education,15643.31,Failed,Mobile_App,Pending,0,15
TXN000000253,CUST046215,2019-01-01,13:59,Savings,IMPS,16072.23,Credit,22987.37,Salary,Tamil Nadu,394,1,Education,36261.33,Success,ATM,Verified,0,13
TXN000000254,CUST070272,2019-01-01,04:24,Savings,Auto_Debit,35544.47,Debit,22536.18,E-Commerce,Telangana,318,0,No loan,0.0,Failed,Branch,Verified,0,4
TXN000000255,CUST044065,2019-01-01,17:37,Current,RTGS,243324.09,Debit,49983.36,Healthcare,Tamil Nadu,301,0,No loan,0.0,Success,Mobile_App,Verified,0,17
TXN000000256,CUST070092,2019-01-01,19:37,Current,Auto_Debit,329.93,Debit,57390.38,Fuel,Rajasthan,634,0,No loan,0.0,Success,Mobile_App,Verified,0,19
TXN000000257,CUST040819,2019-01-01,10:46,NRI,ATM_Withdrawal,1000.0,Debit,158288.77,Peer Transfer,Maharashtra,685,1,Unknown,4139.92,Success,Mobile_App,Verified,0,10
TXN000000258,CUST045526,2019-01-01,11:49,Savings,Credit_Card,12364.07,Debit,7214.72,Utilities,UP,892,0,No loan,0.0,Success,Mobile_App,Verified,0,11
TXN000000259,CUST019831,2019-01-01,21:09,NRI,Net_Banking,63830.26,Credit,59775.75,Peer Transfer,Telangana,850,0,No loan,0.0,Success,Web,Expired,0,21
TXN000000260,CUST017430,2019-01-01,10:30,Savings,UPI,229.27,Credit,20183.05,Food & Dining,Tamil Nadu,492,0,No loan,0.0,Success,POS_Terminal,Verified,0,10
TXN000000261,CUST006894,2019-01-01,06:45,Current,UPI,2777.58,Debit,22074.1,Education,Delhi,329,1,Education,17523.44,Success,Mobile_App,Verified,0,6
TXN000000262,CUST079910,2019-01-01,18:00,Savings,ATM_Withdrawal,500.0,Debit,137695.15,Insurance,Delhi,533,1,Personal,3860.58,Success,Branch,Verified,0,18
TXN000000263,CUST047334,2019-01-01,10:39,Savings,IMPS,27247.08,Credit,6820.85,Government,Telangana,631,1,Education,2460.93,Success,Mobile_App,Verified,0,10
TXN000000264,CUST003437,2019-01-01,22:39,Savings,UPI,710.03,Credit,155343.82,Entertainment,Gujarat,311,0,No loan,0.0,Success,Mobile_App,Verified,0,22
TXN000000265,CUST074291,2019-01-01,13:47,Savings,ATM_Withdrawal,3000.0,Debit,8733.13,Salary,Gujarat,630,1,Auto,2974.94,Success,ATM,Verified,0,13
TXN000000266,CUST076214,2019-01-01,16:34,Savings,Net_Banking,18306.96,Debit,1137.22,Insurance,Punjab,554,0,No loan,0.0,Success,API,Verified,0,16
TXN000000267,CUST005896,2019-01-01,07:54,Fixed Deposit,ATM_Withdrawal,3000.0,Debit,87210.62,Utilities,Maharashtra,417,0,No loan,0.0,Success,Mobile_App,Pending,0,7
TXN000000268,CUST019739,2019-01-01,21:42,NRI,UPI,105.88,Debit,517664.93,Salary,Maharashtra,754,0,No loan,0.0,Failed,Branch,Verified,0,21
TXN000000269,CUST030747,2019-01-01,16:06,Savings,NEFT,1512.3,Debit,163243.11,Insurance,Karnataka,608,0,No loan,0.0,Failed,Branch,Verified,0,16
TXN000000270,CUST049378,2019-01-01,07:34,Current,RTGS,114075.95,Debit,40761.22,Fuel,Delhi,608,0,No loan,0.0,Success,Mobile_App,Verified,0,7
TXN000000271,CUST048405,2019-01-01,04:17,Savings,NEFT,3788.15,Debit,494344.55,Retail,West Bengal,704,0,No loan,0.0,Success,Web,Verified,0,4
TXN000000272,CUST054046,2019-01-01,23:03,Current,Credit_Card,418.37,Debit,343365.78,Food & Dining,Telangana,869,0,No loan,0.0,Success,Web,Verified,0,23
TXN000000273,CUST039791,2019-01-01,11:56,Savings,ATM_Withdrawal,500.0,Debit,147819.27,Fuel,Delhi,340,1,Personal,5055.09,Success,ATM,Verified,0,11
TXN000000274,CUST005601,2019-01-01,12:56,Salary,POS,410.73,Debit,6097.02,Peer Transfer,Gujarat,720,0,No loan,0.0,Success,Branch,Verified,0,12
TXN000000275,CUST040765,2019-01-01,07:23,Salary,UPI,589.33,Debit,99302.42,Entertainment,Telangana,887,1,Business,7355.07,Success,Mobile_App,Verified,0,7
TXN000000276,CUST074544,2019-01-01,07:47,Savings,UPI,232.45,Credit,107643.86,Travel,Maharashtra,728,0,No loan,0.0,Success,Mobile_App,Verified,0,7
TXN000000277,CUST045715,2019-01-01,14:57,Savings,Cheque,189678.16,Debit,31540.75,Peer Transfer,West Bengal,895,1,Home,976.16,Success,ATM,Verified,0,14
TXN000000278,CUST056836,2019-01-01,01:55,Current,UPI,113.19,Credit,4139.63,Retail,Maharashtra,623,0,No loan,0.0,Success,Web,Verified,0,1
TXN000000279,CUST073745,2019-01-01,20:29,Salary,IMPS,421.47,Debit,69041.71,Retail,Delhi,774,0,No loan,0.0,Success,Branch,Verified,0,20
TXN000000280,CUST056492,2019-01-01,08:06,Salary,POS,340.7,Debit,25204.15,Peer Transfer,Maharashtra,589,1,Home,9665.58,Success,Mobile_App,Verified,0,8
TXN000000281,CUST018590,2019-01-01,11:59,Current,Auto_Debit,3332.39,Debit,8060.18,Insurance,Tamil Nadu,401,0,No loan,0.0,Success,Mobile_App,Verified,0,11
TXN000000282,CUST043485,2019-01-01,11:33,Current,UPI,1847.96,Debit,20143.49,E-Commerce,Maharashtra,663,0,No loan,0.0,Success,ATM,Verified,0,11
TXN000000283,CUST036213,2019-01-01,11:49,Savings,Credit_Card,1670.2,Debit,33996.0,Education,Telangana,643,0,No loan,0.0,Success,Mobile_App,Verified,0,11
TXN000000284,CUST043526,2019-01-01,22:17,Fixed Deposit,ATM_Withdrawal,5000.0,Debit,23651.81,Government,Delhi,895,1,Personal,10586.77,Success,API,Verified,0,22
TXN000000285,CUST047203,2019-01-01,03:58,Fixed Deposit,IMPS,73.69,Credit,26200.19,Utilities,Gujarat,552,0,No loan,0.0,Success,Web,Verified,0,3
TXN000000286,CUST032636,2019-01-01,21:32,Fixed Deposit,ATM_Withdrawal,1000.0,Debit,8965.47,Peer Transfer,Delhi,726,1,Personal,18776.43,Success,Mobile_App,Verified,0,21
TXN000000287,CUST063209,2019-01-01,16:11,Savings,ATM_Withdrawal,2000.0,Debit,816.08,Investment,Maharashtra,844,0,No loan,0.0,Success,Web,Verified,0,16
TXN000000288,CUST033829,2019-01-01,13:35,Savings,Net_Banking,1814.45,Debit,17843.47,Retail,Maharashtra,365,0,No loan,0.0,Success,Branch,Verified,0,13
TXN000000289,CUST018712,2019-01-01,21:22,Current,POS,20937.16,Debit,11565.34,Utilities,Maharashtra,378,0,No loan,0.0,Success,Web,Verified,0,21
TXN000000290,CUST003421,2019-01-01,10:59,Salary,NEFT,1367.76,Debit,19180.23,Education,Telangana,686,1,Business,889.92,Success,Web,Verified,0,10
TXN000000291,CUST000302,2019-01-01,15:52,Savings,ATM_Withdrawal,500.0,Debit,1487.41,Retail,Maharashtra,714,0,No loan,0.0,Success,Mobile_App,Verified,0,15
TXN000000292,CUST045237,2019-01-01,01:05,Savings,RTGS,57143.19,Debit,147598.08,E-Commerce,Telangana,684,0,No loan,0.0,Failed,ATM,Verified,0,1
TXN000000293,CUST066236,2019-01-01,20:31,Savings,UPI,184.78,Debit,148039.82,Food & Dining,Gujarat,308,1,Gold,3841.34,Success,API,Pending,0,20
TXN000000294,CUST054241,2019-01-01,00:43,Savings,ATM_Withdrawal,2000.0,Debit,54675.55,Food & Dining,Maharashtra,471,1,Auto,1668.93,Success,POS_Terminal,Verified,0,0
TXN000000295,CUST065727,2019-01-01,11:49,NRI,UPI,47.38,Debit,24941.92,Healthcare,Delhi,583,0,No loan,0.0,Success,Mobile_App,Verified,0,11
TXN000000296,CUST010493,2019-01-01,22:58,Current,Credit_Card,316.34,Debit,7001.23,Education,West Bengal,589,1,Auto,4501.9,Success,API,Verified,0,22
TXN000000297,CUST006103,2019-01-01,10:25,Current,IMPS,14174.03,Debit,20934.1,Real Estate,Delhi,550,0,No loan,0.0,Pending,ATM,Verified,0,10
TXN000000298,CUST050337,2019-01-01,14:43,NRI,RTGS,34936.35,Debit,61870.71,Travel,Punjab,309,0,No loan,0.0,Success,Mobile_App,Verified,0,14
TXN000000299,CUST026642,2019-01-02,06:03,Savings,Auto_Debit,689.72,Debit,19785.52,Fuel,Maharashtra,580,0,No loan,0.0,Success,Mobile_App,Verified,0,6
TXN000000300,CUST034585,2019-01-02,06:54,Savings,UPI,363.63,Debit,352001.69,Retail,Telangana,608,0,No loan,0.0,Success,POS_Terminal,Verified,0,6
TXN000000301,CUST032746,2019-01-02,13:36,Current,POS,2014.42,Debit,73405.91,E-Commerce,Rajasthan,463,0,No loan,0.0,Success,Branch,Verified,0,13
TXN000000302,CUST023094,2019-01-02,05:41,Salary,RTGS,315277.96,Credit,2330.62,Travel,Karnataka,627,0,No loan,0.0,Success,Mobile_App,Verified,0,5
TXN000000303,CUST066106,2019-01-02,21:04,Current,ATM_Withdrawal,2000.0,Debit,11626.41,Travel,Maharashtra,619,0,No loan,0.0,Success,Mobile_App,Verified,0,21
TXN000000304,CUST051886,2019-01-02,16:34,Current,Net_Banking,2035.86,Debit,80278.24,E-Commerce,Maharashtra,476,0,No loan,0.0,Success,Web,Pending,0,16
TXN000000305,CUST036632,2019-01-02,09:48,Savings,IMPS,14597.09,Debit,8042.57,Education,Tamil Nadu,378,0,No loan,0.0,Pending,POS_Terminal,Verified,0,9
TXN000000306,CUST072992,2019-01-02,16:26,Salary,IMPS,2051.31,Debit,9372.77,E-Commerce,Karnataka,659,1,Auto,12965.43,Pending,Mobile_App,Verified,0,16
TXN000000307,CUST004015,2019-01-02,20:52,Current,Credit_Card,3310.33,Debit,11748.34,Healthcare,West Bengal,868,0,No loan,0.0,Success,Mobile_App,Verified,0,20
TXN000000308,CUST011094,2019-01-02,20:28,Fixed Deposit,UPI,688.26,Debit,11226.41,Government,Telangana,320,0,No loan,0.0,Success,ATM,Verified,0,20
TXN000000309,CUST018071,2019-01-02,09:01,Savings,RTGS,541970.25,Credit,28459.13,Education,Maharashtra,563,1,Business,1336.55,Failed,Mobile_App,Verified,0,9
TXN000000310,CUST035778,2019-01-02,19:13,Current,Net_Banking,3578.05,Credit,346950.88,Fuel,Karnataka,662,0,No loan,0.0,Success,ATM,Verified,0,19
TXN000000311,CUST056959,2019-01-02,15:48,Savings,POS,2357.97,Debit,112666.59,Real Estate,Telangana,419,0,No loan,0.0,Success,POS_Terminal,Verified,0,15
TXN000000312,CUST010730,2019-01-02,15:04,Savings,Auto_Debit,1348.22,Debit,12923.89,Healthcare,UP,473,1,Home,7338.3,Success,ATM,Verified,0,15
TXN000000313,CUST045018,2019-01-02,17:27,Salary,UPI,484.84,Debit,24043.14,Travel,Karnataka,621,1,Auto,8142.51,Success,Mobile_App,Verified,0,17
TXN000000314,CUST066321,2019-01-02,11:09,Savings,ATM_Withdrawal,2000.0,Debit,228728.89,Food & Dining,Karnataka,438,0,No loan,0.0,Success,Web,Pending,0,11
TXN000000315,CUST027752,2019-01-02,06:00,Fixed Deposit,UPI,6215.96,Debit,5810.36,Salary,Maharashtra,659,0,No loan,0.0,Success,POS_Terminal,Verified,0,6
TXN000000316,CUST078070,2019-01-02,04:46,Salary,NEFT,34801.95,Debit,107548.85,Travel,Karnataka,786,1,Home,3221.02,Success,Mobile_App,Verified,0,4
TXN000000317,CUST054749,2019-01-02,09:21,Current,ATM_Withdrawal,2000.0,Debit,16279.31,Education,Maharashtra,517,1,Unknown,2268.92,Success,Mobile_App,Verified,0,9
TXN000000318,CUST005802,2019-01-02,00:27,Salary,NEFT,6386.42,Credit,10281.72,Salary,Maharashtra,618,1,Personal,6810.57,Success,Web,Verified,0,0
TXN000000319,CUST019191,2019-01-02,01:23,Savings,IMPS,2218.51,Debit,10534.11,E-Commerce,Delhi,350,1,Gold,2715.74,Success,Mobile_App,Verified,0,1
TXN000000320,CUST049690,2019-01-02,04:50,Salary,UPI,1938.01,Debit,41790.53,Entertainment,Delhi,544,0,No loan,0.0,Success,Mobile_App,Verified,0,4
TXN000000321,CUST050994,2019-01-02,08:21,Fixed Deposit,UPI,262.82,Credit,41788.83,Travel,Delhi,485,0,No loan,0.0,Success,API,Verified,0,8
TXN000000322,CUST029593,2019-01-02,05:41,NRI,ATM_Withdrawal,3000.0,Debit,11516.11,Real Estate,UP,898,1,Business,1404.99,Success,Mobile_App,Verified,0,5
TXN000000323,CUST010648,2019-01-02,22:50,Savings,UPI,374.14,Credit,9706.9,E-Commerce,Gujarat,878,1,Home,1485.58,Success,Mobile_App,Verified,0,22
TXN000000324,CUST008717,2019-01-02,08:06,Current,ATM_Withdrawal,1000.0,Debit,58630.75,Investment,Delhi,587,0,No loan,0.0,Success,Web,Verified,0,8
TXN000000325,CUST070317,2019-01-02,02:21,Current,POS,700.43,Debit,7373.53,Insurance,Karnataka,464,1,Personal,1252.47,Success,Web,Pending,0,2
TXN000000326,CUST002369,2019-01-02,15:39,Savings,POS,34714.75,Debit,23591.3,Education,Maharashtra,829,1,Unknown,3141.82,Success,Mobile_App,Verified,0,15
TXN000000327,CUST077576,2019-01-02,16:40,Salary,UPI,663.41,Debit,19151.56,Education,Maharashtra,544,1,Auto,2558.47,Success,Mobile_App,Verified,0,16
TXN000000328,CUST006656,2019-01-02,22:51,Salary,UPI,801.96,Credit,65085.5,Peer Transfer,Karnataka,743,0,No loan,0.0,Success,Mobile_App,Verified,0,22
TXN000000329,CUST070032,2019-01-02,09:23,Salary,UPI,1028.41,Credit,119412.64,Utilities,Delhi,474,0,No loan,0.0,Reversed,ATM,Verified,0,9
TXN000000330,CUST076430,2019-01-02,00:54,Salary,ATM_Withdrawal,2000.0,Debit,58012.35,Education,Tamil Nadu,409,0,No loan,0.0,Success,POS_Terminal,Verified,0,0
TXN000000331,CUST055767,2019-01-02,07:03,Current,IMPS,47323.36,Debit,163088.54,Retail,Tamil Nadu,593,1,Auto,3797.59,Success,Mobile_App,Verified,0,7
TXN000000332,CUST013404,2019-01-02,05:28,Current,UPI,1729.56,Credit,41251.67,Food & Dining,Karnataka,583,0,No loan,0.0,Success,Mobile_App,Verified,0,5
TXN000000333,CUST032098,2019-01-02,17:47,Savings,UPI,3651.19,Credit,41170.31,Healthcare,Gujarat,844,0,No loan,0.0,Success,POS_Terminal,Verified,0,17
TXN000000334,CUST078658,2019-01-02,22:25,Current,Cheque,81289.82,Debit,2048.61,Healthcare,West Bengal,842,0,No loan,0.0,Success,POS_Terminal,Verified,0,22
TXN000000335,CUST010967,2019-01-02,05:02,Current,IMPS,1515.55,Credit,17370.14,Utilities,Telangana,404,0,No loan,0.0,Success,POS_Terminal,Verified,0,5
TXN000000336,CUST052922,2019-01-02,11:49,Current,ATM_Withdrawal,2000.0,Debit,32325.33,Government,West Bengal,341,1,Business,6365.68,Failed,Mobile_App,Verified,0,11
TXN000000337,CUST049727,2019-01-02,15:02,Savings,POS,783.65,Debit,4300.3,Government,Tamil Nadu,745,0,No loan,0.0,Success,Mobile_App,Verified,0,15
TXN000000338,CUST050301,2019-01-02,15:06,Current,UPI,281.53,Credit,64131.34,Government,Maharashtra,574,1,Home,12224.03,Success,Mobile_App,Verified,0,15
TXN000000339,CUST022678,2019-01-02,20:12,Current,RTGS,297416.15,Credit,51105.22,Food & Dining,Maharashtra,531,1,Gold,1543.65,Success,Mobile_App,Verified,0,20
TXN000000340,CUST055610,2019-01-02,14:22,Savings,Auto_Debit,1396.59,Debit,59949.28,Food & Dining,Telangana,863,0,No loan,0.0,Success,ATM,Verified,0,14
TXN000000341,CUST056662,2019-01-02,16:57,Salary,POS,1088.37,Debit,15420.49,Retail,Telangana,650,0,No loan,0.0,Success,POS_Terminal,Verified,0,16
TXN000000342,CUST031025,2019-01-02,07:47,Savings,UPI,5233.17,Credit,104560.73,Food & Dining,Punjab,774,0,No loan,0.0,Success,Mobile_App,Verified,0,7
TXN000000343,CUST070314,2019-01-02,13:44,Salary,UPI,1642.65,Credit,96002.62,Real Estate,Rajasthan,531,0,No loan,0.0,Success,Mobile_App,Verified,0,13
TXN000000344,CUST053007,2019-01-02,17:46,Current,ATM_Withdrawal,10000.0,Debit,170059.38,Investment,Karnataka,731,0,No loan,0.0,Success,ATM,Verified,0,17
TXN000000345,CUST015339,2019-01-02,01:26,Current,UPI,1345.29,Debit,34818.81,E-Commerce,Delhi,552,1,Home,20434.87,Success,Web,Verified,0,1
TXN000000346,CUST068028,2019-01-02,02:39,NRI,IMPS,2527.51,Debit,16830.14,Government,Rajasthan,321,0,No loan,0.0,Success,API,Verified,0,2
TXN000000347,CUST019509,2019-01-02,11:17,Current,IMPS,15833.72,Credit,9930.13,Real Estate,Tamil Nadu,479,1,Business,5297.87,Success,ATM,Verified,0,11
TXN000000348,CUST003052,2019-01-02,00:45,Savings,NEFT,3584.39,Debit,8156.24,Salary,Delhi,690,0,No loan,0.0,Success,Branch,Verified,0,0
TXN000000349,CUST048748,2019-01-02,14:00,Salary,UPI,415.78,Debit,45929.56,Retail,Karnataka,858,1,Personal,5303.93,Success,Mobile_App,Verified,0,14
TXN000000350,CUST054022,2019-01-02,01:50,Savings,NEFT,5192.68,Credit,6086.71,E-Commerce,Karnataka,696,1,Auto,6560.75,Success,Mobile_App,Verified,0,1
TXN000000351,CUST066413,2019-01-02,11:27,Current,Net_Banking,6915.2,Credit,31834.13,Healthcare,Tamil Nadu,763,0,No loan,0.0,Success,Web,Verified,0,11
TXN000000352,CUST058336,2019-01-02,17:55,Current,POS,1895.55,Debit,21789.67,Real Estate,Rajasthan,763,0,No loan,0.0,Success,Mobile_App,Verified,0,17
TXN000000353,CUST056180,2019-01-02,20:34,Salary,UPI,1121.84,Credit,73417.93,Fuel,Telangana,633,0,No loan,0.0,Success,Mobile_App,Verified,0,20
TXN000000354,CUST032094,2019-01-02,13:31,Savings,Auto_Debit,1260.07,Debit,173958.76,Salary,Karnataka,595,1,Personal,2455.68,Failed,Mobile_App,Verified,0,13
TXN000000355,CUST069679,2019-01-02,12:28,Current,ATM_Withdrawal,1000.0,Debit,4709.63,Travel,Gujarat,684,1,Education,4127.75,Success,Mobile_App,Verified,0,12
TXN000000356,CUST039735,2019-01-02,02:43,Savings,Auto_Debit,1760.02,Debit,55898.35,Food & Dining,Telangana,784,0,No loan,0.0,Success,POS_Terminal,Verified,0,2
TXN000000357,CUST072616,2019-01-02,06:48,Fixed Deposit,IMPS,444.6,Credit,264831.99,Retail,Karnataka,894,0,No loan,0.0,Success,Branch,Verified,0,6
TXN000000358,CUST073524,2019-01-02,07:57,Savings,Net_Banking,3484.39,Debit,72180.94,Salary,Rajasthan,362,0,No loan,0.0,Success,Web,Verified,0,7
TXN000000359,CUST017020,2019-01-02,17:15,Savings,UPI,181.13,Debit,56550.21,E-Commerce,Karnataka,745,0,No loan,0.0,Success,Mobile_App,Verified,0,17
TXN000000360,CUST073848,2019-01-02,04:45,Current,UPI,455.69,Credit,9602.16,Travel,Punjab,428,0,No loan,0.0,Failed,Branch,Verified,0,4
TXN000000361,CUST079635,2019-01-02,15:04,Savings,NEFT,9020.34,Credit,121572.77,E-Commerce,Karnataka,526,0,No loan,0.0,Success,ATM,Verified,0,15
TXN000000362,CUST028252,2019-01-02,13:27,Savings,NEFT,11202.21,Credit,37519.11,Retail,Gujarat,340,0,No loan,0.0,Failed,Web,Verified,0,13
TXN000000363,CUST025946,2019-01-02,12:11,NRI,NEFT,97711.52,Debit,116104.2,Healthcare,Maharashtra,640,0,No loan,0.0,Success,Mobile_App,Pending,0,12
TXN000000364,CUST032218,2019-01-02,01:21,Fixed Deposit,Auto_Debit,4770.61,Debit,74187.43,Salary,Karnataka,454,1,Business,4658.48,Success,Web,Verified,0,1
TXN000000365,CUST008309,2019-01-02,22:44,Current,UPI,456.81,Debit,9098.16,E-Commerce,Karnataka,765,0,No loan,0.0,Success,POS_Terminal,Verified,0,22
TXN000000366,CUST005950,2019-01-02,19:57,Salary,Net_Banking,11789.75,Credit,74363.94,Utilities,Rajasthan,416,0,No loan,0.0,Success,Mobile_App,Verified,0,19
TXN000000367,CUST051991,2019-01-02,04:33,Salary,POS,6609.7,Debit,7113.44,Retail,Maharashtra,661,0,No loan,0.0,Success,Web,Verified,0,4
TXN000000368,CUST001151,2019-01-02,13:40,NRI,UPI,2690.93,Credit,38660.31,Travel,Tamil Nadu,418,0,No loan,0.0,Success,POS_Terminal,Verified,0,13
TXN000000369,CUST074741,2019-01-02,23:48,Savings,NEFT,57748.72,Credit,15942.09,Education,Rajasthan,801,1,Gold,9290.17,Success,Mobile_App,Pending,0,23
TXN000000370,CUST066618,2019-01-02,12:51,NRI,IMPS,2830.06,Debit,1196072.47,Entertainment,West Bengal,531,0,No loan,0.0,Success,Web,Verified,0,12
TXN000000371,CUST016897,2019-01-02,17:50,Savings,RTGS,35722.38,Credit,108682.48,Travel,Delhi,453,0,No loan,0.0,Success,POS_Terminal,Verified,0,17
TXN000000372,CUST046176,2019-01-02,16:35,Current,UPI,176.12,Credit,165263.62,Retail,Delhi,847,0,No loan,0.0,Success,Mobile_App,Expired,0,16
TXN000000373,CUST007806,2019-01-02,02:24,Fixed Deposit,UPI,134.37,Debit,287330.54,Travel,Gujarat,891,0,No loan,0.0,Success,Web,Pending,0,2
TXN000000374,CUST005238,2019-01-02,01:10,Salary,UPI,2733.74,Credit,9295.31,Food & Dining,Tamil Nadu,851,1,Gold,2912.05,Success,ATM,Verified,0,1
TXN000000375,CUST020057,2019-01-02,00:44,Savings,ATM_Withdrawal,500.0,Debit,84564.13,Peer Transfer,Telangana,393,0,No loan,0.0,Success,Web,Verified,0,0
TXN000000376,CUST045544,2019-01-02,07:31,Current,NEFT,8071.45,Credit,28514.19,Peer Transfer,Tamil Nadu,558,0,No loan,0.0,Failed,API,Verified,0,7
TXN000000377,CUST056557,2019-01-02,08:06,Salary,Net_Banking,5432.96,Credit,14340.03,Government,Maharashtra,540,0,No loan,0.0,Success,Web,Verified,0,8
TXN000000378,CUST003344,2019-01-02,20:05,Salary,UPI,1309.16,Debit,191370.49,Travel,Delhi,884,0,No loan,0.0,Success,Web,Verified,0,20
TXN000000379,CUST013501,2019-01-02,11:38,Salary,UPI,2113.16,Credit,23860.71,Investment,Karnataka,850,0,No loan,0.0,Reversed,Branch,Verified,0,11
TXN000000380,CUST053223,2019-01-02,16:51,Salary,NEFT,17334.14,Credit,8267.53,Real Estate,Maharashtra,846,0,No loan,0.0,Success,Branch,Pending,0,16
TXN000000381,CUST029376,2019-01-02,03:34,Current,Auto_Debit,3113.25,Debit,38025.82,Peer Transfer,West Bengal,342,1,Home,1683.46,Pending,Mobile_App,Verified,0,3
TXN000000382,CUST009663,2019-01-02,06:34,Fixed Deposit,NEFT,1518.56,Credit,8363.32,Food & Dining,Tamil Nadu,494,1,Home,3392.52,Success,Mobile_App,Verified,0,6
TXN000000383,CUST016965,2019-01-02,13:24,Current,UPI,423.33,Credit,30507.23,Utilities,Delhi,888,1,Home,28151.78,Success,Branch,Verified,0,13
TXN000000384,CUST059639,2019-01-02,09:26,Savings,NEFT,27332.19,Credit,104121.51,Real Estate,Tamil Nadu,310,0,No loan,0.0,Pending,POS_Terminal,Verified,0,9
TXN000000385,CUST073667,2019-01-02,10:11,Savings,UPI,869.84,Debit,80292.72,Travel,Maharashtra,605,1,Home,11612.74,Success,POS_Terminal,Expired,0,10
TXN000000386,CUST067216,2019-01-02,22:03,Current,Cheque,34102.9,Debit,18189.45,Entertainment,Karnataka,771,1,Unknown,3223.34,Success,Web,Verified,0,22
TXN000000387,CUST069043,2019-01-02,10:59,Savings,UPI,2905.2,Credit,69465.26,Healthcare,Maharashtra,606,0,No loan,0.0,Success,Mobile_App,Verified,0,10
TXN000000388,CUST013285,2019-01-02,20:39,Savings,IMPS,14334.94,Credit,4468.72,Fuel,Delhi,563,1,Personal,6247.68,Success,Mobile_App,Expired,0,20
TXN000000389,CUST072790,2019-01-02,03:50,Current,Net_Banking,17627.75,Debit,260424.78,Retail,Delhi,888,0,No loan,0.0,Success,Mobile_App,Expired,0,3
TXN000000390,CUST061390,2019-01-02,03:03,Savings,UPI,2524.74,Debit,7313.61,Entertainment,Maharashtra,550,0,No loan,0.0,Success,ATM,Pending,0,3
TXN000000391,CUST009436,2019-01-02,06:48,Savings,Credit_Card,7539.6,Debit,44818.66,Travel,UP,580,0,No loan,0.0,Success,Web,Verified,0,6
TXN000000392,CUST054341,2019-01-02,15:11,Savings,Auto_Debit,986.71,Debit,19616.59,Utilities,Tamil Nadu,683,0,No loan,0.0,Pending,ATM,Expired,0,15
TXN000000393,CUST044079,2019-01-02,05:06,Savings,ATM_Withdrawal,2000.0,Debit,35307.94,Salary,Maharashtra,311,0,No loan,0.0,Success,Mobile_App,Verified,0,5
TXN000000394,CUST078833,2019-01-02,18:16,Savings,Auto_Debit,1191.69,Debit,10074.84,Retail,Delhi,779,0,No loan,0.0,Success,Web,Verified,0,18
TXN000000395,CUST051294,2019-01-02,16:57,Savings,Credit_Card,1686.62,Debit,79802.81,Salary,Tamil Nadu,726,1,Home,8546.85,Success,Mobile_App,Expired,0,16
TXN000000396,CUST078782,2019-01-02,00:13,Fixed Deposit,IMPS,16329.45,Debit,24730.19,Retail,Karnataka,347,1,Auto,2124.78,Failed,Mobile_App,Verified,0,0
TXN000000397,CUST060404,2019-01-02,03:01,Current,ATM_Withdrawal,500.0,Debit,27132.05,Food & Dining,Telangana,799,0,No loan,0.0,Success,Mobile_App,Verified,0,3
TXN000000398,CUST029125,2019-01-02,12:36,Savings,POS,3918.11,Debit,115627.3,E-Commerce,Gujarat,586,1,Home,2715.08,Reversed,Mobile_App,Verified,0,12
TXN000000399,CUST043920,2019-01-02,12:45,NRI,RTGS,542444.36,Credit,69799.08,Entertainment,Delhi,745,0,No loan,0.0,Success,ATM,Pending,0,12
TXN000000400,CUST035248,2019-01-02,10:01,Current,Net_Banking,14654.73,Debit,26513.86,Retail,Karnataka,323,0,No loan,0.0,Success,ATM,Verified,0,10
TXN000000401,CUST062753,2019-01-02,20:20,Savings,POS,921.13,Debit,32427.75,Food & Dining,Tamil Nadu,709,0,No loan,0.0,Success,Branch,Verified,0,20
TXN000000402,CUST056574,2019-01-02,20:37,NRI,Credit_Card,1876.36,Debit,14329.43,Retail,West Bengal,445,0,No loan,0.0,Success,Mobile_App,Verified,0,20
TXN000000403,CUST059102,2019-01-02,12:05,Salary,IMPS,8792.29,Debit,9402.86,Fuel,UP,428,0,No loan,0.0,Failed,API,Pending,0,12
TXN000000404,CUST026647,2019-01-02,22:17,Salary,Auto_Debit,2409.46,Debit,6105.55,Salary,Maharashtra,886,0,No loan,0.0,Success,Mobile_App,Verified,0,22
TXN000000405,CUST023050,2019-01-02,23:05,Current,UPI,135.16,Credit,10257.46,Utilities,Tamil Nadu,503,0,No loan,0.0,Success,Branch,Verified,0,23
TXN000000406,CUST079606,2019-01-02,04:59,Salary,IMPS,4671.52,Credit,97261.27,E-Commerce,Karnataka,795,0,No loan,0.0,Success,Branch,Verified,0,4
TXN000000407,CUST068386,2019-01-02,15:57,Salary,ATM_Withdrawal,2000.0,Debit,101730.02,Utilities,Tamil Nadu,873,0,No loan,0.0,Success,Web,Verified,0,15
TXN000000408,CUST040159,2019-01-02,09:15,Salary,UPI,727.27,Debit,19202.26,Healthcare,Maharashtra,845,1,Business,4535.87,Failed,Web,Verified,0,9
TXN000000409,CUST065418,2019-01-02,23:20,Savings,Auto_Debit,485.95,Debit,5897.13,Utilities,Karnataka,678,0,No loan,0.0,Success,Branch,Verified,0,23
TXN000000410,CUST023290,2019-01-02,13:37,NRI,UPI,1305.04,Debit,14464.82,Peer Transfer,Gujarat,759,0,No loan,0.0,Success,ATM,Verified,0,13
TXN000000411,CUST009824,2019-01-02,07:08,Savings,UPI,494.99,Debit,113997.7,Food & Dining,Maharashtra,626,0,No loan,0.0,Success,Mobile_App,Verified,0,7
TXN000000412,CUST060161,2019-01-02,00:22,Current,IMPS,944.09,Debit,167512.62,Retail,Karnataka,337,0,No loan,0.0,Success,Branch,Verified,0,0
TXN000000413,CUST041976,2019-01-02,04:17,Salary,Net_Banking,20883.5,Debit,149816.06,Entertainment,Maharashtra,384,1,Personal,3071.47,Success,Web,Verified,0,4
TXN000000414,CUST009541,2019-01-02,08:43,Current,Credit_Card,2680.69,Debit,98297.77,Retail,Maharashtra,339,1,Business,2785.17,Success,Web,Verified,0,8
TXN000000415,CUST016365,2019-01-02,07:49,Salary,Auto_Debit,16963.97,Debit,27132.62,E-Commerce,Karnataka,835,0,No loan,0.0,Success,Mobile_App,Verified,0,7
TXN000000416,CUST004612,2019-01-02,08:57,Savings,UPI,438.77,Credit,81522.2,Healthcare,West Bengal,895,0,No loan,0.0,Success,Branch,Verified,0,8
TXN000000417,CUST027664,2019-01-02,12:16,Savings,ATM_Withdrawal,2000.0,Debit,26048.55,Salary,UP,472,0,No loan,0.0,Success,Mobile_App,Verified,0,12
TXN000000418,CUST051992,2019-01-02,23:08,Savings,POS,435.05,Debit,34001.23,Travel,Karnataka,313,0,No loan,0.0,Success,Web,Verified,0,23
TXN000000419,CUST057680,2019-01-02,21:10,Salary,NEFT,27615.97,Debit,92845.9,Food & Dining,Delhi,338,0,No loan,0.0,Success,API,Verified,0,21
TXN000000420,CUST030978,2019-01-02,20:12,Current,RTGS,40228.2,Debit,16237.88,Education,Gujarat,876,0,No loan,0.0,Success,Web,Expired,1,20
TXN000000421,CUST049116,2019-01-02,00:42,Salary,NEFT,22339.17,Debit,287113.25,Food & Dining,Rajasthan,441,0,No loan,0.0,Success,POS_Terminal,Verified,0,0
TXN000000422,CUST060891,2019-01-02,15:49,NRI,POS,905.45,Debit,18671.85,Utilities,West Bengal,878,0,No loan,0.0,Success,Mobile_App,Expired,0,15
TXN000000423,CUST066388,2019-01-02,16:14,Salary,UPI,1788.31,Debit,10915.73,Entertainment,Karnataka,477,0,No loan,0.0,Success,Web,Pending,1,16
TXN000000424,CUST018072,2019-01-02,11:32,Current,IMPS,2948.96,Debit,87383.32,Salary,Tamil Nadu,825,0,No loan,0.0,Success,Web,Verified,0,11
TXN000000425,CUST059276,2019-01-02,06:02,Salary,Net_Banking,3495.55,Debit,36781.47,Healthcare,Rajasthan,426,0,No loan,0.0,Success,Web,Verified,0,6
TXN000000426,CUST072370,2019-01-02,05:18,Savings,Cheque,80091.36,Credit,264315.04,Healthcare,Delhi,880,1,Home,15890.89,Success,Mobile_App,Verified,0,5
TXN000000427,CUST011939,2019-01-02,16:59,Current,ATM_Withdrawal,1000.0,Debit,2959.18,Investment,West Bengal,496,0,No loan,0.0,Success,Mobile_App,Verified,0,16
TXN000000428,CUST035196,2019-01-02,00:21,Fixed Deposit,POS,36.75,Debit,43016.28,Government,Karnataka,705,1,Home,7809.27,Pending,ATM,Verified,0,0
TXN000000429,CUST004001,2019-01-02,19:30,Savings,NEFT,10277.45,Debit,7612.66,Real Estate,Punjab,764,1,Gold,26454.16,Success,ATM,Verified,0,19
TXN000000430,CUST070589,2019-01-02,06:46,Savings,UPI,2595.66,Credit,18022.98,Government,Gujarat,768,0,No loan,0.0,Success,Mobile_App,Verified,0,6
TXN000000431,CUST038305,2019-01-02,13:03,Salary,Net_Banking,14680.79,Credit,28752.78,Food & Dining,UP,708,0,No loan,0.0,Success,Mobile_App,Verified,0,13
TXN000000432,CUST069450,2019-01-02,06:30,Savings,POS,3973.06,Debit,54480.23,Retail,Karnataka,747,0,No loan,0.0,Success,Mobile_App,Verified,0,6
TXN000000433,CUST020765,2019-01-02,11:52,Savings,UPI,915.0,Credit,139489.21,Fuel,Telangana,787,0,No loan,0.0,Success,ATM,Verified,0,11
TXN000000434,CUST038495,2019-01-02,21:16,Savings,UPI,394.07,Debit,237090.05,Healthcare,Tamil Nadu,394,1,Personal,18268.89,Success,POS_Terminal,Verified,0,21
TXN000000435,CUST003374,2019-01-02,01:40,Salary,Auto_Debit,10828.67,Debit,189835.34,Entertainment,Rajasthan,610,1,Business,3996.4,Success,Mobile_App,Verified,0,1
TXN000000436,CUST012162,2019-01-02,14:44,Savings,UPI,762.64,Credit,117545.19,Real Estate,Tamil Nadu,341,0,No loan,0.0,Success,Web,Expired,0,14
TXN000000437,CUST027351,2019-01-02,06:49,Savings,Credit_Card,17575.75,Debit,31257.04,Real Estate,UP,863,0,No loan,0.0,Success,API,Verified,0,6
TXN000000438,CUST025352,2019-01-02,13:10,Salary,UPI,305.0,Debit,11266.01,E-Commerce,Delhi,790,0,No loan,0.0,Success,Mobile_App,Verified,0,13
TXN000000439,CUST015306,2019-01-02,13:29,Savings,NEFT,19942.07,Credit,17874.12,Salary,Karnataka,588,0,No loan,0.0,Success,Web,Verified,0,13
TXN000000440,CUST075354,2019-01-02,00:39,Salary,UPI,1019.26,Debit,14040.93,Utilities,Rajasthan,739,1,Education,3200.66,Success,Web,Verified,0,0
TXN000000441,CUST076798,2019-01-02,17:09,Salary,ATM_Withdrawal,3000.0,Debit,68752.8,Travel,Gujarat,890,1,Personal,5704.5,Failed,Web,Verified,0,17
TXN000000442,CUST065954,2019-01-02,20:53,Savings,IMPS,136.77,Debit,5941.4,Food & Dining,Maharashtra,465,1,Gold,6333.81,Success,Mobile_App,Expired,0,20
TXN000000443,CUST057459,2019-01-02,07:46,NRI,Cheque,12164.63,Debit,9120.3,Food & Dining,Gujarat,521,0,No loan,0.0,Success,Web,Verified,0,7
TXN000000444,CUST020359,2019-01-02,02:12,Salary,NEFT,7945.43,Credit,99603.61,Utilities,Delhi,544,0,No loan,0.0,Success,Web,Verified,0,2
TXN000000445,CUST003268,2019-01-02,12:24,NRI,NEFT,247262.62,Debit,49626.3,Investment,Gujarat,413,0,No loan,0.0,Pending,Web,Verified,0,12
TXN000000446,CUST038514,2019-01-02,22:38,Current,NEFT,1257.69,Credit,446739.09,Insurance,Maharashtra,361,1,Personal,3056.72,Success,Mobile_App,Verified,0,22
TXN000000447,CUST026093,2019-01-02,15:48,Salary,ATM_Withdrawal,500.0,Debit,27721.05,Utilities,UP,782,0,No loan,0.0,Success,Mobile_App,Verified,0,15
TXN000000448,CUST011339,2019-01-02,10:19,Current,RTGS,104447.17,Debit,5954.49,Peer Transfer,Gujarat,425,0,No loan,0.0,Success,POS_Terminal,Verified,0,10
TXN000000449,CUST000413,2019-01-02,02:47,Savings,Cheque,175179.6,Debit,18558.03,E-Commerce,Punjab,469,0,No loan,0.0,Success,POS_Terminal,Verified,0,2
TXN000000450,CUST007544,2019-01-02,05:19,Salary,NEFT,37327.22,Credit,7654.45,Utilities,Delhi,386,0,No loan,0.0,Success,Branch,Verified,0,5
TXN000000451,CUST033497,2019-01-02,09:07,Savings,UPI,1746.86,Debit,65137.86,Utilities,Karnataka,357,0,No loan,0.0,Success,Web,Verified,0,9
TXN000000452,CUST060693,2019-01-02,13:06,Current,UPI,952.31,Credit,109659.12,Retail,Tamil Nadu,745,0,No loan,0.0,Success,Branch,Verified,0,13
TXN000000453,CUST044426,2019-01-02,02:52,Current,NEFT,7864.13,Debit,29938.35,Food & Dining,Tamil Nadu,442,1,Auto,3194.31,Success,Web,Verified,0,2
TXN000000454,CUST038757,2019-01-02,19:38,Savings,UPI,687.6,Debit,16054.44,Travel,Delhi,838,0,No loan,0.0,Success,Mobile_App,Expired,0,19
TXN000000455,CUST018889,2019-01-02,00:29,Savings,Auto_Debit,623.35,Debit,116850.42,Healthcare,Tamil Nadu,464,1,Business,10255.39,Success,Mobile_App,Verified,0,0
TXN000000456,CUST035736,2019-01-02,09:17,NRI,NEFT,6583.66,Debit,89396.27,Salary,West Bengal,783,0,No loan,0.0,Success,Mobile_App,Verified,0,9
TXN000000457,CUST047296,2019-01-02,19:12,NRI,RTGS,29905.1,Credit,100148.21,Fuel,Tamil Nadu,777,0,No loan,0.0,Success,Mobile_App,Pending,0,19
TXN000000458,CUST017956,2019-01-02,21:29,Savings,IMPS,7514.18,Credit,13680.38,Salary,Tamil Nadu,591,0,No loan,0.0,Success,Web,Pending,0,21
TXN000000459,CUST037842,2019-01-02,11:05,Salary,Auto_Debit,1645.28,Debit,3919.57,Salary,Tamil Nadu,859,0,No loan,0.0,Success,Web,Verified,0,11
TXN000000460,CUST070641,2019-01-02,14:36,Current,NEFT,21983.63,Credit,3213.7,Insurance,Tamil Nadu,607,1,Unknown,4523.31,Success,API,Verified,0,14
TXN000000461,CUST065511,2019-01-02,15:56,Savings,Auto_Debit,4620.24,Debit,15399.81,Travel,Telangana,621,0,No loan,0.0,Success,Mobile_App,Verified,0,15
TXN000000462,CUST034912,2019-01-02,13:20,Current,UPI,305.77,Credit,24209.64,Insurance,UP,522,0,No loan,0.0,Success,API,Verified,0,13
TXN000000463,CUST059032,2019-01-02,14:18,Savings,UPI,50.16,Credit,61457.94,Retail,Maharashtra,476,0,No loan,0.0,Success,ATM,Verified,0,14
TXN000000464,CUST007358,2019-01-02,18:31,Current,IMPS,4347.21,Debit,66564.26,Travel,UP,513,0,No loan,0.0,Failed,POS_Terminal,Verified,0,18
TXN000000465,CUST032480,2019-01-02,06:18,Fixed Deposit,POS,287.47,Debit,45798.4,E-Commerce,Delhi,843,0,No loan,0.0,Success,Web,Verified,0,6
TXN000000466,CUST061477,2019-01-02,17:26,Savings,POS,601.09,Debit,34127.26,Travel,Telangana,809,1,Unknown,2269.07,Success,Branch,Verified,0,17
TXN000000467,CUST044812,2019-01-02,17:17,Savings,Net_Banking,14851.6,Credit,6811.9,Healthcare,Tamil Nadu,489,0,No loan,0.0,Success,Mobile_App,Expired,0,17
TXN000000468,CUST036209,2019-01-02,09:18,Current,Net_Banking,12527.17,Credit,33814.49,Government,Gujarat,409,0,No loan,0.0,Success,Mobile_App,Verified,0,9
TXN000000469,CUST020151,2019-01-02,07:39,Current,RTGS,84342.17,Debit,34586.12,Government,Maharashtra,442,1,Education,8716.29,Success,Mobile_App,Verified,0,7
TXN000000470,CUST071181,2019-01-02,12:10,Salary,Cheque,4366.13,Debit,27542.78,Investment,West Bengal,754,0,No loan,0.0,Success,API,Verified,0,12
TXN000000471,CUST043287,2019-01-02,06:33,Savings,POS,3243.8,Debit,21061.77,Peer Transfer,Karnataka,581,1,Business,10418.05,Success,POS_Terminal,Verified,0,6
TXN000000472,CUST068451,2019-01-02,07:17,Current,ATM_Withdrawal,2000.0,Debit,1814.57,Retail,Tamil Nadu,435,0,No loan,0.0,Success,POS_Terminal,Verified,0,7
TXN000000473,CUST021353,2019-01-02,00:05,NRI,RTGS,85529.56,Debit,23164.37,Utilities,West Bengal,378,0,No loan,0.0,Success,Web,Verified,0,0
TXN000000474,CUST055070,2019-01-02,16:23,NRI,NEFT,6216.79,Debit,42742.58,Entertainment,Maharashtra,624,0,No loan,0.0,Success,Mobile_App,Verified,0,16
TXN000000475,CUST014398,2019-01-02,01:36,NRI,RTGS,68425.69,Debit,63110.25,Peer Transfer,Tamil Nadu,888,0,No loan,0.0,Success,Mobile_App,Verified,0,1
TXN000000476,CUST041556,2019-01-02,19:35,Salary,UPI,2192.49,Debit,8324.48,Real Estate,Karnataka,591,0,No loan,0.0,Success,POS_Terminal,Verified,0,19
TXN000000477,CUST046960,2019-01-02,03:16,Fixed Deposit,IMPS,225.5,Credit,8639.28,Travel,West Bengal,400,0,No loan,0.0,Success,Web,Verified,0,3
TXN000000478,CUST000729,2019-01-02,17:32,Savings,POS,1628.09,Debit,19648.1,Travel,Tamil Nadu,458,1,Auto,1993.35,Success,Mobile_App,Verified,0,17
TXN000000479,CUST050518,2019-01-02,06:01,Savings,UPI,3901.46,Credit,63904.16,Salary,Gujarat,598,0,No loan,0.0,Success,Web,Verified,0,6
TXN000000480,CUST066235,2019-01-02,02:46,Current,Cheque,24712.98,Debit,3879.2,Healthcare,Rajasthan,561,0,No loan,0.0,Success,Web,Verified,0,2
TXN000000481,CUST039955,2019-01-02,19:58,Savings,UPI,2487.39,Credit,54209.44,Retail,Karnataka,883,0,No loan,0.0,Success,Mobile_App,Verified,0,19
TXN000000482,CUST047281,2019-01-02,00:45,Current,NEFT,17452.89,Debit,75580.95,Real Estate,Maharashtra,423,1,Gold,3857.17,Success,API,Verified,0,0
TXN000000483,CUST079460,2019-01-02,09:10,Current,POS,5726.82,Debit,8979.56,Peer Transfer,West Bengal,693,0,No loan,0.0,Success,Web,Verified,0,9
TXN000000484,CUST016780,2019-01-02,21:38,Savings,UPI,1194.24,Debit,13939.42,Salary,West Bengal,462,0,No loan,0.0,Success,ATM,Verified,0,21
TXN000000485,CUST063933,2019-01-02,21:09,Savings,UPI,2842.65,Credit,129100.96,Food & Dining,Telangana,854,1,Home,4631.08,Success,Web,Verified,0,21
TXN000000486,CUST072937,2019-01-02,12:32,Salary,ATM_Withdrawal,1000.0,Debit,67858.38,E-Commerce,Karnataka,478,0,No loan,0.0,Success,Web,Verified,0,12
TXN000000487,CUST024467,2019-01-02,19:09,Savings,ATM_Withdrawal,3000.0,Debit,18416.96,Travel,UP,775,1,Home,14322.44,Success,Mobile_App,Verified,0,19
TXN000000488,CUST036940,2019-01-02,10:14,Current,Net_Banking,6432.4,Credit,8605.22,E-Commerce,Karnataka,521,0,No loan,0.0,Success,POS_Terminal,Verified,0,10
TXN000000489,CUST069897,2019-01-02,08:37,Savings,RTGS,203312.39,Credit,219965.13,Healthcare,Maharashtra,509,0,No loan,0.0,Success,POS_Terminal,Verified,0,8
TXN000000490,CUST035271,2019-01-02,05:15,Savings,RTGS,262580.08,Credit,57178.06,Retail,Tamil Nadu,655,1,Home,4063.77,Success,Mobile_App,Verified,0,5
TXN000000491,CUST059164,2019-01-02,23:23,Savings,RTGS,448803.82,Credit,33313.5,E-Commerce,Gujarat,720,0,No loan,0.0,Success,ATM,Verified,0,23
TXN000000492,CUST051935,2019-01-02,11:48,Salary,Cheque,5346.05,Debit,169410.63,Retail,Tamil Nadu,731,1,Home,2710.76,Success,Web,Verified,0,11
TXN000000493,CUST064896,2019-01-02,15:36,Savings,UPI,450.16,Credit,286396.26,Education,Rajasthan,715,1,Home,3333.18,Failed,Branch,Expired,0,15
TXN000000494,CUST032308,2019-01-02,06:52,Fixed Deposit,IMPS,5567.66,Credit,32787.75,E-Commerce,Karnataka,796,0,No loan,0.0,Success,Mobile_App,Verified,0,6
TXN000000495,CUST054099,2019-01-02,23:28,NRI,UPI,6474.11,Debit,89469.65,Real Estate,Maharashtra,885,0,No loan,0.0,Success,Mobile_App,Verified,0,23
TXN000000496,CUST060922,2019-01-02,01:08,Salary,UPI,2678.39,Credit,33758.16,Travel,Rajasthan,588,1,Personal,6344.31,Success,Web,Verified,0,1
TXN000000497,CUST005487,2019-01-02,06:04,NRI,IMPS,12166.71,Credit,31847.14,Insurance,West Bengal,607,1,Personal,5119.45,Success,Web,Verified,0,6
TXN000000498,CUST008336,2019-01-02,11:55,Current,Cheque,136837.26,Credit,25489.54,E-Commerce,Telangana,441,0,No loan,0.0,Success,POS_Terminal,Verified,0,11
TXN000000499,CUST011131,2019-01-02,20:15,Savings,NEFT,57579.98,Debit,41466.78,Peer Transfer,UP,468,0,No loan,0.0,Success,Mobile_App,Pending,0,20
TXN000000500,CUST060567,2019-01-02,01:10,Fixed Deposit,Credit_Card,189.23,Debit,1451.55,Travel,Karnataka,684,1,Auto,21513.82,Success,Web,Verified,0,1
TXN000000501,CUST066704,2019-01-02,23:57,Savings,UPI,177.76,Credit,273798.66,Retail,West Bengal,664,0,No loan,0.0,Success,Web,Verified,0,23
TXN000000502,CUST027193,2019-01-02,09:26,Savings,IMPS,1229.61,Debit,25714.5,Utilities,Tamil Nadu,864,0,No loan,0.0,Success,Mobile_App,Verified,0,9
TXN000000503,CUST001063,2019-01-02,01:56,Savings,RTGS,177768.29,Credit,23038.0,Food & Dining,Gujarat,837,0,No loan,0.0,Success,Web,Pending,0,1
TXN000000504,CUST021546,2019-01-02,07:38,Savings,Auto_Debit,4342.9,Debit,55874.99,E-Commerce,West Bengal,415,1,Auto,2122.68,Success,API,Verified,0,7
TXN000000505,CUST021690,2019-01-02,00:10,NRI,Credit_Card,4837.84,Debit,32763.75,Food & Dining,West Bengal,561,0,No loan,0.0,Success,Mobile_App,Verified,0,0
TXN000000506,CUST011175,2019-01-02,20:40,Savings,NEFT,5717.03,Debit,72146.12,Government,Delhi,597,0,No loan,0.0,Success,Mobile_App,Verified,0,20
TXN000000507,CUST009349,2019-01-02,09:14,Fixed Deposit,ATM_Withdrawal,5000.0,Debit,162913.69,Investment,Telangana,611,0,No loan,0.0,Success,Web,Verified,0,9
TXN000000508,CUST023715,2019-01-02,09:19,Savings,Net_Banking,3477.45,Debit,466343.06,Real Estate,UP,812,1,Personal,1720.35,Success,Mobile_App,Verified,0,9
TXN000000509,CUST038103,2019-01-02,15:17,Savings,UPI,554.73,Credit,38535.17,Food & Dining,Tamil Nadu,400,1,Home,10183.95,Failed,Mobile_App,Verified,0,15
TXN000000510,CUST074461,2019-01-02,05:56,Current,Net_Banking,40826.89,Debit,257067.73,Utilities,Rajasthan,788,0,No loan,0.0,Success,Web,Verified,0,5
TXN000000511,CUST006802,2019-01-02,19:04,Savings,NEFT,8899.53,Credit,23613.35,Fuel,Tamil Nadu,587,0,No loan,0.0,Success,Web,Verified,0,19
TXN000000512,CUST072268,2019-01-02,14:19,Current,NEFT,2329.05,Debit,12754.82,Fuel,Maharashtra,583,1,Business,688.84,Success,Web,Verified,0,14
TXN000000513,CUST048137,2019-01-02,17:23,NRI,UPI,278.25,Credit,44102.67,E-Commerce,Delhi,712,1,Auto,2100.7,Success,POS_Terminal,Verified,0,17
TXN000000514,CUST023626,2019-01-02,02:22,Current,UPI,4520.03,Debit,24330.57,Fuel,Maharashtra,869,1,Home,4388.58,Success,Mobile_App,Verified,0,2
TXN000000515,CUST072593,2019-01-02,17:06,Savings,Auto_Debit,814.2,Debit,21745.71,Education,Telangana,428,1,Unknown,5686.15,Success,API,Verified,0,17
TXN000000516,CUST077053,2019-01-02,22:11,Current,UPI,1303.91,Debit,530240.49,Entertainment,West Bengal,856,0,No loan,0.0,Success,Branch,Verified,0,22
TXN000000517,CUST044262,2019-01-02,08:21,Salary,UPI,1287.05,Credit,3912.49,E-Commerce,Telangana,427,1,Personal,6095.2,Success,Branch,Verified,0,8
TXN000000518,CUST001543,2019-01-02,05:07,Savings,RTGS,65896.33,Debit,38641.58,Insurance,Karnataka,824,0,No loan,0.0,Success,Mobile_App,Verified,0,5
TXN000000519,CUST021678,2019-01-02,18:27,Savings,UPI,357.02,Debit,4683.24,Travel,Telangana,850,0,No loan,0.0,Success,Mobile_App,Verified,0,18
TXN000000520,CUST046733,2019-01-02,11:26,Salary,UPI,253.71,Debit,5259.61,Fuel,Punjab,525,0,No loan,0.0,Reversed,Mobile_App,Pending,0,11
TXN000000521,CUST050344,2019-01-02,23:31,Current,UPI,4763.57,Debit,29913.33,Utilities,Karnataka,663,1,Home,5661.96,Success,API,Verified,0,23
TXN000000522,CUST039082,2019-01-02,11:17,Savings,RTGS,80467.44,Credit,56381.88,Salary,Maharashtra,544,1,Home,1315.1,Success,Mobile_App,Verified,0,11
TXN000000523,CUST062857,2019-01-02,13:15,Salary,IMPS,2997.64,Debit,73839.26,Travel,Tamil Nadu,832,1,Business,4225.42,Success,ATM,Pending,0,13
TXN000000524,CUST019066,2019-01-02,22:42,Savings,UPI,5736.96,Debit,112063.16,Government,Delhi,855,0,No loan,0.0,Success,Web,Expired,0,22
TXN000000525,CUST054694,2019-01-02,01:43,Savings,UPI,1217.17,Debit,3987.27,E-Commerce,Gujarat,878,0,No loan,0.0,Success,Mobile_App,Verified,0,1
TXN000000526,CUST026963,2019-01-02,02:04,Current,Net_Banking,87587.03,Debit,50875.05,Peer Transfer,UP,783,1,Personal,901.33,Success,Mobile_App,Verified,0,2
TXN000000527,CUST028296,2019-01-02,17:19,NRI,UPI,1789.07,Credit,23871.34,Retail,Delhi,716,0,No loan,0.0,Success,Mobile_App,Pending,0,17
TXN000000528,CUST013808,2019-01-02,17:00,Savings,ATM_Withdrawal,2000.0,Debit,98659.6,Retail,Rajasthan,776,1,Home,9226.37,Success,Mobile_App,Verified,0,17
TXN000000529,CUST042349,2019-01-02,03:48,Salary,UPI,247.67,Debit,6849.89,Investment,Maharashtra,614,1,Gold,6405.85,Success,POS_Terminal,Verified,0,3
TXN000000530,CUST026433,2019-01-02,21:47,Savings,POS,1073.25,Debit,31544.03,Travel,Delhi,434,0,No loan,0.0,Success,Mobile_App,Verified,0,21
TXN000000531,CUST057855,2019-01-02,02:11,Current,IMPS,11612.85,Debit,88634.18,Salary,Punjab,532,1,Auto,16603.47,Success,POS_Terminal,Verified,0,2
TXN000000532,CUST040263,2019-01-02,22:02,Savings,UPI,529.42,Credit,15159.39,Peer Transfer,Tamil Nadu,362,0,No loan,0.0,Success,Web,Verified,0,22
TXN000000533,CUST037081,2019-01-02,07:24,Current,UPI,426.25,Debit,109892.4,Education,Telangana,876,0,No loan,0.0,Success,POS_Terminal,Verified,0,7
TXN000000534,CUST001325,2019-01-02,17:37,Salary,IMPS,7650.55,Debit,63644.68,Healthcare,Gujarat,541,0,No loan,0.0,Success,Mobile_App,Expired,0,17
TXN000000535,CUST035910,2019-01-02,04:16,Savings,IMPS,3413.61,Debit,42283.1,Utilities,West Bengal,824,0,No loan,0.0,Success,Mobile_App,Verified,0,4
TXN000000536,CUST019871,2019-01-02,20:26,Savings,Cheque,55736.87,Debit,19532.96,Peer Transfer,Maharashtra,590,0,No loan,0.0,Success,Web,Verified,0,20
TXN000000537,CUST034579,2019-01-02,13:00,Savings,RTGS,126840.27,Debit,31555.36,Utilities,Tamil Nadu,419,1,Home,6821.86,Success,Web,Verified,0,13
TXN000000538,CUST072125,2019-01-02,13:34,NRI,IMPS,2625.11,Debit,42220.07,Education,West Bengal,592,0,No loan,0.0,Success,Mobile_App,Verified,0,13
TXN000000539,CUST026791,2019-01-02,04:48,Current,IMPS,6614.85,Debit,12171.8,E-Commerce,Delhi,357,0,No loan,0.0,Success,POS_Terminal,Verified,0,4
TXN000000540,CUST025290,2019-01-02,00:10,Savings,RTGS,132816.57,Debit,65060.36,Retail,Telangana,716,0,No loan,0.0,Failed,Branch,Verified,0,0
TXN000000541,CUST055130,2019-01-02,05:59,Savings,IMPS,1163.39,Credit,1601.3,Education,Maharashtra,755,1,Home,8944.18,Success,Mobile_App,Verified,0,5
TXN000000542,CUST015486,2019-01-02,21:11,Savings,UPI,2195.3,Debit,3294.06,E-Commerce,Rajasthan,854,1,Auto,3719.12,Success,Branch,Verified,0,21
TXN000000543,CUST044483,2019-01-02,08:15,Current,Cheque,48349.6,Debit,29249.22,Healthcare,UP,795,0,No loan,0.0,Success,Mobile_App,Verified,0,8
TXN000000544,CUST004749,2019-01-02,10:42,Salary,IMPS,2975.13,Debit,20396.36,Entertainment,Gujarat,660,0,No loan,0.0,Success,API,Verified,0,10
TXN000000545,CUST009436,2019-01-02,16:46,Salary,NEFT,3315.77,Credit,93964.46,Retail,Maharashtra,330,0,No loan,0.0,Success,API,Verified,0,16
TXN000000546,CUST003710,2019-01-02,01:17,Current,UPI,900.71,Credit,363391.55,Peer Transfer,Gujarat,452,0,No loan,0.0,Success,ATM,Verified,0,1
TXN000000547,CUST030356,2019-01-02,13:12,Salary,UPI,242.47,Debit,30669.0,Peer Transfer,Tamil Nadu,509,1,Home,2061.75,Success,Web,Verified,0,13
TXN000000548,CUST055772,2019-01-02,10:04,Current,UPI,1791.16,Credit,34927.06,Government,Telangana,382,0,No loan,0.0,Success,Web,Verified,0,10
TXN000000549,CUST057800,2019-01-02,23:13,Savings,UPI,1167.11,Debit,34136.63,Food & Dining,Delhi,672,0,No loan,0.0,Success,Mobile_App,Verified,0,23
TXN000000550,CUST013117,2019-01-02,17:11,NRI,UPI,594.11,Debit,19529.12,Peer Transfer,Maharashtra,427,1,Personal,4284.24,Success,ATM,Verified,0,17
TXN000000551,CUST025471,2019-01-02,14:57,Salary,NEFT,1494.77,Credit,28598.34,Healthcare,Tamil Nadu,336,0,No loan,0.0,Success,Web,Verified,0,14
TXN000000552,CUST042345,2019-01-02,16:25,Salary,NEFT,4968.25,Debit,1515.48,Salary,Tamil Nadu,682,0,No loan,0.0,Success,POS_Terminal,Verified,0,16
TXN000000553,CUST042919,2019-01-02,01:25,Salary,NEFT,9310.16,Debit,3986.02,Peer Transfer,UP,490,0,No loan,0.0,Success,API,Verified,0,1
TXN000000554,CUST052225,2019-01-02,21:35,Savings,Net_Banking,2468.26,Debit,9451.57,Food & Dining,Gujarat,319,0,No loan,0.0,Success,Web,Verified,0,21
TXN000000555,CUST039299,2019-01-02,21:12,Salary,UPI,277.3,Debit,33192.53,Utilities,West Bengal,888,1,Personal,2239.15,Success,Web,Expired,0,21
TXN000000556,CUST061630,2019-01-02,01:21,NRI,NEFT,12300.75,Debit,13196.1,Entertainment,Karnataka,441,1,Home,10015.2,Success,ATM,Verified,0,1
TXN000000557,CUST066041,2019-01-02,03:20,NRI,POS,1182.76,Debit,8545.39,Travel,West Bengal,363,1,Personal,2058.23,Success,Branch,Verified,0,3
TXN000000558,CUST028017,2019-01-02,14:40,Savings,ATM_Withdrawal,10000.0,Debit,9295.44,Insurance,Punjab,369,0,No loan,0.0,Success,POS_Terminal,Verified,0,14
TXN000000559,CUST023961,2019-01-02,23:32,Current,Auto_Debit,1401.43,Debit,121406.52,Healthcare,Karnataka,618,0,No loan,0.0,Success,ATM,Verified,0,23
TXN000000560,CUST033592,2019-01-02,04:15,Savings,UPI,71.46,Credit,26824.42,Education,Gujarat,815,0,No loan,0.0,Success,POS_Terminal,Verified,0,4
TXN000000561,CUST067642,2019-01-02,17:22,Current,ATM_Withdrawal,1000.0,Debit,7235.97,Retail,Rajasthan,561,0,No loan,0.0,Success,POS_Terminal,Pending,0,17
TXN000000562,CUST036396,2019-01-02,18:03,Savings,Net_Banking,129432.11,Debit,54258.49,Peer Transfer,West Bengal,776,0,No loan,0.0,Success,Mobile_App,Verified,0,18
TXN000000563,CUST022701,2019-01-02,07:02,Savings,IMPS,73.56,Debit,227514.58,Entertainment,Delhi,628,0,No loan,0.0,Success,Web,Verified,0,7
TXN000000564,CUST034621,2019-01-02,17:42,Current,Cheque,41280.45,Credit,98168.82,Food & Dining,Delhi,785,0,No loan,0.0,Success,ATM,Verified,0,17
TXN000000565,CUST020560,2019-01-02,07:25,Savings,ATM_Withdrawal,5000.0,Debit,3965.02,Travel,Rajasthan,364,0,No loan,0.0,Success,Mobile_App,Verified,0,7
TXN000000566,CUST061643,2019-01-02,13:25,Savings,UPI,870.3,Credit,1156.7,Food & Dining,Delhi,302,1,Auto,13199.54,Success,POS_Terminal,Verified,0,13
TXN000000567,CUST076540,2019-01-02,09:02,Salary,Auto_Debit,3188.48,Debit,5252.08,Travel,Tamil Nadu,531,0,No loan,0.0,Success,Mobile_App,Verified,0,9
TXN000000568,CUST021733,2019-01-02,10:16,Current,IMPS,11183.08,Debit,5137.5,Fuel,Maharashtra,501,0,No loan,0.0,Success,Mobile_App,Pending,0,10
TXN000000569,CUST030355,2019-01-02,18:26,Current,UPI,1695.65,Debit,33759.69,Peer Transfer,West Bengal,830,0,No loan,0.0,Success,Mobile_App,Verified,0,18
TXN000000570,CUST013844,2019-01-02,16:07,Savings,POS,552.91,Debit,14874.66,Travel,Maharashtra,749,1,Education,3028.23,Success,Mobile_App,Verified,0,16
TXN000000571,CUST071727,2019-01-02,10:02,Current,IMPS,1601.47,Credit,120738.03,Healthcare,Delhi,821,0,No loan,0.0,Success,Mobile_App,Verified,0,10
TXN000000572,CUST017641,2019-01-03,14:23,Salary,Cheque,131247.85,Credit,16622.44,Entertainment,Maharashtra,407,0,No loan,0.0,Success,Mobile_App,Verified,0,14
TXN000000573,CUST052529,2019-01-03,02:04,Savings,UPI,4337.59,Debit,29968.63,Government,Telangana,368,1,Business,6802.34,Success,Web,Verified,0,2
TXN000000574,CUST038414,2019-01-03,04:21,Salary,Cheque,26598.44,Debit,22663.36,E-Commerce,Delhi,600,0,No loan,0.0,Success,Branch,Verified,0,4
TXN000000575,CUST052639,2019-01-03,00:28,Current,UPI,155.45,Debit,201852.9,Travel,Gujarat,783,1,Auto,2617.45,Failed,API,Verified,0,0
TXN000000576,CUST052737,2019-01-03,06:23,Current,POS,434.48,Debit,165522.43,Salary,Tamil Nadu,715,0,No loan,0.0,Reversed,Mobile_App,Verified,0,6
TXN000000577,CUST068867,2019-01-03,02:19,Fixed Deposit,Credit_Card,1793.64,Debit,65623.35,Utilities,Karnataka,791,0,No loan,0.0,Success,Mobile_App,Verified,0,2
TXN000000578,CUST019088,2019-01-03,07:56,Current,IMPS,5099.17,Debit,52876.27,E-Commerce,Maharashtra,538,0,No loan,0.0,Success,Mobile_App,Verified,0,7
TXN000000579,CUST041431,2019-01-03,02:19,Current,Net_Banking,7253.47,Debit,180204.88,Retail,Delhi,496,0,No loan,0.0,Success,Mobile_App,Verified,0,2
TXN000000580,CUST024505,2019-01-03,07:45,Current,IMPS,7841.44,Credit,65294.98,E-Commerce,Gujarat,553,1,Auto,2054.81,Success,POS_Terminal,Verified,0,7
TXN000000581,CUST007115,2019-01-03,14:54,Salary,UPI,113.72,Credit,1169.96,Government,Delhi,498,1,Personal,4934.48,Success,Mobile_App,Verified,0,14
TXN000000582,CUST078860,2019-01-03,22:21,Current,POS,2171.93,Debit,85228.28,Utilities,Maharashtra,333,0,No loan,0.0,Success,Web,Verified,0,22
TXN000000583,CUST010976,2019-01-03,14:29,Salary,Auto_Debit,891.89,Debit,43049.42,Healthcare,Delhi,848,1,Education,7472.37,Success,POS_Terminal,Verified,0,14
TXN000000584,CUST011024,2019-01-03,05:10,Savings,NEFT,6611.56,Credit,213219.67,Travel,Delhi,373,1,Auto,16609.08,Failed,ATM,Pending,0,5
TXN000000585,CUST021448,2019-01-03,06:13,Current,ATM_Withdrawal,1000.0,Debit,38464.76,Insurance,Telangana,568,1,Personal,24316.96,Success,POS_Terminal,Verified,0,6
TXN000000586,CUST023960,2019-01-03,08:28,Current,Auto_Debit,2857.0,Debit,15312.62,E-Commerce,Maharashtra,571,0,No loan,0.0,Success,Branch,Expired,0,8
TXN000000587,CUST066204,2019-01-03,18:29,Salary,Cheque,84908.09,Credit,260356.29,Investment,Punjab,495,0,No loan,0.0,Success,Web,Verified,0,18
TXN000000588,CUST029704,2019-01-03,15:22,Current,UPI,1303.95,Debit,26605.85,Utilities,Tamil Nadu,550,1,Personal,4576.85,Success,API,Verified,0,15
TXN000000589,CUST009338,2019-01-03,06:01,Salary,Cheque,119434.45,Credit,30468.47,E-Commerce,Tamil Nadu,355,0,No loan,0.0,Success,ATM,Verified,0,6
TXN000000590,CUST046428,2019-01-03,20:57,Savings,IMPS,1347.32,Debit,20908.31,Education,Punjab,688,0,No loan,0.0,Success,Mobile_App,Verified,0,20
TXN000000591,CUST061530,2019-01-03,11:13,Salary,UPI,6727.15,Debit,13011.05,Peer Transfer,Gujarat,860,1,Auto,8772.66,Success,Mobile_App,Verified,0,11
TXN000000592,CUST031922,2019-01-03,20:12,Savings,IMPS,530.76,Credit,137767.92,E-Commerce,Karnataka,872,0,No loan,0.0,Success,Mobile_App,Verified,0,20
TXN000000593,CUST033308,2019-01-03,10:39,Salary,POS,3457.36,Debit,200735.46,Entertainment,Rajasthan,403,1,Home,3753.02,Success,Mobile_App,Verified,0,10
TXN000000594,CUST027356,2019-01-03,18:58,Salary,UPI,55.81,Debit,25464.32,Government,UP,768,0,No loan,0.0,Success,Web,Verified,0,18
TXN000000595,CUST004836,2019-01-03,00:08,Savings,UPI,1690.59,Debit,42126.69,Travel,Delhi,421,1,Auto,7943.28,Success,Web,Verified,0,0
TXN000000596,CUST020160,2019-01-03,22:02,Savings,NEFT,55629.13,Debit,36105.98,E-Commerce,Maharashtra,357,0,No loan,0.0,Success,Mobile_App,Verified,0,22
TXN000000597,CUST047606,2019-01-03,09:56,Salary,Net_Banking,150.11,Debit,124868.35,Government,Karnataka,724,1,Personal,4583.88,Success,API,Verified,0,9
TXN000000598,CUST038089,2019-01-03,01:42,Salary,NEFT,4309.56,Credit,15125.43,Government,Gujarat,886,0,No loan,0.0,Success,Mobile_App,Verified,0,1
TXN000000599,CUST078753,2019-01-03,15:34,Savings,UPI,458.63,Debit,7537.14,Government,Telangana,348,1,Unknown,1470.01,Success,Mobile_App,Verified,0,15
TXN000000600,CUST055285,2019-01-03,19:44,Savings,Net_Banking,11240.55,Debit,11762.29,Healthcare,Tamil Nadu,417,0,No loan,0.0,Success,Web,Verified,0,19
TXN000000601,CUST057044,2019-01-03,23:30,Savings,UPI,957.57,Debit,72683.84,Retail,Maharashtra,779,0,No loan,0.0,Success,Web,Pending,0,23
TXN000000602,CUST035548,2019-01-03,09:54,Savings,IMPS,1070.2,Debit,30971.96,Retail,Telangana,477,1,Business,14977.32,Success,Branch,Verified,0,9
TXN000000603,CUST027533,2019-01-03,18:08,Fixed Deposit,POS,360.79,Debit,4680.96,Retail,Karnataka,537,0,No loan,0.0,Success,Branch,Verified,0,18
TXN000000604,CUST034350,2019-01-03,21:45,NRI,UPI,3163.09,Debit,46735.36,Government,Tamil Nadu,352,0,No loan,0.0,Success,Mobile_App,Verified,0,21
TXN000000605,CUST045446,2019-01-03,18:28,Current,Cheque,22557.66,Debit,14277.99,E-Commerce,Karnataka,898,0,No loan,0.0,Success,Mobile_App,Verified,0,18
TXN000000606,CUST005714,2019-01-03,14:41,Current,Credit_Card,22201.28,Debit,42501.76,Food & Dining,Gujarat,646,1,Unknown,8273.04,Success,ATM,Verified,0,14
TXN000000607,CUST056179,2019-01-03,13:24,Savings,POS,3207.57,Debit,14274.79,Peer Transfer,Maharashtra,422,0,No loan,0.0,Success,POS_Terminal,Verified,0,13
TXN000000608,CUST049408,2019-01-03,07:00,Fixed Deposit,ATM_Withdrawal,1000.0,Debit,11539.33,Healthcare,Delhi,434,0,No loan,0.0,Success,Web,Verified,0,7
TXN000000609,CUST070341,2019-01-03,10:01,Current,RTGS,150847.3,Credit,56319.78,Utilities,Maharashtra,572,0,No loan,0.0,Success,POS_Terminal,Verified,0,10
TXN000000610,CUST050991,2019-01-03,17:34,Savings,POS,866.94,Debit,88026.89,Education,Karnataka,827,0,No loan,0.0,Success,POS_Terminal,Verified,0,17
TXN000000611,CUST075673,2019-01-03,11:02,Savings,UPI,568.49,Debit,57458.83,Entertainment,Telangana,671,1,Personal,10178.49,Success,ATM,Verified,0,11
TXN000000612,CUST065546,2019-01-03,12:25,Savings,NEFT,499602.68,Credit,10840.51,Education,Maharashtra,846,0,No loan,0.0,Success,Mobile_App,Verified,0,12
TXN000000613,CUST058142,2019-01-03,22:01,Savings,Cheque,6505.59,Credit,29733.23,E-Commerce,Delhi,779,0,No loan,0.0,Success,POS_Terminal,Verified,0,22
TXN000000614,CUST023794,2019-01-03,14:49,Savings,ATM_Withdrawal,1000.0,Debit,261710.29,Insurance,Rajasthan,346,0,No loan,0.0,Success,Web,Verified,0,14
TXN000000615,CUST056571,2019-01-03,03:21,Salary,ATM_Withdrawal,500.0,Debit,50231.71,Healthcare,Telangana,396,0,No loan,0.0,Success,Web,Verified,0,3
TXN000000616,CUST037893,2019-01-03,00:58,Savings,NEFT,4610.09,Credit,45383.49,Peer Transfer,Tamil Nadu,409,0,No loan,0.0,Success,ATM,Verified,0,0
TXN000000617,CUST001016,2019-01-03,06:17,Current,ATM_Withdrawal,1000.0,Debit,58773.73,Travel,Maharashtra,336,1,Home,7255.36,Success,Mobile_App,Verified,0,6
TXN000000618,CUST061814,2019-01-03,05:22,Savings,POS,381.66,Debit,338435.23,Investment,Karnataka,705,0,No loan,0.0,Success,Mobile_App,Verified,0,5
TXN000000619,CUST027713,2019-01-03,06:05,Savings,NEFT,5959.85,Credit,23515.77,Fuel,UP,595,0,No loan,0.0,Success,ATM,Verified,0,6
TXN000000620,CUST008416,2019-01-03,09:43,Current,UPI,111.73,Debit,77935.26,Salary,Maharashtra,374,0,No loan,0.0,Success,POS_Terminal,Pending,0,9
TXN000000621,CUST062293,2019-01-03,01:52,Salary,ATM_Withdrawal,5000.0,Debit,30635.34,Travel,Rajasthan,536,0,No loan,0.0,Success,ATM,Verified,0,1
TXN000000622,CUST023834,2019-01-03,09:22,Salary,UPI,600.19,Debit,673908.55,Education,UP,571,1,Home,5698.84,Success,Mobile_App,Expired,0,9
TXN000000623,CUST004159,2019-01-03,16:15,Current,UPI,922.69,Debit,13639.74,E-Commerce,Karnataka,410,1,Home,1264.61,Success,Web,Pending,0,16
TXN000000624,CUST062681,2019-01-03,09:44,NRI,IMPS,10839.0,Credit,333727.32,E-Commerce,Tamil Nadu,718,0,No loan,0.0,Success,Mobile_App,Pending,0,9
TXN000000625,CUST020310,2019-01-03,04:00,Fixed Deposit,UPI,56.97,Debit,75475.46,Entertainment,Maharashtra,802,0,No loan,0.0,Success,Mobile_App,Verified,0,4
TXN000000626,CUST006971,2019-01-03,08:55,Salary,UPI,313.36,Credit,181097.53,Government,West Bengal,421,0,No loan,0.0,Success,Mobile_App,Verified,0,8
TXN000000627,CUST072475,2019-01-03,06:34,Salary,POS,1681.68,Debit,373566.59,Investment,Gujarat,800,0,No loan,0.0,Failed,Web,Verified,0,6
TXN000000628,CUST046541,2019-01-03,06:35,NRI,IMPS,2531.83,Credit,25796.05,Peer Transfer,Delhi,841,0,No loan,0.0,Success,Mobile_App,Verified,0,6
TXN000000629,CUST020385,2019-01-03,23:10,Savings,UPI,880.08,Credit,175014.79,Retail,Maharashtra,718,1,Education,8004.03,Success,Mobile_App,Pending,0,23
TXN000000630,CUST018018,2019-01-03,01:57,Current,UPI,308.56,Credit,161822.21,E-Commerce,Telangana,757,0,No loan,0.0,Success,Web,Verified,0,1
TXN000000631,CUST075881,2019-01-03,22:18,Savings,IMPS,4884.18,Credit,48067.29,Healthcare,Telangana,429,0,No loan,0.0,Success,POS_Terminal,Verified,0,22
TXN000000632,CUST008703,2019-01-03,04:40,Salary,Cheque,3817.65,Debit,10427.19,Salary,Tamil Nadu,700,0,No loan,0.0,Success,POS_Terminal,Verified,0,4
TXN000000633,CUST000385,2019-01-03,21:30,Current,IMPS,27649.48,Credit,60060.96,E-Commerce,Tamil Nadu,727,0,No loan,0.0,Failed,Branch,Verified,0,21
TXN000000634,CUST000405,2019-01-03,11:21,Current,Net_Banking,7018.34,Credit,18738.12,Salary,Delhi,809,0,No loan,0.0,Pending,Mobile_App,Verified,0,11
TXN000000635,CUST040944,2019-01-03,16:03,NRI,Cheque,12407.14,Debit,9836.87,Travel,Rajasthan,341,0,No loan,0.0,Success,Mobile_App,Verified,0,16
TXN000000636,CUST047927,2019-01-03,00:27,Current,IMPS,563.96,Credit,6303.09,E-Commerce,UP,759,0,No loan,0.0,Success,Web,Verified,0,0
TXN000000637,CUST029190,2019-01-03,21:27,Fixed Deposit,ATM_Withdrawal,500.0,Debit,40942.52,Utilities,Karnataka,327,1,Personal,5435.86,Success,ATM,Pending,0,21
TXN000000638,CUST012764,2019-01-03,16:13,NRI,UPI,1767.55,Credit,666575.99,Utilities,Karnataka,713,1,Personal,14465.83,Success,Mobile_App,Verified,0,16
TXN000000639,CUST018385,2019-01-03,22:50,Salary,Credit_Card,1927.13,Debit,88511.79,Peer Transfer,UP,487,0,No loan,0.0,Success,ATM,Verified,0,22
TXN000000640,CUST060101,2019-01-03,18:05,NRI,POS,13368.85,Debit,7254.32,Government,Delhi,782,0,No loan,0.0,Success,Mobile_App,Verified,0,18
TXN000000641,CUST009861,2019-01-03,01:42,Savings,Net_Banking,117610.37,Debit,84163.12,E-Commerce,Gujarat,357,0,No loan,0.0,Success,Web,Verified,0,1
TXN000000642,CUST050613,2019-01-03,22:24,Savings,IMPS,559.89,Credit,178426.77,Investment,Tamil Nadu,770,0,No loan,0.0,Success,Mobile_App,Verified,0,22
TXN000000643,CUST023575,2019-01-03,00:59,Current,UPI,81.81,Credit,260744.18,Retail,Delhi,419,0,No loan,0.0,Success,Web,Verified,0,0
TXN000000644,CUST023525,2019-01-03,19:13,Salary,IMPS,1470.29,Debit,19387.7,Healthcare,Rajasthan,442,1,Education,18169.03,Success,Web,Verified,0,19
TXN000000645,CUST069173,2019-01-03,15:52,Savings,IMPS,1868.35,Debit,19078.15,Retail,Karnataka,845,0,No loan,0.0,Success,Mobile_App,Verified,0,15
TXN000000646,CUST010917,2019-01-03,12:53,Salary,NEFT,10089.64,Credit,16023.89,Food & Dining,Maharashtra,425,1,Business,6395.42,Failed,Mobile_App,Verified,0,12
TXN000000647,CUST004810,2019-01-03,09:31,Fixed Deposit,UPI,356.6,Debit,86735.98,Peer Transfer,Telangana,687,1,Personal,5264.18,Success,POS_Terminal,Verified,0,9
TXN000000648,CUST032202,2019-01-03,02:58,Current,UPI,622.6,Debit,123694.03,Peer Transfer,UP,579,1,Unknown,902.8,Success,Web,Verified,0,2
TXN000000649,CUST053331,2019-01-03,08:29,Salary,Net_Banking,6397.54,Debit,24797.02,Retail,Rajasthan,547,1,Education,29723.95,Success,Mobile_App,Pending,0,8
TXN000000650,CUST013457,2019-01-03,13:31,Savings,IMPS,595.18,Debit,19877.89,Peer Transfer,Tamil Nadu,469,0,No loan,0.0,Success,Web,Verified,0,13
TXN000000651,CUST056398,2019-01-03,22:29,Savings,NEFT,8345.03,Debit,44595.12,Retail,West Bengal,795,0,No loan,0.0,Success,Branch,Verified,0,22
TXN000000652,CUST038766,2019-01-03,19:06,Savings,Net_Banking,8775.48,Debit,34287.92,Retail,UP,524,1,Home,16099.43,Failed,Mobile_App,Expired,0,19
TXN000000653,CUST034817,2019-01-03,03:29,Savings,Auto_Debit,7644.19,Debit,41601.41,Healthcare,Karnataka,334,0,No loan,0.0,Success,ATM,Verified,0,3
TXN000000654,CUST045107,2019-01-03,12:35,Savings,UPI,1357.39,Debit,37777.76,Food & Dining,Maharashtra,302,0,No loan,0.0,Success,Mobile_App,Verified,0,12
TXN000000655,CUST053933,2019-01-03,17:18,Fixed Deposit,UPI,543.37,Debit,37354.63,Travel,Delhi,401,0,No loan,0.0,Success,Mobile_App,Verified,0,17
TXN000000656,CUST017101,2019-01-03,20:06,Savings,UPI,1457.3,Credit,18902.07,Travel,Karnataka,608,1,Unknown,13751.14,Success,Mobile_App,Verified,0,20
TXN000000657,CUST057092,2019-01-03,01:12,Current,IMPS,6839.26,Debit,29232.45,Retail,Punjab,865,0,No loan,0.0,Success,Mobile_App,Verified,0,1
TXN000000658,CUST021950,2019-01-03,19:07,Current,ATM_Withdrawal,10000.0,Debit,25965.54,Entertainment,Telangana,419,0,No loan,0.0,Success,Branch,Verified,0,19
TXN000000659,CUST070081,2019-01-03,14:42,Salary,Cheque,6178.45,Credit,50557.97,Entertainment,West Bengal,614,1,Business,3300.58,Success,Mobile_App,Verified,0,14
TXN000000660,CUST037745,2019-01-03,12:07,Current,IMPS,703.85,Debit,4614.71,Education,Rajasthan,384,0,No loan,0.0,Success,API,Verified,0,12
TXN000000661,CUST045544,2019-01-03,04:25,Current,ATM_Withdrawal,5000.0,Debit,90853.03,Healthcare,Karnataka,376,1,Home,12551.15,Success,Mobile_App,Verified,0,4
TXN000000662,CUST036188,2019-01-03,11:25,Savings,POS,2474.04,Debit,155969.81,Education,Punjab,432,0,No loan,0.0,Success,Mobile_App,Expired,0,11
TXN000000663,CUST007240,2019-01-03,06:39,Salary,UPI,1163.9,Debit,58340.21,Salary,Karnataka,340,1,Unknown,2576.58,Success,Web,Verified,0,6
TXN000000664,CUST014490,2019-01-03,20:45,Salary,POS,1768.24,Debit,35918.64,Salary,Telangana,674,0,No loan,0.0,Success,Mobile_App,Expired,0,20
TXN000000665,CUST058018,2019-01-03,11:50,Salary,UPI,178.15,Credit,23945.65,Real Estate,Maharashtra,698,0,No loan,0.0,Success,Branch,Verified,0,11
TXN000000666,CUST061878,2019-01-03,12:30,Salary,UPI,3166.81,Debit,331549.42,Food & Dining,Maharashtra,377,0,No loan,0.0,Success,Mobile_App,Verified,0,12
TXN000000667,CUST043126,2019-01-03,00:56,Savings,Cheque,30865.19,Credit,31782.66,E-Commerce,West Bengal,438,0,No loan,0.0,Success,ATM,Verified,0,0
TXN000000668,CUST049923,2019-01-03,19:27,Savings,IMPS,1621.72,Credit,91569.91,Investment,Maharashtra,480,1,Personal,8847.9,Success,Mobile_App,Expired,0,19
TXN000000669,CUST032050,2019-01-03,03:52,Salary,ATM_Withdrawal,2000.0,Debit,253066.1,E-Commerce,Tamil Nadu,730,1,Unknown,2793.05,Success,ATM,Verified,0,3
TXN000000670,CUST037132,2019-01-03,04:29,Savings,NEFT,2671.8,Debit,12115.67,E-Commerce,Tamil Nadu,497,1,Personal,4403.87,Success,Mobile_App,Verified,0,4
TXN000000671,CUST042945,2019-01-03,06:57,Current,POS,745.08,Debit,46313.0,Education,UP,886,1,Education,4892.89,Success,Mobile_App,Pending,0,6
TXN000000672,CUST073964,2019-01-03,19:24,Fixed Deposit,Net_Banking,8353.33,Debit,362627.06,E-Commerce,Gujarat,377,0,No loan,0.0,Success,Mobile_App,Verified,0,19
TXN000000673,CUST024286,2019-01-03,17:22,Savings,RTGS,373379.29,Credit,5232.26,Salary,Tamil Nadu,563,1,Business,7606.35,Success,POS_Terminal,Verified,0,17
TXN000000674,CUST037627,2019-01-03,21:40,Savings,IMPS,21458.22,Debit,97100.97,E-Commerce,Gujarat,791,1,Personal,5467.16,Reversed,Mobile_App,Verified,0,21
TXN000000675,CUST042809,2019-01-03,11:59,Savings,Cheque,45792.28,Debit,20519.81,Travel,Karnataka,452,0,No loan,0.0,Success,Mobile_App,Verified,0,11
TXN000000676,CUST053872,2019-01-03,12:10,Salary,NEFT,1215.19,Credit,16020.81,Travel,West Bengal,603,1,Gold,6145.0,Success,Web,Verified,0,12
TXN000000677,CUST019199,2019-01-03,14:09,Current,ATM_Withdrawal,1000.0,Debit,37254.88,Healthcare,Telangana,315,0,No loan,0.0,Reversed,API,Verified,0,14
TXN000000678,CUST019759,2019-01-03,16:14,Current,NEFT,1637.98,Credit,446332.06,Food & Dining,Telangana,652,1,Home,3453.41,Success,Mobile_App,Verified,0,16
TXN000000679,CUST015255,2019-01-03,19:19,Savings,UPI,361.26,Credit,85270.72,Peer Transfer,Tamil Nadu,532,0,No loan,0.0,Success,Branch,Verified,0,19
TXN000000680,CUST044239,2019-01-03,15:51,Current,POS,929.27,Debit,33164.25,Peer Transfer,Gujarat,810,0,No loan,0.0,Success,Branch,Verified,0,15
TXN000000681,CUST001253,2019-01-03,04:31,Salary,UPI,2026.79,Debit,16010.23,Travel,West Bengal,711,1,Business,4602.71,Success,Web,Verified,0,4
TXN000000682,CUST039765,2019-01-03,11:35,Savings,UPI,286.45,Debit,3632.19,Healthcare,Punjab,581,0,No loan,0.0,Reversed,Mobile_App,Verified,0,11
TXN000000683,CUST077710,2019-01-03,08:29,Salary,Cheque,25413.9,Credit,11836.24,Travel,Maharashtra,347,1,Home,3655.38,Success,Mobile_App,Verified,0,8
TXN000000684,CUST037442,2019-01-03,17:39,Savings,RTGS,35582.01,Debit,55761.86,Government,Delhi,566,1,Personal,4110.47,Success,Web,Verified,0,17
TXN000000685,CUST053683,2019-01-03,14:55,Savings,NEFT,1609.56,Credit,18008.63,Retail,Karnataka,572,1,Auto,1718.16,Success,Mobile_App,Verified,0,14
TXN000000686,CUST059495,2019-01-03,15:07,Current,IMPS,4662.75,Debit,65688.94,Investment,Telangana,787,1,Education,2267.66,Success,API,Verified,0,15
TXN000000687,CUST065216,2019-01-03,23:45,NRI,IMPS,3467.69,Debit,3565.34,Food & Dining,Gujarat,519,0,No loan,0.0,Success,Mobile_App,Verified,0,23
TXN000000688,CUST078588,2019-01-03,00:43,Current,UPI,311.32,Debit,29748.33,Fuel,Gujarat,837,0,No loan,0.0,Success,Mobile_App,Verified,0,0
TXN000000689,CUST006950,2019-01-03,21:03,Savings,POS,642.75,Debit,61071.16,Food & Dining,Tamil Nadu,637,0,No loan,0.0,Success,POS_Terminal,Verified,0,21
TXN000000690,CUST055394,2019-01-03,23:19,NRI,UPI,356.41,Credit,270222.74,E-Commerce,West Bengal,818,0,No loan,0.0,Success,Web,Verified,0,23
TXN000000691,CUST073554,2019-01-03,16:50,Savings,UPI,222.68,Debit,74683.62,Retail,Karnataka,497,0,No loan,0.0,Success,Web,Verified,0,16
TXN000000692,CUST006942,2019-01-03,03:03,Savings,POS,187.88,Debit,77804.97,Salary,Delhi,582,1,Personal,4388.55,Success,Mobile_App,Verified,0,3
TXN000000693,CUST025935,2019-01-03,11:26,Savings,UPI,1154.52,Debit,11831.82,Healthcare,Maharashtra,837,0,No loan,0.0,Success,Mobile_App,Verified,0,11
TXN000000694,CUST023387,2019-01-03,09:53,Savings,IMPS,25388.03,Credit,153638.63,Peer Transfer,Maharashtra,374,1,Auto,8335.62,Failed,POS_Terminal,Verified,0,9
TXN000000695,CUST061887,2019-01-03,18:23,Current,POS,1350.81,Debit,5175.74,Travel,Karnataka,594,0,No loan,0.0,Success,Mobile_App,Verified,0,18
TXN000000696,CUST075746,2019-01-03,11:41,Savings,Cheque,44478.0,Credit,40849.15,Food & Dining,Tamil Nadu,823,1,Gold,6471.12,Success,Web,Verified,0,11
TXN000000697,CUST053414,2019-01-03,05:08,Savings,IMPS,2455.6,Debit,63143.85,E-Commerce,Telangana,634,1,Unknown,30656.06,Success,Mobile_App,Pending,0,5
TXN000000698,CUST056801,2019-01-03,18:37,Current,ATM_Withdrawal,5000.0,Debit,26417.3,Food & Dining,West Bengal,628,1,Auto,1312.43,Success,Mobile_App,Verified,0,18
TXN000000699,CUST042319,2019-01-03,06:13,Salary,Auto_Debit,978.91,Debit,57525.65,Investment,Telangana,673,1,Gold,2806.63,Success,ATM,Verified,0,6
TXN000000700,CUST070174,2019-01-03,02:33,Fixed Deposit,ATM_Withdrawal,10000.0,Debit,9689.17,Fuel,Punjab,825,1,Gold,2328.81,Success,Mobile_App,Verified,0,2
TXN000000701,CUST070391,2019-01-03,13:05,Salary,UPI,1528.03,Credit,8899.53,Food & Dining,Maharashtra,336,0,No loan,0.0,Success,Web,Verified,0,13
TXN000000702,CUST052330,2019-01-03,18:36,Salary,Credit_Card,891.53,Debit,28408.96,Government,Karnataka,666,0,No loan,0.0,Success,ATM,Verified,0,18
TXN000000703,CUST043089,2019-01-03,02:16,Salary,UPI,488.74,Credit,43505.27,Retail,West Bengal,458,0,No loan,0.0,Success,Mobile_App,Expired,0,2
TXN000000704,CUST039812,2019-01-03,20:51,Current,NEFT,125184.3,Debit,26862.32,Salary,Rajasthan,741,0,No loan,0.0,Success,Web,Verified,0,20
TXN000000705,CUST055480,2019-01-03,21:16,Current,UPI,3761.95,Debit,71666.19,Travel,Rajasthan,629,0,No loan,0.0,Success,Mobile_App,Verified,0,21
TXN000000706,CUST019964,2019-01-03,12:52,Salary,Credit_Card,3779.46,Debit,16452.44,Government,Gujarat,682,0,No loan,0.0,Success,POS_Terminal,Verified,0,12
TXN000000707,CUST055124,2019-01-03,13:52,Current,Net_Banking,1200.14,Credit,20052.15,E-Commerce,Karnataka,428,0,No loan,0.0,Success,Web,Verified,0,13
TXN000000708,CUST073478,2019-01-03,02:30,Savings,ATM_Withdrawal,2000.0,Debit,171123.03,Retail,Delhi,892,0,No loan,0.0,Success,Mobile_App,Verified,0,2
TXN000000709,CUST014389,2019-01-03,03:11,Current,UPI,491.86,Credit,29722.64,Retail,Tamil Nadu,705,1,Education,8826.71,Success,POS_Terminal,Pending,0,3
TXN000000710,CUST005570,2019-01-03,21:20,Current,RTGS,141871.17,Credit,3511.53,Peer Transfer,UP,369,0,No loan,0.0,Success,ATM,Verified,0,21
TXN000000711,CUST069837,2019-01-03,07:12,Current,POS,5433.81,Debit,11545.45,E-Commerce,Tamil Nadu,354,0,No loan,0.0,Success,ATM,Verified,0,7
TXN000000712,CUST036587,2019-01-03,17:51,Current,IMPS,112.62,Debit,68440.58,Food & Dining,Karnataka,344,1,Unknown,1959.45,Success,Web,Verified,0,17
TXN000000713,CUST012016,2019-01-03,00:03,NRI,Credit_Card,553.21,Debit,2659.28,Education,West Bengal,354,0,No loan,0.0,Success,Web,Verified,0,0
TXN000000714,CUST045003,2019-01-03,08:03,Current,Net_Banking,47771.18,Debit,74532.88,Healthcare,UP,671,1,Home,10699.12,Reversed,Web,Verified,0,8
TXN000000715,CUST006255,2019-01-03,15:56,NRI,UPI,324.44,Debit,83379.62,Real Estate,Telangana,625,0,No loan,0.0,Success,Mobile_App,Expired,0,15
TXN000000716,CUST017145,2019-01-03,02:06,Current,UPI,80.54,Credit,6868.54,Food & Dining,Karnataka,738,0,No loan,0.0,Success,Web,Verified,0,2
TXN000000717,CUST024215,2019-01-03,16:49,Savings,IMPS,1654.21,Debit,76132.65,Entertainment,Gujarat,533,0,No loan,0.0,Success,Mobile_App,Verified,0,16
TXN000000718,CUST071775,2019-01-03,07:08,Salary,NEFT,20592.33,Credit,87551.9,Healthcare,Tamil Nadu,416,0,No loan,0.0,Success,Mobile_App,Verified,0,7
TXN000000719,CUST006091,2019-01-03,14:45,Current,UPI,304.63,Debit,50430.21,Education,Maharashtra,421,0,No loan,0.0,Success,POS_Terminal,Verified,0,14
TXN000000720,CUST011638,2019-01-03,11:19,Fixed Deposit,Net_Banking,4040.95,Debit,8500.17,Fuel,Tamil Nadu,746,1,Business,2267.6,Success,Mobile_App,Verified,0,11
TXN000000721,CUST022416,2019-01-03,03:49,Savings,NEFT,5507.72,Debit,92280.97,Travel,Karnataka,365,0,No loan,0.0,Success,Mobile_App,Verified,0,3
TXN000000722,CUST024072,2019-01-03,16:30,Savings,Auto_Debit,3460.68,Debit,26007.07,Food & Dining,Delhi,783,1,Personal,5559.75,Success,Mobile_App,Verified,0,16
TXN000000723,CUST058244,2019-01-03,02:04,Fixed Deposit,ATM_Withdrawal,2000.0,Debit,135208.11,E-Commerce,Maharashtra,844,1,Personal,9892.1,Success,Mobile_App,Verified,0,2
TXN000000724,CUST041241,2019-01-03,17:19,Current,IMPS,5116.83,Credit,371294.38,Salary,Telangana,485,0,No loan,0.0,Success,POS_Terminal,Verified,0,17
TXN000000725,CUST033435,2019-01-03,18:33,Fixed Deposit,IMPS,12282.99,Debit,2906.63,Travel,Karnataka,845,0,No loan,0.0,Failed,POS_Terminal,Verified,0,18
TXN000000726,CUST069725,2019-01-03,10:43,Savings,POS,469.47,Debit,65683.6,Retail,Maharashtra,398,1,Personal,1820.45,Success,Mobile_App,Verified,0,10
TXN000000727,CUST075698,2019-01-03,11:08,NRI,Net_Banking,1206.92,Debit,26873.23,Food & Dining,Maharashtra,362,0,No loan,0.0,Success,Web,Verified,0,11
TXN000000728,CUST028733,2019-01-03,21:54,Salary,ATM_Withdrawal,3000.0,Debit,15946.76,Salary,Karnataka,706,1,Home,9199.56,Success,Mobile_App,Verified,0,21
TXN000000729,CUST011315,2019-01-03,12:33,Savings,UPI,1373.86,Debit,13732.84,E-Commerce,Rajasthan,553,0,No loan,0.0,Reversed,Web,Pending,0,12
TXN000000730,CUST023955,2019-01-03,14:18,Current,IMPS,1264.43,Debit,100997.75,Entertainment,Karnataka,444,1,Personal,8905.26,Success,POS_Terminal,Verified,0,14
TXN000000731,CUST057109,2019-01-03,19:47,Current,Net_Banking,38781.05,Debit,32176.28,Investment,Tamil Nadu,540,0,No loan,0.0,Success,Web,Verified,0,19
TXN000000732,CUST036669,2019-01-03,11:11,Current,IMPS,20261.75,Credit,35428.0,E-Commerce,Tamil Nadu,617,0,No loan,0.0,Success,Web,Expired,0,11
TXN000000733,CUST023062,2019-01-03,10:20,Salary,RTGS,194308.65,Debit,12165.39,Insurance,Rajasthan,454,0,No loan,0.0,Success,Mobile_App,Verified,0,10
TXN000000734,CUST079253,2019-01-03,09:00,Current,POS,959.8,Debit,14510.28,Salary,Tamil Nadu,810,0,No loan,0.0,Success,ATM,Verified,0,9
TXN000000735,CUST039750,2019-01-03,07:25,Fixed Deposit,NEFT,15954.13,Debit,83381.62,Government,Maharashtra,776,0,No loan,0.0,Success,Web,Verified,0,7
TXN000000736,CUST016908,2019-01-03,04:00,Savings,UPI,1059.82,Credit,332663.76,Investment,Punjab,761,1,Business,3230.47,Success,Mobile_App,Pending,0,4
TXN000000737,CUST018778,2019-01-03,10:17,Fixed Deposit,UPI,321.58,Credit,12946.55,E-Commerce,West Bengal,526,0,No loan,0.0,Success,API,Verified,0,10
TXN000000738,CUST051746,2019-01-03,00:46,Savings,POS,358.17,Debit,96664.69,Food & Dining,Maharashtra,459,1,Personal,7252.47,Pending,POS_Terminal,Pending,0,0
TXN000000739,CUST023625,2019-01-03,04:12,Salary,UPI,252.18,Credit,13935.45,E-Commerce,Maharashtra,844,0,No loan,0.0,Success,Branch,Verified,0,4
TXN000000740,CUST023322,2019-01-03,16:14,Salary,Credit_Card,9267.77,Debit,58645.14,Fuel,UP,662,1,Personal,8101.84,Success,Mobile_App,Verified,0,16
TXN000000741,CUST010489,2019-01-03,23:22,Savings,ATM_Withdrawal,5000.0,Debit,47831.78,Utilities,Gujarat,752,0,No loan,0.0,Success,Mobile_App,Verified,0,23
TXN000000742,CUST022575,2019-01-03,20:43,Fixed Deposit,Auto_Debit,1097.48,Debit,54403.58,Peer Transfer,Maharashtra,470,1,Home,1206.91,Pending,Mobile_App,Verified,0,20
TXN000000743,CUST005241,2019-01-03,05:08,NRI,UPI,621.59,Credit,52687.16,E-Commerce,Telangana,613,0,No loan,0.0,Success,Branch,Verified,0,5
TXN000000744,CUST043222,2019-01-03,15:57,NRI,UPI,136.2,Credit,17568.61,Government,West Bengal,543,1,Education,6474.97,Success,POS_Terminal,Verified,0,15
TXN000000745,CUST010479,2019-01-03,17:57,Savings,IMPS,3322.83,Debit,70223.27,Retail,Tamil Nadu,647,0,No loan,0.0,Success,ATM,Verified,0,17
TXN000000746,CUST055646,2019-01-03,06:47,Savings,UPI,154.61,Debit,2737.05,E-Commerce,Maharashtra,553,0,No loan,0.0,Success,Mobile_App,Verified,0,6
TXN000000747,CUST019263,2019-01-03,07:54,Current,UPI,1052.21,Debit,39045.3,Food & Dining,Tamil Nadu,760,0,No loan,0.0,Success,Web,Verified,0,7
TXN000000748,CUST052797,2019-01-03,07:44,Current,IMPS,377.98,Debit,281487.66,Retail,Tamil Nadu,883,1,Personal,2452.88,Success,Web,Verified,0,7
TXN000000749,CUST004433,2019-01-03,23:56,Savings,RTGS,1120791.34,Debit,23631.65,E-Commerce,West Bengal,381,1,Personal,4295.85,Success,API,Verified,0,23
TXN000000750,CUST064292,2019-01-03,20:37,Savings,UPI,187.48,Debit,25757.51,Real Estate,Karnataka,712,0,No loan,0.0,Success,ATM,Expired,0,20
TXN000000751,CUST079105,2019-01-03,07:04,Fixed Deposit,UPI,627.01,Debit,53109.2,Food & Dining,Tamil Nadu,515,0,No loan,0.0,Success,Mobile_App,Verified,0,7
TXN000000752,CUST059400,2019-01-03,02:44,Fixed Deposit,Credit_Card,6877.74,Debit,59147.47,Insurance,Maharashtra,870,1,Education,5601.34,Success,Mobile_App,Verified,0,2
TXN000000753,CUST079715,2019-01-03,21:13,Fixed Deposit,NEFT,161866.41,Credit,202133.51,Utilities,Gujarat,320,0,No loan,0.0,Success,Mobile_App,Pending,0,21
TXN000000754,CUST050429,2019-01-03,02:42,Salary,Auto_Debit,3510.23,Debit,4005.45,E-Commerce,Maharashtra,540,0,No loan,0.0,Success,ATM,Verified,0,2
TXN000000755,CUST000303,2019-01-03,00:05,Savings,UPI,942.73,Debit,15453.56,Education,Telangana,691,0,No loan,0.0,Success,Web,Verified,0,0
TXN000000756,CUST000056,2019-01-03,01:11,Salary,UPI,131.21,Credit,366174.38,Investment,Gujarat,778,0,No loan,0.0,Success,Mobile_App,Expired,0,1
TXN000000757,CUST008718,2019-01-03,06:24,Savings,UPI,320.65,Debit,39506.83,Government,Karnataka,602,0,No loan,0.0,Success,Web,Verified,0,6
TXN000000758,CUST028700,2019-01-03,10:30,Current,RTGS,214500.07,Credit,262857.85,Insurance,Tamil Nadu,522,0,No loan,0.0,Success,Mobile_App,Verified,0,10
TXN000000759,CUST073687,2019-01-03,16:41,Savings,POS,5236.02,Debit,9248.66,Travel,Gujarat,423,0,No loan,0.0,Success,ATM,Verified,0,16
TXN000000760,CUST067662,2019-01-03,00:03,Salary,ATM_Withdrawal,10000.0,Debit,197057.52,Healthcare,Tamil Nadu,747,1,Auto,20855.72,Success,ATM,Verified,0,0
TXN000000761,CUST044248,2019-01-03,08:07,Current,UPI,181.87,Debit,7660.84,Utilities,UP,899,1,Personal,5790.6,Success,Mobile_App,Verified,0,8
TXN000000762,CUST016749,2019-01-03,12:28,Savings,Net_Banking,80668.45,Credit,18283.46,Salary,Telangana,637,0,No loan,0.0,Success,Web,Verified,0,12
TXN000000763,CUST004622,2019-01-03,22:43,Fixed Deposit,NEFT,7324.84,Debit,5540.21,Retail,Telangana,678,0,No loan,0.0,Success,Web,Verified,0,22
TXN000000764,CUST015035,2019-01-03,17:42,Savings,IMPS,12001.91,Debit,144341.28,Investment,UP,389,1,Personal,9449.87,Success,Mobile_App,Verified,0,17
TXN000000765,CUST005127,2019-01-03,09:20,Savings,ATM_Withdrawal,500.0,Debit,746217.96,Peer Transfer,Telangana,867,0,No loan,0.0,Success,Mobile_App,Verified,0,9
TXN000000766,CUST005123,2019-01-03,12:16,Salary,Credit_Card,1262.18,Debit,77156.28,Peer Transfer,Karnataka,835,1,Home,6312.43,Success,Mobile_App,Expired,0,12
TXN000000767,CUST018031,2019-01-03,16:43,Salary,IMPS,731.01,Credit,30046.58,Peer Transfer,Karnataka,551,0,No loan,0.0,Success,Web,Verified,0,16
TXN000000768,CUST055659,2019-01-03,00:01,NRI,RTGS,153549.82,Credit,1191914.27,Government,Maharashtra,431,0,No loan,0.0,Success,Mobile_App,Verified,0,0
TXN000000769,CUST038639,2019-01-03,21:32,Current,ATM_Withdrawal,5000.0,Debit,165874.41,Food & Dining,West Bengal,314,0,No loan,0.0,Success,ATM,Verified,0,21
TXN000000770,CUST067068,2019-01-03,22:37,Savings,ATM_Withdrawal,1000.0,Debit,47369.26,Education,Maharashtra,594,0,No loan,0.0,Failed,Mobile_App,Verified,0,22
TXN000000771,CUST034675,2019-01-03,06:58,NRI,ATM_Withdrawal,1000.0,Debit,18329.17,Insurance,Rajasthan,319,1,Education,6182.0,Success,Mobile_App,Verified,0,6
TXN000000772,CUST035855,2019-01-03,11:26,Current,ATM_Withdrawal,1000.0,Debit,43163.09,Healthcare,Tamil Nadu,777,0,No loan,0.0,Success,Mobile_App,Verified,0,11
TXN000000773,CUST046272,2019-01-03,13:53,NRI,POS,3651.85,Debit,66933.16,Entertainment,Tamil Nadu,380,0,No loan,0.0,Success,Mobile_App,Verified,0,13
TXN000000774,CUST073689,2019-01-03,08:14,Salary,Credit_Card,477.5,Debit,16317.77,Peer Transfer,Delhi,507,1,Unknown,15940.1,Success,Mobile_App,Verified,0,8
TXN000000775,CUST038519,2019-01-03,15:38,Salary,Cheque,32056.13,Debit,20480.32,Retail,Gujarat,407,0,No loan,0.0,Success,Web,Verified,0,15
TXN000000776,CUST010268,2019-01-03,23:06,Savings,UPI,448.01,Debit,58344.39,Government,Telangana,546,0,No loan,0.0,Success,POS_Terminal,Expired,0,23
TXN000000777,CUST001063,2019-01-03,10:14,Savings,RTGS,282841.05,Debit,25702.05,E-Commerce,Gujarat,532,0,No loan,0.0,Success,POS_Terminal,Verified,0,10
TXN000000778,CUST050449,2019-01-03,20:25,Fixed Deposit,Credit_Card,3757.75,Debit,20652.59,Food & Dining,Maharashtra,855,0,No loan,0.0,Success,Mobile_App,Verified,0,20
TXN000000779,CUST006230,2019-01-03,07:25,Salary,UPI,247.75,Debit,646550.94,Education,Delhi,736,1,Personal,7712.87,Reversed,Branch,Expired,0,7
TXN000000780,CUST056794,2019-01-03,08:16,Fixed Deposit,UPI,1834.45,Credit,21435.6,Education,Punjab,433,0,No loan,0.0,Success,Mobile_App,Verified,0,8
TXN000000781,CUST047916,2019-01-03,10:30,NRI,UPI,241.64,Debit,29205.12,Education,Delhi,340,1,Auto,3222.89,Success,ATM,Verified,0,10
TXN000000782,CUST004633,2019-01-03,16:54,Current,POS,644.72,Debit,32410.71,Government,Maharashtra,623,0,No loan,0.0,Success,Branch,Verified,0,16
TXN000000783,CUST003597,2019-01-03,02:47,Savings,IMPS,639.46,Debit,81941.39,Retail,Karnataka,512,1,Auto,19670.62,Success,Web,Verified,0,2
TXN000000784,CUST006169,2019-01-03,07:14,Savings,ATM_Withdrawal,500.0,Debit,39633.01,E-Commerce,Punjab,317,0,No loan,0.0,Success,POS_Terminal,Verified,0,7
TXN000000785,CUST007562,2019-01-03,22:44,Fixed Deposit,UPI,809.91,Debit,9578.01,Investment,Maharashtra,591,0,No loan,0.0,Success,Mobile_App,Verified,0,22
TXN000000786,CUST073795,2019-01-03,07:39,Savings,UPI,124.62,Credit,67966.66,Insurance,Maharashtra,614,1,Education,10080.89,Success,API,Verified,0,7
TXN000000787,CUST026735,2019-01-03,22:33,Savings,UPI,6682.22,Credit,166802.95,Investment,Gujarat,519,0,No loan,0.0,Success,Web,Verified,0,22
TXN000000788,CUST006372,2019-01-03,13:54,Current,POS,1501.57,Debit,60331.57,Food & Dining,Maharashtra,739,1,Business,3168.07,Success,API,Verified,0,13
TXN000000789,CUST026070,2019-01-03,11:44,Current,RTGS,72066.63,Debit,22799.72,Salary,Delhi,769,0,No loan,0.0,Success,Branch,Verified,0,11
TXN000000790,CUST079906,2019-01-03,13:07,Current,POS,440.09,Debit,52876.98,Salary,Karnataka,735,1,Auto,7141.2,Reversed,Mobile_App,Verified,0,13
TXN000000791,CUST012911,2019-01-03,18:19,Savings,UPI,829.45,Debit,50122.65,E-Commerce,Tamil Nadu,695,1,Personal,10756.32,Success,POS_Terminal,Verified,0,18
TXN000000792,CUST073480,2019-01-03,00:57,Savings,Cheque,67779.64,Credit,7350.22,Education,Telangana,386,0,No loan,0.0,Success,Branch,Verified,0,0
TXN000000793,CUST077736,2019-01-03,01:34,Salary,POS,1891.28,Debit,29707.29,Retail,Telangana,655,1,Business,13772.39,Success,POS_Terminal,Verified,0,1
TXN000000794,CUST023276,2019-01-03,19:05,NRI,UPI,83.74,Credit,3303.69,Food & Dining,Maharashtra,438,0,No loan,0.0,Success,Mobile_App,Verified,0,19
TXN000000795,CUST072275,2019-01-03,22:24,Current,RTGS,107425.24,Credit,18464.09,E-Commerce,Telangana,506,0,No loan,0.0,Success,POS_Terminal,Verified,0,22
TXN000000796,CUST060005,2019-01-03,04:20,Savings,Auto_Debit,1078.07,Debit,12518.11,Insurance,Delhi,591,1,Personal,2031.06,Success,Branch,Verified,0,4
TXN000000797,CUST062982,2019-01-03,09:57,Current,NEFT,13645.62,Credit,93189.62,Government,Karnataka,540,0,No loan,0.0,Success,Mobile_App,Verified,0,9
TXN000000798,CUST054554,2019-01-03,16:25,Savings,UPI,2500.24,Debit,10335.41,Travel,Tamil Nadu,491,0,No loan,0.0,Success,Mobile_App,Verified,0,16
TXN000000799,CUST048448,2019-01-03,22:19,Savings,Net_Banking,17334.44,Credit,191405.0,E-Commerce,Maharashtra,786,0,No loan,0.0,Success,POS_Terminal,Pending,0,22
TXN000000800,CUST034530,2019-01-03,01:33,Savings,POS,2032.31,Debit,13595.89,Utilities,Maharashtra,895,0,No loan,0.0,Success,Mobile_App,Verified,0,1
TXN000000801,CUST075704,2019-01-03,22:24,Fixed Deposit,NEFT,1459.29,Debit,18802.41,Food & Dining,Delhi,370,1,Unknown,7492.6,Success,POS_Terminal,Pending,0,22
TXN000000802,CUST076091,2019-01-03,11:00,Current,Credit_Card,360.82,Debit,19319.25,Retail,Karnataka,301,0,No loan,0.0,Success,Mobile_App,Verified,0,11
TXN000000803,CUST017261,2019-01-03,06:50,NRI,ATM_Withdrawal,5000.0,Debit,70994.15,E-Commerce,Punjab,764,0,No loan,0.0,Success,Mobile_App,Verified,0,6
TXN000000804,CUST003813,2019-01-03,04:17,Current,ATM_Withdrawal,1000.0,Debit,36106.47,Travel,Maharashtra,447,0,No loan,0.0,Success,ATM,Verified,0,4
TXN000000805,CUST028025,2019-01-03,15:18,Savings,UPI,1210.33,Debit,45579.39,Retail,Punjab,803,0,No loan,0.0,Success,Mobile_App,Verified,0,15
TXN000000806,CUST058657,2019-01-03,23:20,Savings,Credit_Card,6646.81,Debit,7972.28,Retail,Gujarat,834,1,Auto,2264.07,Success,Mobile_App,Verified,0,23
TXN000000807,CUST027286,2019-01-03,07:12,Savings,Credit_Card,428.44,Debit,80851.26,Entertainment,Maharashtra,481,0,No loan,0.0,Success,Branch,Verified,0,7
TXN000000808,CUST001606,2019-01-03,05:44,NRI,NEFT,2537.35,Credit,29184.54,E-Commerce,Gujarat,892,0,No loan,0.0,Success,Mobile_App,Verified,0,5
TXN000000809,CUST071159,2019-01-03,22:57,Current,RTGS,227464.51,Credit,8543.73,Retail,Gujarat,489,1,Education,8170.78,Success,Web,Verified,0,22
TXN000000810,CUST072304,2019-01-03,01:58,Savings,RTGS,175405.92,Debit,26338.01,Insurance,Tamil Nadu,485,0,No loan,0.0,Success,API,Verified,0,1
TXN000000811,CUST027140,2019-01-03,07:02,Savings,NEFT,13616.05,Credit,224601.21,E-Commerce,West Bengal,483,0,No loan,0.0,Success,Mobile_App,Verified,0,7
TXN000000812,CUST077150,2019-01-03,00:44,Salary,NEFT,135613.38,Credit,15196.25,Investment,Telangana,881,1,Personal,25206.6,Success,ATM,Verified,0,0
TXN000000813,CUST056139,2019-01-03,09:29,Salary,UPI,1921.3,Debit,141703.83,E-Commerce,Rajasthan,417,1,Business,17830.77,Success,Web,Verified,0,9
TXN000000814,CUST076126,2019-01-03,11:09,Salary,POS,712.41,Debit,190497.0,Government,West Bengal,727,1,Business,15802.55,Success,Branch,Verified,0,11
TXN000000815,CUST013919,2019-01-03,08:07,NRI,RTGS,17544.35,Debit,171277.88,E-Commerce,Maharashtra,672,0,No loan,0.0,Success,Mobile_App,Verified,0,8
TXN000000816,CUST027447,2019-01-03,19:11,Salary,UPI,3169.88,Debit,12463.56,Utilities,Maharashtra,702,0,No loan,0.0,Success,Mobile_App,Verified,0,19
TXN000000817,CUST013047,2019-01-03,12:57,Savings,Net_Banking,5303.17,Debit,380604.91,Peer Transfer,Tamil Nadu,510,1,Auto,12336.46,Success,Web,Verified,0,12
TXN000000818,CUST024819,2019-01-03,17:29,Salary,POS,169.73,Debit,93934.14,Real Estate,Maharashtra,627,1,Home,12815.29,Success,Branch,Verified,0,17
TXN000000819,CUST004325,2019-01-03,10:37,Salary,IMPS,454.46,Debit,163868.12,Healthcare,Gujarat,326,0,No loan,0.0,Success,Mobile_App,Verified,1,10
TXN000000820,CUST076324,2019-01-03,04:51,Savings,NEFT,39417.21,Credit,24945.37,Investment,Delhi,601,1,Unknown,2122.05,Success,Web,Verified,0,4
TXN000000821,CUST009112,2019-01-03,02:45,Fixed Deposit,RTGS,91007.69,Debit,415570.51,Salary,Gujarat,499,1,Auto,2601.62,Success,Branch,Pending,0,2
TXN000000822,CUST038111,2019-01-03,08:23,Fixed Deposit,UPI,1129.98,Credit,61245.84,Food & Dining,Gujarat,770,1,Personal,4802.21,Success,Mobile_App,Verified,0,8
TXN000000823,CUST016390,2019-01-03,23:30,Savings,POS,468.91,Debit,37426.45,Retail,Rajasthan,321,0,No loan,0.0,Success,Web,Expired,0,23
TXN000000824,CUST041428,2019-01-03,23:49,Savings,POS,2763.26,Debit,60961.92,Utilities,Telangana,515,0,No loan,0.0,Success,POS_Terminal,Verified,0,23
TXN000000825,CUST079580,2019-01-03,03:00,Savings,Cheque,71019.8,Debit,593304.92,Retail,Rajasthan,349,0,No loan,0.0,Success,POS_Terminal,Verified,0,3
TXN000000826,CUST028747,2019-01-03,18:50,Salary,IMPS,10911.67,Debit,411106.38,Retail,UP,386,1,Unknown,913.03,Success,Web,Verified,0,18
TXN000000827,CUST000118,2019-01-03,19:50,Fixed Deposit,NEFT,9207.08,Debit,27348.17,Utilities,Telangana,313,0,No loan,0.0,Success,ATM,Verified,0,19
TXN000000828,CUST013235,2019-01-03,04:05,Current,NEFT,3916.15,Credit,20357.75,Utilities,Maharashtra,511,0,No loan,0.0,Success,Mobile_App,Expired,0,4
TXN000000829,CUST053442,2019-01-03,12:43,Savings,UPI,5883.27,Credit,16176.35,Utilities,Tamil Nadu,627,0,No loan,0.0,Success,Web,Expired,0,12
TXN000000830,CUST000847,2019-01-03,00:06,NRI,UPI,583.79,Credit,23805.34,E-Commerce,Tamil Nadu,486,1,Personal,5099.12,Success,Web,Verified,0,0
TXN000000831,CUST010955,2019-01-03,18:54,Savings,NEFT,10116.7,Debit,67158.92,Travel,Gujarat,548,0,No loan,0.0,Success,API,Pending,0,18
TXN000000832,CUST079240,2019-01-03,01:52,Current,ATM_Withdrawal,500.0,Debit,70579.21,Food & Dining,Tamil Nadu,331,0,No loan,0.0,Success,Mobile_App,Pending,0,1
TXN000000833,CUST046515,2019-01-03,07:00,Savings,UPI,514.13,Credit,4858.47,Investment,UP,467,1,Auto,5913.7,Success,Web,Verified,0,7
TXN000000834,CUST006470,2019-01-03,02:19,Savings,Auto_Debit,227.58,Debit,13402.41,Healthcare,Delhi,601,0,No loan,0.0,Success,POS_Terminal,Verified,0,2
TXN000000835,CUST030106,2019-01-03,17:05,Savings,UPI,144.92,Credit,8210.12,Salary,Maharashtra,456,0,No loan,0.0,Success,Mobile_App,Verified,0,17
TXN000000836,CUST042102,2019-01-03,00:09,Current,Credit_Card,1338.55,Debit,15880.41,Government,Maharashtra,573,1,Business,13814.7,Failed,Web,Verified,0,0
TXN000000837,CUST064324,2019-01-03,17:23,Savings,POS,181.95,Debit,121864.31,Travel,Tamil Nadu,554,1,Business,4478.7,Success,Mobile_App,Verified,0,17
TXN000000838,CUST058068,2019-01-03,15:34,Savings,Cheque,231659.64,Debit,3041.83,Food & Dining,West Bengal,611,0,No loan,0.0,Success,POS_Terminal,Verified,0,15
TXN000000839,CUST049377,2019-01-03,06:40,NRI,Credit_Card,177.99,Debit,3852.5,Retail,Karnataka,783,1,Education,2641.19,Success,API,Verified,0,6
TXN000000840,CUST045588,2019-01-03,04:07,Current,Net_Banking,545.1,Debit,25119.79,Utilities,Delhi,558,0,No loan,0.0,Success,Mobile_App,Verified,0,4
TXN000000841,CUST036977,2019-01-03,11:08,Savings,UPI,512.66,Credit,112810.5,Education,Tamil Nadu,407,0,No loan,0.0,Success,Web,Verified,0,11
TXN000000842,CUST067585,2019-01-03,23:25,Current,NEFT,15919.4,Credit,316914.81,Healthcare,Rajasthan,837,0,No loan,0.0,Success,ATM,Verified,0,23
TXN000000843,CUST078478,2019-01-03,06:07,Savings,ATM_Withdrawal,1000.0,Debit,39155.23,Utilities,Telangana,801,0,No loan,0.0,Success,ATM,Verified,0,6
TXN000000844,CUST042534,2019-01-03,03:16,Salary,UPI,198.9,Debit,12978.56,Retail,UP,772,0,No loan,0.0,Success,Mobile_App,Verified,0,3
TXN000000845,CUST001829,2019-01-03,15:53,Salary,UPI,433.09,Credit,8280.49,Insurance,Rajasthan,318,0,No loan,0.0,Success,ATM,Verified,0,15
TXN000000846,CUST001918,2019-01-03,04:05,NRI,UPI,506.54,Debit,9318.5,Travel,Maharashtra,810,0,No loan,0.0,Failed,POS_Terminal,Verified,0,4
TXN000000847,CUST020619,2019-01-03,15:20,Savings,RTGS,74272.73,Debit,25716.25,Food & Dining,Telangana,719,0,No loan,0.0,Success,Web,Expired,0,15
TXN000000848,CUST032255,2019-01-03,22:55,Salary,NEFT,109600.56,Debit,7167.86,Retail,Delhi,654,0,No loan,0.0,Success,Mobile_App,Verified,0,22
TXN000000849,CUST047363,2019-01-03,10:30,Current,UPI,2452.36,Debit,12012.44,Government,Tamil Nadu,495,1,Auto,4531.82,Success,Mobile_App,Verified,0,10
TXN000000850,CUST020129,2019-01-03,20:13,Salary,ATM_Withdrawal,1000.0,Debit,894.32,Salary,Tamil Nadu,709,0,No loan,0.0,Success,API,Verified,0,20
TXN000000851,CUST059384,2019-01-03,13:47,Salary,POS,766.86,Debit,52649.61,Government,Karnataka,433,0,No loan,0.0,Success,Mobile_App,Verified,0,13
TXN000000852,CUST065546,2019-01-03,14:45,Savings,UPI,1006.77,Credit,15293.94,Fuel,Maharashtra,678,0,No loan,0.0,Success,Mobile_App,Verified,0,14
TXN000000853,CUST009866,2019-01-03,11:18,Current,ATM_Withdrawal,5000.0,Debit,46108.81,Food & Dining,Gujarat,483,1,Auto,3744.76,Success,Mobile_App,Verified,0,11
TXN000000854,CUST002220,2019-01-03,22:14,NRI,POS,2410.92,Debit,73399.91,Travel,Rajasthan,566,0,No loan,0.0,Success,Mobile_App,Verified,0,22
TXN000000855,CUST039810,2019-01-03,21:45,Savings,UPI,1422.17,Debit,7335.2,Education,Gujarat,375,1,Personal,5799.05,Success,POS_Terminal,Verified,0,21
TXN000000856,CUST005288,2019-01-03,21:51,NRI,IMPS,5685.03,Credit,12644.64,Retail,Rajasthan,475,0,No loan,0.0,Success,Branch,Verified,0,21
TXN000000857,CUST034388,2019-01-03,05:45,Salary,UPI,371.61,Credit,2113.39,Travel,Karnataka,328,0,No loan,0.0,Success,Mobile_App,Pending,0,5
TXN000000858,CUST008513,2019-01-03,07:05,Current,NEFT,10301.86,Credit,32215.78,E-Commerce,Punjab,516,0,No loan,0.0,Success,Web,Verified,0,7
TXN000000859,CUST001343,2019-01-03,12:42,Salary,IMPS,6530.65,Debit,39516.7,E-Commerce,Gujarat,655,1,Personal,3242.41,Success,Web,Verified,0,12
TXN000000860,CUST063077,2019-01-03,13:55,Current,UPI,1260.17,Credit,24784.52,Fuel,Karnataka,336,1,Auto,3618.52,Success,POS_Terminal,Verified,0,13
TXN000000861,CUST019217,2019-01-03,22:26,Savings,UPI,240.52,Credit,499793.61,Investment,UP,595,0,No loan,0.0,Success,Web,Verified,0,22
TXN000000862,CUST079768,2019-01-03,13:06,Salary,UPI,2078.52,Debit,12212.52,Retail,West Bengal,390,0,No loan,0.0,Success,ATM,Verified,0,13
TXN000000863,CUST026615,2019-01-03,06:13,Salary,POS,2882.93,Debit,685886.7,Real Estate,Rajasthan,716,0,No loan,0.0,Success,API,Verified,0,6
TXN000000864,CUST036259,2019-01-04,11:29,Current,UPI,328.42,Debit,11199.55,Food & Dining,Rajasthan,428,0,No loan,0.0,Success,Mobile_App,Verified,0,11
TXN000000865,CUST042079,2019-01-04,10:02,Current,POS,626.0,Debit,30322.71,Salary,Maharashtra,365,1,Business,4320.7,Success,Mobile_App,Verified,0,10
TXN000000866,CUST012220,2019-01-04,00:59,Savings,IMPS,6568.77,Debit,59939.76,Salary,Tamil Nadu,471,0,No loan,0.0,Success,Mobile_App,Verified,0,0
TXN000000867,CUST000236,2019-01-04,08:21,NRI,POS,59.49,Debit,166612.56,Entertainment,Delhi,772,0,No loan,0.0,Success,POS_Terminal,Verified,0,8
TXN000000868,CUST042930,2019-01-04,16:45,Savings,UPI,42.87,Credit,77155.17,Retail,Maharashtra,342,0,No loan,0.0,Success,Web,Verified,0,16
TXN000000869,CUST067445,2019-01-04,06:39,Savings,POS,237.06,Debit,302297.55,Real Estate,West Bengal,416,0,No loan,0.0,Success,Web,Verified,0,6
TXN000000870,CUST008568,2019-01-04,00:55,Savings,Auto_Debit,993.21,Debit,28955.98,Retail,Tamil Nadu,808,0,No loan,0.0,Success,POS_Terminal,Verified,0,0
TXN000000871,CUST070793,2019-01-04,07:39,Salary,ATM_Withdrawal,500.0,Debit,132404.79,Travel,Karnataka,746,0,No loan,0.0,Success,Mobile_App,Verified,0,7
TXN000000872,CUST065442,2019-01-04,00:43,Current,ATM_Withdrawal,2000.0,Debit,5930.63,Entertainment,West Bengal,314,0,No loan,0.0,Success,Mobile_App,Verified,0,0
TXN000000873,CUST073699,2019-01-04,12:13,Current,ATM_Withdrawal,2000.0,Debit,104080.04,Insurance,Tamil Nadu,434,0,No loan,0.0,Success,ATM,Verified,0,12
TXN000000874,CUST005416,2019-01-04,18:21,NRI,Cheque,21004.79,Debit,5068.98,Investment,Rajasthan,898,0,No loan,0.0,Success,ATM,Verified,0,18
TXN000000875,CUST036160,2019-01-04,05:25,Salary,UPI,338.04,Credit,126912.77,Travel,Delhi,354,0,No loan,0.0,Success,Web,Verified,0,5
TXN000000876,CUST043926,2019-01-04,09:47,Savings,Credit_Card,11605.94,Debit,3628.88,Peer Transfer,Maharashtra,398,1,Education,2959.41,Success,ATM,Verified,0,9
TXN000000877,CUST005952,2019-01-04,13:48,Current,Auto_Debit,1045.1,Debit,125225.36,Retail,West Bengal,706,0,No loan,0.0,Success,Mobile_App,Verified,0,13
TXN000000878,CUST008008,2019-01-04,17:39,Current,POS,326.02,Debit,25505.08,Insurance,Delhi,316,0,No loan,0.0,Success,POS_Terminal,Verified,0,17
TXN000000879,CUST041833,2019-01-04,21:25,Current,UPI,7172.23,Debit,16588.16,Investment,Karnataka,337,0,No loan,0.0,Failed,Branch,Verified,0,21
TXN000000880,CUST058597,2019-01-04,10:41,Salary,NEFT,7423.71,Credit,140672.08,Healthcare,West Bengal,504,0,No loan,0.0,Success,Web,Verified,0,10
TXN000000881,CUST030524,2019-01-04,05:12,Savings,Auto_Debit,1721.53,Debit,173991.38,Retail,Rajasthan,349,1,Personal,2992.74,Success,Web,Pending,0,5
TXN000000882,CUST015525,2019-01-04,00:58,Current,UPI,3681.53,Debit,63382.54,Retail,Maharashtra,689,1,Personal,5755.48,Success,ATM,Verified,0,0
TXN000000883,CUST019283,2019-01-04,09:16,Savings,NEFT,155062.45,Credit,17639.65,Salary,Maharashtra,849,0,No loan,0.0,Success,Mobile_App,Verified,0,9
TXN000000884,CUST023931,2019-01-04,17:00,Current,POS,957.39,Debit,4108.15,E-Commerce,Delhi,863,0,No loan,0.0,Success,Mobile_App,Expired,0,17
TXN000000885,CUST000078,2019-01-04,13:22,Current,NEFT,1835.9,Debit,54175.27,Food & Dining,West Bengal,737,1,Education,2521.03,Success,Mobile_App,Verified,0,13
TXN000000886,CUST020612,2019-01-04,20:06,NRI,Credit_Card,1077.3,Debit,70782.58,Government,Punjab,430,1,Education,2135.96,Success,Mobile_App,Pending,0,20
TXN000000887,CUST016985,2019-01-04,05:17,Savings,ATM_Withdrawal,3000.0,Debit,49021.1,Retail,Gujarat,313,1,Business,7759.03,Success,Web,Verified,0,5
TXN000000888,CUST014061,2019-01-04,21:58,Salary,POS,2066.95,Debit,30687.85,Retail,Tamil Nadu,322,1,Unknown,1863.64,Success,Web,Verified,0,21
TXN000000889,CUST043304,2019-01-04,01:50,Savings,POS,4966.99,Debit,51927.81,Retail,West Bengal,355,1,Auto,1262.43,Success,Branch,Verified,0,1
TXN000000890,CUST059208,2019-01-04,23:45,Savings,Net_Banking,27543.34,Credit,196644.8,Food & Dining,Maharashtra,632,0,No loan,0.0,Success,Branch,Verified,0,23
TXN000000891,CUST075047,2019-01-04,01:33,Savings,IMPS,1600.06,Credit,76830.91,Food & Dining,Tamil Nadu,837,0,No loan,0.0,Success,Web,Verified,0,1
TXN000000892,CUST029288,2019-01-04,12:08,Current,IMPS,4161.92,Debit,5907.33,Peer Transfer,Rajasthan,541,0,No loan,0.0,Success,Mobile_App,Verified,0,12
TXN000000893,CUST039712,2019-01-04,04:12,Current,UPI,535.38,Credit,6607.23,E-Commerce,Gujarat,431,0,No loan,0.0,Success,Mobile_App,Verified,0,4
TXN000000894,CUST011955,2019-01-04,14:42,Salary,RTGS,85673.74,Debit,12928.17,Retail,Maharashtra,745,0,No loan,0.0,Failed,POS_Terminal,Verified,0,14
TXN000000895,CUST073341,2019-01-04,17:30,Salary,Auto_Debit,2711.24,Debit,15057.2,Peer Transfer,Delhi,781,0,No loan,0.0,Success,API,Verified,0,17
TXN000000896,CUST072102,2019-01-04,01:24,Savings,IMPS,3397.3,Debit,61273.85,Food & Dining,Maharashtra,328,0,No loan,0.0,Success,Branch,Verified,0,1
TXN000000897,CUST071521,2019-01-04,12:07,Fixed Deposit,Net_Banking,755.61,Debit,9487.68,Utilities,Maharashtra,822,0,No loan,0.0,Success,Mobile_App,Expired,0,12
TXN000000898,CUST018575,2019-01-04,03:29,Savings,IMPS,811.1,Debit,167417.78,Retail,Telangana,813,1,Education,786.02,Success,ATM,Pending,0,3
TXN000000899,CUST009185,2019-01-04,02:21,Current,UPI,707.19,Debit,190815.42,Utilities,West Bengal,556,0,No loan,0.0,Success,Mobile_App,Verified,0,2
TXN000000900,CUST019097,2019-01-04,07:00,Salary,Net_Banking,2365.28,Debit,61181.42,E-Commerce,Karnataka,744,1,Home,5278.72,Success,Mobile_App,Verified,0,7
TXN000000901,CUST067729,2019-01-04,08:10,Savings,UPI,114.98,Debit,68539.65,Salary,Rajasthan,682,0,No loan,0.0,Success,Mobile_App,Verified,0,8
TXN000000902,CUST034017,2019-01-04,14:22,Salary,POS,1232.14,Debit,13917.37,Entertainment,Tamil Nadu,874,0,No loan,0.0,Success,Web,Verified,0,14
TXN000000903,CUST011247,2019-01-04,00:57,Savings,UPI,838.89,Debit,92578.59,E-Commerce,Karnataka,705,0,No loan,0.0,Failed,Web,Verified,0,0
TXN000000904,CUST045559,2019-01-04,21:22,Savings,UPI,774.74,Credit,6511.9,Peer Transfer,Rajasthan,548,0,No loan,0.0,Success,Mobile_App,Verified,0,21
TXN000000905,CUST018382,2019-01-04,19:16,Savings,POS,1294.9,Debit,68456.36,Retail,Gujarat,675,1,Personal,7069.51,Success,Mobile_App,Pending,0,19
TXN000000906,CUST036456,2019-01-04,11:03,Salary,UPI,651.36,Credit,7044.01,Food & Dining,Maharashtra,664,0,No loan,0.0,Pending,Mobile_App,Verified,0,11
TXN000000907,CUST004019,2019-01-04,11:01,Savings,POS,1076.93,Debit,70253.15,Utilities,Maharashtra,855,1,Unknown,8718.18,Success,Mobile_App,Pending,0,11
TXN000000908,CUST011303,2019-01-04,14:31,Savings,ATM_Withdrawal,1000.0,Debit,6842.65,Travel,Telangana,639,0,No loan,0.0,Success,Web,Verified,0,14
TXN000000909,CUST067507,2019-01-04,19:08,Current,UPI,599.99,Credit,38673.48,Insurance,Rajasthan,711,0,No loan,0.0,Success,Mobile_App,Verified,0,19
TXN000000910,CUST041158,2019-01-04,22:45,Salary,UPI,82.55,Debit,1372.55,Government,Karnataka,832,0,No loan,0.0,Success,POS_Terminal,Verified,0,22
TXN000000911,CUST054918,2019-01-04,00:58,Savings,ATM_Withdrawal,2000.0,Debit,15138.62,Healthcare,Karnataka,354,0,No loan,0.0,Success,POS_Terminal,Verified,0,0
TXN000000912,CUST024520,2019-01-04,19:14,Salary,RTGS,55671.53,Debit,11652.75,Insurance,Telangana,718,0,No loan,0.0,Success,Mobile_App,Verified,0,19
TXN000000913,CUST056820,2019-01-04,22:59,Salary,RTGS,196912.47,Credit,7475.93,Retail,Karnataka,849,0,No loan,0.0,Success,Mobile_App,Verified,0,22
TXN000000914,CUST071325,2019-01-04,03:49,Current,NEFT,1656.29,Debit,60985.32,Investment,Telangana,791,1,Personal,6186.76,Success,Branch,Verified,0,3
TXN000000915,CUST005409,2019-01-04,01:46,Salary,IMPS,202.31,Credit,357310.45,Investment,Maharashtra,405,1,Auto,2960.9,Success,Mobile_App,Verified,0,1
TXN000000916,CUST059380,2019-01-04,18:44,Savings,IMPS,802.82,Debit,184633.93,Healthcare,Telangana,620,1,Education,5178.14,Success,Web,Expired,0,18
TXN000000917,CUST025054,2019-01-04,13:17,Current,POS,572.49,Debit,164155.08,Salary,Delhi,342,0,No loan,0.0,Success,ATM,Verified,0,13
TXN000000918,CUST009447,2019-01-04,03:48,Savings,UPI,162.34,Debit,5637.65,Entertainment,Delhi,675,0,No loan,0.0,Success,Web,Verified,0,3
TXN000000919,CUST000923,2019-01-04,23:39,Salary,IMPS,655.61,Credit,25074.47,Food & Dining,West Bengal,612,0,No loan,0.0,Reversed,ATM,Verified,0,23
TXN000000920,CUST051357,2019-01-04,07:22,Fixed Deposit,IMPS,6275.39,Debit,13121.32,Entertainment,Punjab,852,0,No loan,0.0,Success,POS_Terminal,Pending,0,7
TXN000000921,CUST010790,2019-01-04,08:03,Savings,ATM_Withdrawal,5000.0,Debit,15541.43,Travel,Rajasthan,712,0,No loan,0.0,Failed,Mobile_App,Verified,0,8
TXN000000922,CUST066657,2019-01-04,21:47,Savings,Net_Banking,37998.52,Debit,8096.73,Retail,Telangana,889,0,No loan,0.0,Success,Branch,Verified,0,21
TXN000000923,CUST044029,2019-01-04,09:20,Current,POS,2995.18,Debit,76202.5,Real Estate,UP,529,1,Personal,9095.68,Success,Mobile_App,Verified,0,9
TXN000000924,CUST064485,2019-01-04,23:46,Savings,Credit_Card,3900.33,Debit,24598.78,Retail,Tamil Nadu,354,0,No loan,0.0,Success,POS_Terminal,Verified,0,23
TXN000000925,CUST032155,2019-01-04,00:07,Fixed Deposit,UPI,161.35,Credit,10445.0,Peer Transfer,Karnataka,500,0,No loan,0.0,Success,Mobile_App,Verified,0,0
TXN000000926,CUST002337,2019-01-04,08:20,Savings,RTGS,774836.47,Debit,75298.18,Travel,Delhi,537,0,No loan,0.0,Reversed,API,Verified,0,8
TXN000000927,CUST067780,2019-01-04,01:20,Savings,UPI,29.98,Debit,47014.31,Utilities,Delhi,381,0,No loan,0.0,Reversed,ATM,Verified,0,1
TXN000000928,CUST019030,2019-01-04,00:15,Savings,NEFT,95998.33,Debit,113012.59,Travel,Gujarat,868,1,Home,15378.44,Reversed,Mobile_App,Verified,0,0
TXN000000929,CUST059202,2019-01-04,13:46,Savings,NEFT,116861.73,Debit,34886.36,Travel,Gujarat,325,1,Business,14486.86,Success,ATM,Verified,0,13
TXN000000930,CUST032266,2019-01-04,00:04,Current,NEFT,7529.14,Debit,10389.34,Travel,Karnataka,409,0,No loan,0.0,Success,Web,Verified,0,0
TXN000000931,CUST043873,2019-01-04,07:43,Current,Credit_Card,2691.2,Debit,15386.03,Investment,West Bengal,782,0,No loan,0.0,Success,Web,Verified,0,7
TXN000000932,CUST046198,2019-01-04,15:31,Savings,IMPS,3666.14,Debit,29912.31,Retail,Karnataka,657,0,No loan,0.0,Success,Web,Verified,0,15
TXN000000933,CUST055181,2019-01-04,00:03,Savings,UPI,1649.35,Credit,6235.98,Government,Delhi,573,1,Unknown,5113.11,Success,POS_Terminal,Pending,0,0
TXN000000934,CUST023711,2019-01-04,23:39,Savings,UPI,845.54,Debit,50788.99,Utilities,Rajasthan,810,0,No loan,0.0,Success,Mobile_App,Verified,0,23
TXN000000935,CUST029487,2019-01-04,20:51,Savings,Net_Banking,2763.31,Credit,8927.2,Fuel,Tamil Nadu,701,1,Home,4422.99,Success,Mobile_App,Verified,0,20
TXN000000936,CUST071908,2019-01-04,03:24,Savings,IMPS,9000.49,Credit,21017.11,Insurance,Karnataka,409,0,No loan,0.0,Success,POS_Terminal,Verified,0,3
TXN000000937,CUST071896,2019-01-04,18:38,Savings,NEFT,138896.45,Debit,37296.11,Insurance,Karnataka,681,0,No loan,0.0,Success,Web,Verified,0,18
TXN000000938,CUST064436,2019-01-04,03:15,Savings,IMPS,656.23,Credit,181739.53,Entertainment,Gujarat,645,0,No loan,0.0,Success,Web,Verified,0,3
TXN000000939,CUST040632,2019-01-04,20:03,Current,ATM_Withdrawal,3000.0,Debit,19418.03,Food & Dining,Gujarat,774,1,Auto,6067.73,Success,Web,Verified,0,20
TXN000000940,CUST020104,2019-01-04,22:27,NRI,Auto_Debit,3161.42,Debit,29066.47,Healthcare,Telangana,466,1,Unknown,32662.63,Success,ATM,Verified,0,22
TXN000000941,CUST064773,2019-01-04,12:43,Savings,NEFT,8990.55,Credit,20527.29,Salary,Punjab,560,1,Auto,12511.03,Success,ATM,Verified,0,12
TXN000000942,CUST014383,2019-01-04,07:21,Current,Auto_Debit,1697.52,Debit,143276.64,Salary,Maharashtra,831,0,No loan,0.0,Success,Mobile_App,Verified,0,7
TXN000000943,CUST003757,2019-01-04,16:45,Savings,NEFT,23803.07,Credit,39254.11,Education,Delhi,431,0,No loan,0.0,Success,Web,Verified,0,16
TXN000000944,CUST020610,2019-01-04,18:44,Savings,ATM_Withdrawal,1000.0,Debit,44994.25,Entertainment,Telangana,749,0,No loan,0.0,Success,Mobile_App,Verified,0,18
TXN000000945,CUST016479,2019-01-04,01:00,Salary,ATM_Withdrawal,2000.0,Debit,35214.81,Entertainment,Karnataka,354,1,Business,2777.77,Success,POS_Terminal,Verified,0,1
TXN000000946,CUST039667,2019-01-04,21:35,Salary,IMPS,15359.03,Credit,31977.92,Utilities,Karnataka,383,1,Personal,3548.25,Success,Mobile_App,Verified,0,21
TXN000000947,CUST075684,2019-01-04,02:23,Savings,Net_Banking,6078.38,Debit,99360.4,Salary,Maharashtra,339,0,No loan,0.0,Success,Web,Verified,0,2
TXN000000948,CUST071316,2019-01-04,12:55,Salary,UPI,759.5,Debit,25986.34,E-Commerce,Punjab,368,0,No loan,0.0,Success,API,Verified,0,12
TXN000000949,CUST077835,2019-01-04,09:24,Savings,Net_Banking,4354.02,Debit,35722.3,Travel,Telangana,786,0,No loan,0.0,Success,ATM,Verified,0,9
TXN000000950,CUST014154,2019-01-04,01:47,Savings,IMPS,15551.5,Debit,9641.35,E-Commerce,Maharashtra,501,0,No loan,0.0,Success,Web,Verified,0,1
TXN000000951,CUST076326,2019-01-04,11:39,Salary,NEFT,21815.15,Credit,91378.32,Food & Dining,Karnataka,820,1,Business,3346.89,Success,Mobile_App,Verified,0,11
TXN000000952,CUST013000,2019-01-04,06:58,Current,POS,2334.01,Debit,15207.78,Entertainment,Tamil Nadu,349,1,Business,2557.45,Success,Mobile_App,Verified,0,6
TXN000000953,CUST055319,2019-01-04,09:36,Current,UPI,184.52,Credit,89898.67,Investment,Karnataka,602,0,No loan,0.0,Success,Web,Verified,0,9
TXN000000954,CUST000815,2019-01-04,07:21,Fixed Deposit,RTGS,20009.2,Credit,265912.31,Insurance,Punjab,509,0,No loan,0.0,Failed,Branch,Verified,0,7
TXN000000955,CUST076078,2019-01-04,11:51,Savings,POS,3685.66,Debit,25137.72,Real Estate,UP,822,0,No loan,0.0,Success,POS_Terminal,Verified,0,11
TXN000000956,CUST002444,2019-01-04,02:57,Savings,NEFT,401537.11,Debit,18781.11,Travel,Punjab,383,1,Home,22130.62,Failed,Web,Verified,0,2
TXN000000957,CUST075994,2019-01-04,18:34,Salary,NEFT,44780.29,Credit,2384.05,Entertainment,West Bengal,673,0,No loan,0.0,Success,Web,Verified,0,18
TXN000000958,CUST075917,2019-01-04,22:27,Savings,IMPS,5136.5,Credit,32915.26,Healthcare,Tamil Nadu,464,1,Business,1570.02,Success,Mobile_App,Verified,0,22
TXN000000959,CUST073320,2019-01-04,23:57,Current,UPI,255.86,Credit,9893.82,Insurance,Maharashtra,755,1,Home,6579.54,Success,ATM,Verified,0,23
TXN000000960,CUST017369,2019-01-04,22:42,Savings,UPI,1672.4,Credit,29958.43,E-Commerce,Telangana,698,1,Unknown,2306.52,Success,Mobile_App,Verified,0,22
TXN000000961,CUST015329,2019-01-04,08:24,NRI,POS,1071.23,Debit,5923.04,Real Estate,Rajasthan,394,1,Home,5349.29,Success,POS_Terminal,Verified,0,8
TXN000000962,CUST056943,2019-01-04,22:27,Savings,IMPS,3442.58,Credit,1643.95,Investment,Maharashtra,512,0,No loan,0.0,Success,Branch,Verified,0,22
TXN000000963,CUST027307,2019-01-04,23:45,Salary,ATM_Withdrawal,2000.0,Debit,65724.81,Fuel,Punjab,801,0,No loan,0.0,Success,Branch,Verified,0,23
TXN000000964,CUST039916,2019-01-04,11:26,Savings,NEFT,5460.96,Debit,9725.34,Real Estate,Delhi,889,1,Personal,8285.58,Success,Branch,Verified,0,11
TXN000000965,CUST037220,2019-01-04,05:43,NRI,IMPS,6122.2,Debit,37767.45,Retail,Telangana,739,0,No loan,0.0,Success,Web,Verified,0,5
TXN000000966,CUST064645,2019-01-04,09:39,Salary,UPI,2020.74,Credit,130469.0,E-Commerce,West Bengal,755,0,No loan,0.0,Success,ATM,Verified,0,9
TXN000000967,CUST060280,2019-01-04,08:48,Savings,UPI,203.68,Debit,47208.06,Peer Transfer,West Bengal,711,1,Home,14120.16,Success,Mobile_App,Verified,0,8
TXN000000968,CUST053029,2019-01-04,12:33,Savings,RTGS,220603.69,Credit,31262.85,Retail,Gujarat,409,0,No loan,0.0,Success,Mobile_App,Verified,0,12
TXN000000969,CUST000127,2019-01-04,01:08,Current,UPI,746.56,Credit,74295.95,Utilities,Telangana,625,0,No loan,0.0,Success,Branch,Verified,0,1
TXN000000970,CUST052330,2019-01-04,08:37,Salary,POS,467.82,Debit,249620.6,Healthcare,Rajasthan,584,0,No loan,0.0,Success,Branch,Verified,0,8
TXN000000971,CUST027633,2019-01-04,17:55,Salary,POS,843.84,Debit,76460.97,Healthcare,Karnataka,327,0,No loan,0.0,Success,Mobile_App,Verified,0,17
TXN000000972,CUST065311,2019-01-04,09:28,NRI,ATM_Withdrawal,500.0,Debit,95567.42,Government,Karnataka,740,0,No loan,0.0,Success,Web,Verified,0,9
TXN000000973,CUST055177,2019-01-04,13:13,Savings,UPI,1505.22,Debit,51798.06,Food & Dining,Maharashtra,774,0,No loan,0.0,Success,Mobile_App,Verified,0,13
TXN000000974,CUST044328,2019-01-04,03:04,Salary,UPI,517.71,Credit,13869.49,Retail,Tamil Nadu,545,0,No loan,0.0,Success,Mobile_App,Pending,0,3
TXN000000975,CUST068905,2019-01-04,14:58,Current,IMPS,19191.79,Credit,37844.11,Retail,Maharashtra,725,1,Personal,3701.2,Success,Mobile_App,Verified,0,14
TXN000000976,CUST003798,2019-01-04,02:32,Savings,UPI,561.38,Debit,20413.78,Retail,Tamil Nadu,635,0,No loan,0.0,Success,Mobile_App,Verified,0,2
TXN000000977,CUST047883,2019-01-04,23:55,Current,IMPS,13141.01,Credit,34764.68,Entertainment,Maharashtra,641,0,No loan,0.0,Success,Mobile_App,Pending,0,23
TXN000000978,CUST013719,2019-01-04,01:42,Current,IMPS,24208.72,Credit,4937.02,Utilities,Punjab,832,0,No loan,0.0,Success,Web,Pending,0,1
TXN000000979,CUST034561,2019-01-04,19:18,Savings,UPI,334.26,Debit,196262.02,Travel,Rajasthan,559,1,Home,5793.49,Success,Mobile_App,Verified,0,19
TXN000000980,CUST076590,2019-01-04,14:43,NRI,Credit_Card,5453.78,Debit,63282.84,Investment,Telangana,833,1,Home,8829.52,Success,Web,Verified,0,14
TXN000000981,CUST022117,2019-01-04,18:59,Current,UPI,1028.68,Credit,91506.83,Salary,Rajasthan,349,1,Gold,3938.77,Failed,Mobile_App,Verified,0,18
TXN000000982,CUST036245,2019-01-04,13:29,Salary,NEFT,2400.13,Debit,58761.05,Utilities,Delhi,498,0,No loan,0.0,Success,Web,Verified,0,13
TXN000000983,CUST001646,2019-01-04,05:03,Savings,Auto_Debit,1807.35,Debit,174223.73,Investment,Maharashtra,573,1,Auto,16522.29,Success,Branch,Verified,0,5
TXN000000984,CUST047524,2019-01-04,16:23,Fixed Deposit,Net_Banking,5857.6,Credit,64531.07,Entertainment,West Bengal,836,1,Business,8496.25,Success,Mobile_App,Verified,0,16
TXN000000985,CUST019257,2019-01-04,04:10,Savings,Net_Banking,977.38,Debit,20486.3,Food & Dining,Rajasthan,716,0,No loan,0.0,Success,POS_Terminal,Verified,0,4
TXN000000986,CUST053174,2019-01-04,01:35,Savings,UPI,865.1,Credit,77261.73,Utilities,Maharashtra,728,1,Personal,1518.15,Success,Branch,Verified,0,1
TXN000000987,CUST037431,2019-01-04,13:15,Salary,IMPS,695.68,Debit,49321.54,Food & Dining,Karnataka,440,1,Personal,3234.87,Success,Mobile_App,Verified,0,13
TXN000000988,CUST039283,2019-01-04,19:49,Current,NEFT,8592.78,Credit,69371.02,Real Estate,Rajasthan,339,0,No loan,0.0,Success,POS_Terminal,Verified,0,19
TXN000000989,CUST063375,2019-01-04,15:40,Current,RTGS,339822.96,Credit,49813.79,Healthcare,West Bengal,609,0,No loan,0.0,Success,Mobile_App,Verified,0,15
TXN000000990,CUST068245,2019-01-04,02:58,Salary,POS,989.64,Debit,94090.25,Government,Delhi,866,0,No loan,0.0,Success,ATM,Verified,0,2
TXN000000991,CUST011695,2019-01-04,19:37,Current,POS,393.72,Debit,32002.32,Healthcare,Maharashtra,626,1,Unknown,4326.69,Success,Web,Verified,0,19
TXN000000992,CUST056265,2019-01-04,03:21,Savings,RTGS,131094.13,Credit,49954.48,Investment,Karnataka,386,1,Home,1597.29,Success,ATM,Verified,0,3
TXN000000993,CUST075061,2019-01-04,19:44,Savings,UPI,3196.06,Debit,82896.38,Food & Dining,Maharashtra,345,1,Business,2982.16,Success,Mobile_App,Verified,0,19
TXN000000994,CUST057546,2019-01-04,03:42,Current,Auto_Debit,1332.37,Debit,8127.06,Insurance,Tamil Nadu,712,1,Gold,3211.4,Success,Mobile_App,Verified,0,3
TXN000000995,CUST039225,2019-01-04,06:59,Savings,Credit_Card,123.49,Debit,140161.81,Healthcare,Karnataka,311,0,No loan,0.0,Success,POS_Terminal,Verified,0,6
TXN000000996,CUST013225,2019-01-04,23:27,Salary,Cheque,126078.76,Debit,211640.14,Peer Transfer,Delhi,520,0,No loan,0.0,Pending,ATM,Verified,0,23
TXN000000997,CUST040739,2019-01-04,19:58,Current,POS,426.79,Debit,21166.05,Insurance,Telangana,726,0,No loan,0.0,Success,Web,Verified,0,19
TXN000000998,CUST025151,2019-01-04,14:11,Savings,UPI,1163.43,Credit,41534.56,Retail,UP,785,1,Auto,5447.62,Success,POS_Terminal,Verified,0,14
TXN000000999,CUST063732,2019-01-04,18:13,Savings,IMPS,7223.83,Debit,44187.1,E-Commerce,West Bengal,704,1,Personal,1062.16,Success,Mobile_App,Verified,0,18
TXN000001000,CUST049689,2019-01-04,00:51,Current,UPI,1611.35,Credit,17173.86,Government,Rajasthan,702,1,Unknown,5432.36,Success,Mobile_App,Verified,0,0
TXN000001001,CUST073510,2019-01-04,10:28,Current,UPI,2129.04,Debit,99161.12,Retail,Telangana,506,0,No loan,0.0,Success,Mobile_App,Verified,0,10
TXN000001002,CUST008578,2019-01-04,02:14,Salary,RTGS,51156.16,Debit,29793.76,Education,Gujarat,643,0,No loan,0.0,Success,Web,Verified,0,2
TXN000001003,CUST008071,2019-01-04,01:13,Salary,Credit_Card,17133.9,Debit,23962.7,E-Commerce,Karnataka,692,0,No loan,0.0,Success,Mobile_App,Verified,0,1
TXN000001004,CUST008667,2019-01-04,17:26,Current,UPI,1580.74,Debit,18856.79,Insurance,Karnataka,756,0,No loan,0.0,Success,Mobile_App,Verified,0,17
TXN000001005,CUST057762,2019-01-04,17:42,Savings,NEFT,121232.31,Credit,75886.24,E-Commerce,Maharashtra,335,1,Personal,13568.2,Success,Web,Verified,0,17
TXN000001006,CUST036369,2019-01-04,18:44,Salary,ATM_Withdrawal,1000.0,Debit,20923.4,Education,Telangana,455,0,No loan,0.0,Success,ATM,Verified,0,18
TXN000001007,CUST006784,2019-01-04,17:41,Savings,UPI,473.94,Debit,23446.09,Education,Maharashtra,328,1,Personal,8352.17,Success,Mobile_App,Pending,0,17
TXN000001008,CUST041915,2019-01-04,23:43,NRI,UPI,2445.52,Debit,20187.28,Peer Transfer,Tamil Nadu,852,0,No loan,0.0,Success,Mobile_App,Verified,0,23
TXN000001009,CUST070508,2019-01-04,20:06,Salary,IMPS,1695.63,Debit,313946.22,E-Commerce,Rajasthan,807,0,No loan,0.0,Success,Branch,Verified,0,20
TXN000001010,CUST079027,2019-01-04,17:10,NRI,NEFT,4262.9,Debit,25477.92,Travel,Telangana,511,0,No loan,0.0,Success,Mobile_App,Verified,0,17
TXN000001011,CUST067527,2019-01-04,01:53,Current,UPI,1731.6,Debit,47978.12,Food & Dining,Telangana,856,0,No loan,0.0,Success,Web,Verified,0,1
TXN000001012,CUST070836,2019-01-04,11:29,NRI,RTGS,47584.3,Debit,57342.72,Retail,Delhi,718,0,No loan,0.0,Success,ATM,Verified,0,11
TXN000001013,CUST045766,2019-01-04,15:58,Savings,NEFT,9673.51,Credit,14061.07,Fuel,Karnataka,888,1,Gold,5320.6,Success,Web,Verified,0,15
TXN000001014,CUST019957,2019-01-04,06:07,Savings,UPI,474.85,Debit,24910.78,Education,Gujarat,539,0,No loan,0.0,Success,Mobile_App,Verified,0,6
TXN000001015,CUST046241,2019-01-04,10:37,Savings,UPI,5956.02,Debit,15573.63,Retail,Tamil Nadu,586,1,Personal,4713.34,Success,POS_Terminal,Verified,0,10
TXN000001016,CUST037149,2019-01-04,03:10,NRI,ATM_Withdrawal,10000.0,Debit,17701.67,Food & Dining,Karnataka,351,0,No loan,0.0,Success,Web,Verified,0,3
TXN000001017,CUST004758,2019-01-04,02:13,Savings,POS,815.76,Debit,2537.92,Healthcare,Punjab,587,0,No loan,0.0,Success,Web,Verified,0,2
TXN000001018,CUST019098,2019-01-04,13:21,Salary,UPI,968.98,Debit,24128.07,Insurance,West Bengal,622,1,Business,4253.98,Success,Branch,Expired,0,13
TXN000001019,CUST010396,2019-01-04,10:15,NRI,IMPS,817.25,Credit,41308.99,Travel,Telangana,506,1,Home,2069.34,Success,POS_Terminal,Verified,0,10
TXN000001020,CUST016242,2019-01-04,13:22,NRI,POS,1392.25,Debit,50604.24,Travel,Delhi,789,1,Business,10266.17,Success,Branch,Verified,0,13
TXN000001021,CUST027697,2019-01-04,20:58,Savings,IMPS,6014.03,Credit,12425.28,Investment,UP,341,0,No loan,0.0,Success,Mobile_App,Verified,0,20
TXN000001022,CUST070481,2019-01-04,22:42,Savings,Auto_Debit,1434.4,Debit,273285.01,Travel,Tamil Nadu,401,0,No loan,0.0,Success,ATM,Verified,0,22
TXN000001023,CUST046164,2019-01-04,17:56,Current,ATM_Withdrawal,500.0,Debit,10502.6,Travel,Delhi,534,0,No loan,0.0,Success,Web,Verified,0,17
TXN000001024,CUST019817,2019-01-04,06:52,Current,UPI,1570.08,Debit,95008.24,Food & Dining,West Bengal,779,0,No loan,0.0,Success,Mobile_App,Verified,0,6
TXN000001025,CUST049841,2019-01-04,04:10,Salary,NEFT,96939.47,Debit,233118.84,Peer Transfer,Delhi,657,0,No loan,0.0,Success,API,Pending,0,4
TXN000001026,CUST052854,2019-01-04,22:35,Salary,IMPS,10752.77,Debit,249350.19,Government,West Bengal,493,0,No loan,0.0,Success,ATM,Pending,0,22
TXN000001027,CUST024918,2019-01-04,01:32,Salary,IMPS,10498.83,Debit,9974.48,Travel,UP,852,1,Gold,5884.98,Success,POS_Terminal,Pending,0,1
TXN000001028,CUST021567,2019-01-04,08:14,Savings,NEFT,131833.02,Debit,5704.87,Peer Transfer,Rajasthan,306,1,Home,4089.92,Success,Branch,Pending,0,8
TXN000001029,CUST075453,2019-01-04,12:16,Savings,IMPS,444.07,Credit,48480.64,E-Commerce,Maharashtra,760,1,Business,3225.37,Success,Mobile_App,Verified,0,12
TXN000001030,CUST062824,2019-01-04,15:59,NRI,UPI,547.28,Debit,341775.25,Government,Telangana,469,0,No loan,0.0,Success,API,Expired,0,15
TXN000001031,CUST020807,2019-01-04,12:44,Salary,UPI,828.66,Credit,108615.16,Food & Dining,Punjab,454,0,No loan,0.0,Success,Mobile_App,Verified,0,12
TXN000001032,CUST075521,2019-01-04,12:14,Current,UPI,476.69,Debit,17047.43,Healthcare,Tamil Nadu,743,0,No loan,0.0,Success,Mobile_App,Verified,0,12
TXN000001033,CUST001760,2019-01-04,05:22,Salary,POS,2577.89,Debit,148243.13,Insurance,Maharashtra,521,0,No loan,0.0,Success,Mobile_App,Verified,0,5
TXN000001034,CUST041950,2019-01-04,00:33,Current,Cheque,89359.85,Debit,14784.67,E-Commerce,Delhi,433,1,Personal,2846.72,Success,ATM,Verified,0,0
TXN000001035,CUST002483,2019-01-04,18:25,Current,IMPS,16707.48,Debit,34331.12,Salary,UP,679,1,Personal,2160.42,Success,API,Verified,0,18
TXN000001036,CUST024443,2019-01-04,07:40,Current,Net_Banking,11739.03,Debit,12594.02,Peer Transfer,West Bengal,441,0,No loan,0.0,Success,Mobile_App,Verified,0,7
TXN000001037,CUST033720,2019-01-04,18:38,Savings,UPI,308.27,Debit,227694.17,Entertainment,Maharashtra,769,0,No loan,0.0,Success,Web,Verified,0,18
TXN000001038,CUST058067,2019-01-04,20:36,Savings,Auto_Debit,1436.92,Debit,188876.83,Food & Dining,West Bengal,457,1,Personal,6101.49,Success,Web,Verified,0,20
TXN000001039,CUST002080,2019-01-04,01:55,Current,Net_Banking,9825.11,Credit,54802.5,Education,Tamil Nadu,604,0,No loan,0.0,Success,Mobile_App,Verified,0,1
TXN000001040,CUST002718,2019-01-04,07:57,Current,ATM_Withdrawal,2000.0,Debit,13461.89,Travel,Delhi,317,0,No loan,0.0,Success,ATM,Verified,0,7
TXN000001041,CUST059677,2019-01-04,08:55,Savings,IMPS,11220.37,Debit,278324.26,Education,Tamil Nadu,591,1,Education,9450.53,Success,Branch,Verified,0,8
TXN000001042,CUST027953,2019-01-04,12:43,Savings,IMPS,61082.31,Credit,47171.66,Food & Dining,UP,453,0,No loan,0.0,Success,Mobile_App,Verified,0,12
TXN000001043,CUST042461,2019-01-04,08:05,Salary,IMPS,3283.73,Debit,67534.0,Peer Transfer,Karnataka,442,1,Business,13300.83,Success,Mobile_App,Verified,0,8
TXN000001044,CUST072848,2019-01-04,15:25,Savings,Net_Banking,23584.4,Debit,88441.21,Education,Gujarat,893,0,No loan,0.0,Success,POS_Terminal,Verified,0,15
TXN000001045,CUST018450,2019-01-04,12:07,Savings,UPI,1112.76,Debit,38647.97,Government,Gujarat,584,1,Unknown,7221.29,Success,Web,Verified,0,12
TXN000001046,CUST033537,2019-01-04,20:38,Savings,UPI,319.81,Debit,54139.45,Retail,Karnataka,369,0,No loan,0.0,Success,Web,Verified,0,20
TXN000001047,CUST064078,2019-01-04,18:13,Salary,UPI,1223.95,Debit,108281.77,Salary,Rajasthan,638,0,No loan,0.0,Success,Branch,Verified,0,18
TXN000001048,CUST038259,2019-01-04,16:04,Savings,IMPS,14142.39,Debit,11301.12,Government,Gujarat,765,1,Personal,2199.63,Pending,Mobile_App,Verified,0,16
TXN000001049,CUST048303,2019-01-04,02:19,Current,Net_Banking,3967.02,Debit,26669.5,Entertainment,Telangana,444,0,No loan,0.0,Success,ATM,Verified,0,2
TXN000001050,CUST028866,2019-01-04,22:39,Current,POS,949.29,Debit,238600.17,Peer Transfer,West Bengal,824,0,No loan,0.0,Success,API,Verified,0,22
TXN000001051,CUST006646,2019-01-04,20:07,Current,UPI,231.42,Credit,43172.38,Investment,Delhi,608,0,No loan,0.0,Success,Mobile_App,Verified,0,20
TXN000001052,CUST038001,2019-01-04,03:39,Current,UPI,1038.07,Debit,15808.37,Food & Dining,Delhi,411,0,No loan,0.0,Success,Mobile_App,Verified,0,3
TXN000001053,CUST026738,2019-01-04,05:43,Savings,Auto_Debit,1673.71,Debit,113591.02,Salary,West Bengal,602,1,Auto,417.71,Success,Mobile_App,Pending,0,5
TXN000001054,CUST011486,2019-01-04,10:54,Savings,UPI,471.62,Credit,20694.23,Retail,Tamil Nadu,731,1,Business,6548.48,Success,Mobile_App,Pending,0,10
TXN000001055,CUST038566,2019-01-04,18:17,Current,UPI,243.73,Debit,29765.96,Peer Transfer,Punjab,419,1,Education,4292.39,Success,Branch,Verified,0,18
TXN000001056,CUST025523,2019-01-04,12:30,Savings,NEFT,12281.64,Debit,47411.78,Salary,Gujarat,831,0,No loan,0.0,Success,Mobile_App,Verified,0,12
TXN000001057,CUST065156,2019-01-04,23:07,Fixed Deposit,POS,1657.96,Debit,16251.6,Peer Transfer,Maharashtra,471,0,No loan,0.0,Success,Mobile_App,Verified,0,23
TXN000001058,CUST055169,2019-01-04,23:25,Savings,Net_Banking,1064.79,Debit,19447.19,Retail,Gujarat,712,0,No loan,0.0,Success,Branch,Verified,0,23
TXN000001059,CUST052488,2019-01-04,19:04,Current,NEFT,13421.34,Debit,8423.14,Peer Transfer,Rajasthan,547,0,No loan,0.0,Success,Branch,Pending,0,19
TXN000001060,CUST012343,2019-01-04,21:28,Savings,UPI,7218.79,Debit,51618.14,Food & Dining,Maharashtra,373,1,Auto,3735.13,Success,Mobile_App,Verified,0,21
TXN000001061,CUST040807,2019-01-04,03:53,Savings,UPI,1115.49,Debit,16065.83,Utilities,Maharashtra,629,1,Gold,6570.85,Success,Mobile_App,Verified,0,3
TXN000001062,CUST048771,2019-01-04,19:34,Savings,Auto_Debit,1022.28,Debit,2709.34,Food & Dining,Gujarat,465,0,No loan,0.0,Success,Branch,Verified,0,19
TXN000001063,CUST078624,2019-01-04,12:16,Savings,IMPS,650.22,Debit,21931.31,Healthcare,Maharashtra,628,0,No loan,0.0,Success,API,Pending,0,12
TXN000001064,CUST075630,2019-01-04,14:30,Savings,UPI,170.73,Debit,985.09,Travel,West Bengal,865,0,No loan,0.0,Success,Mobile_App,Verified,0,14
TXN000001065,CUST052604,2019-01-04,01:33,Current,Auto_Debit,838.37,Debit,39694.46,Travel,Maharashtra,823,1,Auto,4769.04,Success,Mobile_App,Verified,0,1
TXN000001066,CUST026400,2019-01-04,01:05,Fixed Deposit,POS,1017.74,Debit,7680.51,Entertainment,Maharashtra,446,1,Gold,5427.75,Failed,ATM,Verified,0,1
TXN000001067,CUST076535,2019-01-04,13:33,Savings,ATM_Withdrawal,5000.0,Debit,90028.2,Food & Dining,Karnataka,816,0,No loan,0.0,Success,Branch,Verified,0,13
TXN000001068,CUST055107,2019-01-04,21:00,Current,UPI,290.98,Debit,21787.49,Retail,Tamil Nadu,564,1,Education,2123.02,Success,Web,Verified,0,21
TXN000001069,CUST030679,2019-01-04,08:56,NRI,Cheque,147719.7,Debit,32616.76,Travel,Maharashtra,687,0,No loan,0.0,Success,Mobile_App,Verified,0,8
TXN000001070,CUST076219,2019-01-04,19:29,Salary,Credit_Card,1334.64,Debit,54356.68,Salary,Gujarat,403,0,No loan,0.0,Success,ATM,Verified,0,19
TXN000001071,CUST063231,2019-01-04,04:05,Salary,NEFT,14211.01,Credit,8829.36,Insurance,Punjab,491,0,No loan,0.0,Success,API,Verified,0,4
TXN000001072,CUST074056,2019-01-04,04:49,Salary,UPI,50.95,Credit,9402.37,Education,Rajasthan,578,0,No loan,0.0,Success,Mobile_App,Verified,0,4
TXN000001073,CUST056374,2019-01-04,22:21,Salary,ATM_Withdrawal,5000.0,Debit,43908.0,Government,Maharashtra,550,0,No loan,0.0,Reversed,API,Verified,0,22
TXN000001074,CUST031481,2019-01-04,11:29,Current,UPI,594.57,Debit,127300.4,Retail,Maharashtra,425,1,Education,7091.19,Success,Web,Verified,0,11
TXN000001075,CUST068837,2019-01-04,10:58,Savings,IMPS,1903.03,Debit,70618.58,E-Commerce,Telangana,324,0,No loan,0.0,Success,ATM,Verified,0,10
TXN000001076,CUST072259,2019-01-04,00:14,Fixed Deposit,ATM_Withdrawal,500.0,Debit,56017.64,E-Commerce,Punjab,803,0,No loan,0.0,Success,Mobile_App,Verified,0,0
TXN000001077,CUST039987,2019-01-04,20:05,Current,NEFT,3296.46,Debit,6884.93,Travel,Tamil Nadu,653,0,No loan,0.0,Success,Web,Verified,0,20
TXN000001078,CUST024161,2019-01-04,07:01,Current,NEFT,28135.65,Debit,18897.34,Food & Dining,Delhi,663,0,No loan,0.0,Success,ATM,Verified,0,7
TXN000001079,CUST079112,2019-01-04,12:51,Savings,NEFT,78284.2,Debit,147327.88,Peer Transfer,Rajasthan,650,1,Personal,5641.05,Success,Web,Verified,0,12
TXN000001080,CUST064930,2019-01-04,02:21,Salary,IMPS,24902.98,Debit,12508.86,Food & Dining,Karnataka,562,0,No loan,0.0,Success,Branch,Verified,0,2
TXN000001081,CUST073507,2019-01-04,00:37,Fixed Deposit,UPI,515.47,Credit,225425.73,Salary,Punjab,335,0,No loan,0.0,Success,ATM,Verified,0,0
TXN000001082,CUST034912,2019-01-04,14:38,Fixed Deposit,UPI,1236.3,Debit,12255.46,Fuel,Rajasthan,751,0,No loan,0.0,Success,Mobile_App,Verified,0,14
TXN000001083,CUST031822,2019-01-04,08:03,Fixed Deposit,ATM_Withdrawal,1000.0,Debit,13803.68,Salary,Delhi,436,1,Unknown,2990.27,Success,Web,Verified,0,8
TXN000001084,CUST075040,2019-01-04,05:51,Current,UPI,167.67,Debit,3659.26,Insurance,Tamil Nadu,345,1,Education,4619.21,Success,API,Verified,0,5
TXN000001085,CUST060536,2019-01-04,21:34,Salary,RTGS,43221.58,Debit,42830.81,Travel,Maharashtra,500,0,No loan,0.0,Success,Branch,Verified,0,21
TXN000001086,CUST012176,2019-01-04,21:55,Savings,Net_Banking,36188.19,Debit,26671.07,Insurance,Delhi,558,0,No loan,0.0,Success,Mobile_App,Verified,0,21
TXN000001087,CUST054772,2019-01-04,00:32,Current,Net_Banking,1304.69,Debit,71866.59,Entertainment,Tamil Nadu,751,0,No loan,0.0,Success,Mobile_App,Verified,0,0
TXN000001088,CUST066359,2019-01-04,09:28,Current,Auto_Debit,360.75,Debit,14988.8,Education,Delhi,457,0,No loan,0.0,Success,Web,Verified,0,9
TXN000001089,CUST017328,2019-01-04,13:01,Savings,UPI,1619.9,Debit,15360.7,Travel,Tamil Nadu,797,0,No loan,0.0,Success,Branch,Verified,0,13
TXN000001090,CUST047058,2019-01-04,12:53,Savings,Net_Banking,23403.42,Credit,26549.22,Education,West Bengal,304,0,No loan,0.0,Success,Web,Pending,0,12
TXN000001091,CUST006151,2019-01-04,08:29,Current,IMPS,7876.76,Credit,570148.56,Utilities,Tamil Nadu,415,0,No loan,0.0,Success,Mobile_App,Verified,0,8
TXN000001092,CUST004426,2019-01-04,16:07,Savings,UPI,111.85,Debit,9159.69,Food & Dining,Gujarat,819,1,Unknown,10122.3,Success,Mobile_App,Verified,0,16
TXN000001093,CUST016033,2019-01-04,07:09,Savings,Net_Banking,8877.66,Credit,264951.37,E-Commerce,UP,578,0,No loan,0.0,Success,Web,Verified,0,7
TXN000001094,CUST002199,2019-01-04,18:29,Savings,IMPS,848.45,Credit,271417.73,Utilities,UP,827,0,No loan,0.0,Success,Branch,Verified,0,18
TXN000001095,CUST060501,2019-01-04,23:54,Salary,UPI,887.14,Debit,98074.9,Retail,Delhi,825,0,No loan,0.0,Success,Mobile_App,Verified,0,23
TXN000001096,CUST053395,2019-01-04,08:57,Current,UPI,1044.27,Debit,74587.79,Food & Dining,Delhi,838,0,No loan,0.0,Success,Mobile_App,Verified,0,8
TXN000001097,CUST020080,2019-01-04,13:01,Current,ATM_Withdrawal,3000.0,Debit,34227.13,Healthcare,Maharashtra,522,1,Education,3304.45,Success,Branch,Verified,0,13
TXN000001098,CUST036221,2019-01-04,21:20,NRI,NEFT,6978.71,Debit,11092.83,Entertainment,Punjab,681,0,No loan,0.0,Success,Mobile_App,Verified,0,21
TXN000001099,CUST041875,2019-01-04,04:53,Salary,IMPS,1939.11,Credit,78164.23,Government,UP,626,0,No loan,0.0,Success,POS_Terminal,Pending,0,4
TXN000001100,CUST013860,2019-01-04,22:36,Savings,NEFT,29618.55,Debit,4002.46,Insurance,Tamil Nadu,368,0,No loan,0.0,Success,Mobile_App,Verified,0,22
TXN000001101,CUST050461,2019-01-04,03:08,Savings,IMPS,747.59,Credit,75821.26,Peer Transfer,Maharashtra,740,1,Unknown,3101.86,Success,POS_Terminal,Pending,0,3
TXN000001102,CUST031420,2019-01-04,21:07,Current,ATM_Withdrawal,1000.0,Debit,4931.39,Salary,Maharashtra,758,1,Auto,14720.78,Success,ATM,Verified,0,21
TXN000001103,CUST008706,2019-01-04,09:40,Savings,UPI,270.26,Debit,76958.31,Salary,Punjab,808,1,Auto,8142.21,Success,Mobile_App,Verified,0,9
TXN000001104,CUST042881,2019-01-04,19:43,Fixed Deposit,Cheque,108807.74,Credit,204505.48,Healthcare,Rajasthan,884,0,No loan,0.0,Success,Mobile_App,Verified,0,19
TXN000001105,CUST023237,2019-01-04,00:05,Current,Net_Banking,295.3,Debit,62260.46,Utilities,Tamil Nadu,710,0,No loan,0.0,Success,API,Verified,0,0
TXN000001106,CUST015359,2019-01-04,04:11,Savings,UPI,1662.66,Debit,913583.65,Education,Telangana,603,0,No loan,0.0,Success,POS_Terminal,Verified,0,4
TXN000001107,CUST076919,2019-01-04,22:01,Savings,UPI,2498.32,Credit,2401.18,Real Estate,Telangana,467,0,No loan,0.0,Failed,Mobile_App,Verified,0,22
TXN000001108,CUST014597,2019-01-04,14:43,Fixed Deposit,RTGS,1071089.42,Debit,26378.25,E-Commerce,Maharashtra,330,0,No loan,0.0,Success,API,Verified,0,14
TXN000001109,CUST033573,2019-01-04,10:11,Current,IMPS,2663.64,Credit,232816.84,Peer Transfer,Karnataka,473,1,Unknown,32289.7,Success,Branch,Verified,0,10
TXN000001110,CUST078758,2019-01-04,15:49,Savings,Net_Banking,6739.16,Credit,25479.54,Insurance,Karnataka,623,0,No loan,0.0,Success,Web,Verified,0,15
TXN000001111,CUST001280,2019-01-04,06:31,Savings,POS,235.0,Debit,357780.5,Healthcare,Karnataka,765,1,Home,2971.59,Reversed,POS_Terminal,Verified,0,6
TXN000001112,CUST063198,2019-01-04,10:18,Current,ATM_Withdrawal,2000.0,Debit,18079.83,Salary,Rajasthan,508,0,No loan,0.0,Success,Mobile_App,Verified,0,10
TXN000001113,CUST062517,2019-01-04,00:14,Savings,UPI,149.82,Credit,8868.63,Investment,West Bengal,391,0,No loan,0.0,Success,Mobile_App,Pending,0,0
TXN000001114,CUST007084,2019-01-04,22:18,Salary,NEFT,51532.27,Debit,11395.23,Utilities,Telangana,549,1,Personal,4644.9,Success,POS_Terminal,Verified,0,22
TXN000001115,CUST017772,2019-01-04,02:31,Savings,IMPS,2409.6,Credit,31586.84,Investment,Karnataka,752,0,No loan,0.0,Success,Web,Verified,0,2
TXN000001116,CUST029976,2019-01-04,20:48,Fixed Deposit,NEFT,5844.98,Debit,342874.5,Travel,Maharashtra,698,1,Personal,13796.34,Success,Web,Verified,0,20
TXN000001117,CUST045649,2019-01-04,23:13,Current,Net_Banking,16327.15,Credit,108662.43,Insurance,UP,430,0,No loan,0.0,Success,Mobile_App,Verified,0,23
TXN000001118,CUST048286,2019-01-04,18:35,Savings,UPI,438.09,Debit,27794.89,E-Commerce,UP,553,0,No loan,0.0,Success,Branch,Verified,0,18
TXN000001119,CUST019064,2019-01-04,10:21,Current,NEFT,5063.01,Debit,50936.86,Entertainment,Telangana,390,0,No loan,0.0,Success,ATM,Pending,0,10
TXN000001120,CUST067643,2019-01-04,13:12,NRI,NEFT,4910.77,Debit,23713.44,Education,Gujarat,440,1,Personal,798.57,Success,Web,Verified,0,13
TXN000001121,CUST037600,2019-01-04,22:36,Savings,IMPS,3522.59,Debit,2904.04,Peer Transfer,Maharashtra,691,0,No loan,0.0,Success,Mobile_App,Verified,0,22
TXN000001122,CUST051921,2019-01-04,21:16,Salary,POS,971.77,Debit,6354.65,Entertainment,UP,542,1,Personal,5085.04,Success,Mobile_App,Verified,0,21
TXN000001123,CUST028530,2019-01-04,00:40,Fixed Deposit,UPI,562.28,Credit,105472.84,Healthcare,Tamil Nadu,542,1,Personal,6843.03,Success,Branch,Verified,0,0
TXN000001124,CUST035955,2019-01-04,14:38,Salary,Cheque,83791.55,Debit,5146.94,Insurance,West Bengal,399,1,Home,23646.92,Success,Web,Pending,0,14
TXN000001125,CUST027857,2019-01-04,18:45,Current,UPI,2682.21,Debit,246929.66,Investment,Tamil Nadu,490,0,No loan,0.0,Success,Mobile_App,Verified,0,18
TXN000001126,CUST002574,2019-01-04,03:27,Current,UPI,4487.52,Debit,44558.28,E-Commerce,Telangana,306,0,No loan,0.0,Success,API,Pending,0,3
TXN000001127,CUST078345,2019-01-04,16:06,Savings,POS,140.43,Debit,4794.53,Government,Karnataka,842,0,No loan,0.0,Success,ATM,Verified,0,16
TXN000001128,CUST035368,2019-01-04,05:12,Savings,UPI,1008.08,Debit,359947.92,Utilities,Karnataka,468,1,Auto,1741.94,Success,Web,Verified,0,5
TXN000001129,CUST060775,2019-01-04,07:19,Current,Net_Banking,5588.11,Debit,274954.75,Utilities,Delhi,881,0,No loan,0.0,Success,Mobile_App,Verified,0,7
TXN000001130,CUST023753,2019-01-04,15:46,Savings,IMPS,593.6,Credit,2539.49,Education,Gujarat,876,0,No loan,0.0,Pending,API,Pending,0,15
TXN000001131,CUST055030,2019-01-04,18:27,Current,RTGS,58975.1,Credit,48810.66,Travel,Delhi,313,0,No loan,0.0,Success,Mobile_App,Verified,0,18
TXN000001132,CUST017686,2019-01-04,22:07,Savings,Credit_Card,3612.42,Debit,542039.11,Salary,Gujarat,662,0,No loan,0.0,Success,ATM,Verified,0,22
TXN000001133,CUST051694,2019-01-04,10:56,Savings,IMPS,3123.9,Debit,36536.41,E-Commerce,Maharashtra,881,0,No loan,0.0,Success,Mobile_App,Verified,0,10
TXN000001134,CUST055962,2019-01-04,15:51,Savings,UPI,554.31,Debit,7893.3,Peer Transfer,Gujarat,875,1,Unknown,6670.94,Success,Branch,Verified,0,15
TXN000001135,CUST076909,2019-01-04,06:17,Savings,UPI,1458.65,Debit,158817.67,Retail,Punjab,550,1,Home,2548.2,Success,POS_Terminal,Verified,0,6
TXN000001136,CUST074533,2019-01-04,14:26,Current,RTGS,467026.16,Debit,3192.19,Government,Karnataka,828,0,No loan,0.0,Success,POS_Terminal,Verified,0,14
TXN000001137,CUST056134,2019-01-04,13:04,Savings,ATM_Withdrawal,1000.0,Debit,8652.76,Food & Dining,Tamil Nadu,530,1,Business,3459.38,Failed,Web,Verified,0,13
TXN000001138,CUST061269,2019-01-04,07:26,Current,IMPS,15215.67,Credit,53225.11,Retail,Gujarat,773,0,No loan,0.0,Success,Mobile_App,Verified,0,7
TXN000001139,CUST038244,2019-01-04,21:50,NRI,Auto_Debit,6637.66,Debit,43795.86,Fuel,West Bengal,583,0,No loan,0.0,Success,Mobile_App,Verified,0,21
TXN000001140,CUST057385,2019-01-04,02:10,Salary,NEFT,21322.03,Debit,9610.25,Salary,Delhi,441,1,Home,5822.27,Success,Web,Verified,0,2
TXN000001141,CUST031654,2019-01-04,10:56,NRI,Credit_Card,1927.57,Debit,4890.35,Salary,Rajasthan,699,0,No loan,0.0,Success,Mobile_App,Verified,0,10
TXN000001142,CUST026658,2019-01-04,14:55,Current,IMPS,667.93,Credit,280573.1,Utilities,Tamil Nadu,451,0,No loan,0.0,Success,Web,Verified,0,14
TXN000001143,CUST039953,2019-01-04,04:10,Savings,Credit_Card,1823.5,Debit,135922.56,E-Commerce,Maharashtra,754,0,No loan,0.0,Pending,API,Verified,0,4
TXN000001144,CUST022181,2019-01-04,18:27,Savings,ATM_Withdrawal,5000.0,Debit,46575.13,Utilities,West Bengal,604,0,No loan,0.0,Success,API,Verified,0,18
TXN000001145,CUST078412,2019-01-04,19:05,Current,POS,1919.45,Debit,133484.88,Investment,Maharashtra,379,0,No loan,0.0,Success,POS_Terminal,Verified,0,19
TXN000001146,CUST001623,2019-01-04,13:41,NRI,Net_Banking,1388.72,Debit,98864.65,Salary,Karnataka,472,0,No loan,0.0,Success,Mobile_App,Pending,0,13
TXN000001147,CUST048757,2019-01-04,17:19,Current,Auto_Debit,4335.12,Debit,46186.19,Education,Punjab,678,0,No loan,0.0,Success,Mobile_App,Verified,0,17
TXN000001148,CUST040810,2019-01-04,02:50,Current,UPI,1606.29,Credit,9355.77,E-Commerce,Maharashtra,853,0,No loan,0.0,Success,Mobile_App,Verified,0,2
TXN000001149,CUST016726,2019-01-04,00:32,Savings,IMPS,544.44,Debit,2858.79,Food & Dining,West Bengal,769,0,No loan,0.0,Success,Web,Verified,0,0
TXN000001150,CUST061397,2019-01-04,19:17,Savings,UPI,152.93,Credit,50328.24,Real Estate,Telangana,613,0,No loan,0.0,Success,POS_Terminal,Verified,0,19
TXN000001151,CUST051227,2019-01-04,23:30,Current,UPI,641.73,Debit,6136.83,E-Commerce,Telangana,305,1,Personal,3056.72,Pending,ATM,Verified,0,23
TXN000001152,CUST029403,2019-01-04,13:03,Salary,ATM_Withdrawal,3000.0,Debit,19232.37,Utilities,Maharashtra,445,1,Personal,2662.06,Success,Mobile_App,Verified,0,13
TXN000001153,CUST004264,2019-01-04,22:49,Current,IMPS,665.87,Debit,35679.41,Entertainment,UP,702,0,No loan,0.0,Success,Branch,Pending,0,22
TXN000001154,CUST046829,2019-01-04,03:20,Savings,NEFT,3530.82,Debit,763867.29,E-Commerce,Tamil Nadu,761,0,No loan,0.0,Success,Web,Verified,0,3
TXN000001155,CUST047925,2019-01-04,04:47,Salary,POS,1466.0,Debit,6934.54,Insurance,Maharashtra,454,0,No loan,0.0,Success,Web,Verified,0,4
TXN000001156,CUST074183,2019-01-04,02:47,Current,ATM_Withdrawal,2000.0,Debit,7984.76,Salary,Tamil Nadu,499,1,Personal,656.62,Success,Mobile_App,Verified,0,2
TXN000001157,CUST059053,2019-01-04,16:45,NRI,NEFT,105964.47,Debit,36107.68,Education,Karnataka,399,1,Home,3269.42,Success,Web,Verified,0,16
TXN000001158,CUST011665,2019-01-04,21:18,Savings,UPI,344.08,Debit,38569.18,Government,Punjab,491,0,No loan,0.0,Success,POS_Terminal,Pending,0,21
TXN000001159,CUST035738,2019-01-04,14:15,NRI,IMPS,33758.28,Credit,162343.57,Travel,West Bengal,631,1,Gold,32818.14,Reversed,Branch,Verified,0,14
TXN000001160,CUST029374,2019-01-04,13:55,Savings,UPI,1823.96,Credit,32307.11,Retail,Maharashtra,746,0,No loan,0.0,Success,Branch,Verified,0,13
TXN000001161,CUST036398,2019-01-04,00:24,Savings,NEFT,17206.99,Credit,65666.81,Food & Dining,Delhi,538,0,No loan,0.0,Success,Mobile_App,Verified,0,0
TXN000001162,CUST038710,2019-01-04,14:30,Current,UPI,4197.69,Debit,29985.68,Utilities,Tamil Nadu,358,0,No loan,0.0,Success,Mobile_App,Verified,0,14
TXN000001163,CUST061121,2019-01-04,04:25,Savings,NEFT,58292.44,Credit,202726.92,Education,Tamil Nadu,522,1,Business,1863.15,Success,Mobile_App,Verified,0,4
TXN000001164,CUST019251,2019-01-05,15:26,Current,ATM_Withdrawal,10000.0,Debit,282272.64,Retail,Tamil Nadu,705,1,Auto,3637.94,Success,Web,Verified,0,15
TXN000001165,CUST021173,2019-01-05,07:36,Savings,ATM_Withdrawal,500.0,Debit,10468.38,Government,Gujarat,518,0,No loan,0.0,Success,Web,Verified,0,7
TXN000001166,CUST011556,2019-01-05,20:20,Savings,UPI,3522.64,Debit,45765.05,Insurance,Maharashtra,762,1,Business,2967.46,Success,Branch,Verified,0,20
TXN000001167,CUST078618,2019-01-05,16:58,Current,Credit_Card,2229.59,Debit,59238.67,E-Commerce,Rajasthan,547,0,No loan,0.0,Success,ATM,Verified,0,16
TXN000001168,CUST053277,2019-01-05,01:04,Current,RTGS,529451.66,Debit,6768.64,Healthcare,UP,519,1,Personal,3762.58,Failed,Web,Verified,0,1
TXN000001169,CUST057493,2019-01-05,21:50,Fixed Deposit,ATM_Withdrawal,2000.0,Debit,10224.78,Retail,Maharashtra,647,1,Gold,8776.58,Success,Mobile_App,Verified,1,21
TXN000001170,CUST053003,2019-01-05,20:04,Savings,NEFT,12828.71,Credit,15390.56,Salary,Maharashtra,855,0,No loan,0.0,Success,Branch,Verified,0,20
TXN000001171,CUST072356,2019-01-05,13:14,Current,Auto_Debit,1178.87,Debit,79790.47,Retail,Maharashtra,483,0,No loan,0.0,Success,Mobile_App,Verified,0,13
TXN000001172,CUST024763,2019-01-05,02:53,Salary,UPI,190.16,Debit,91150.65,Travel,Karnataka,814,1,Personal,7801.32,Success,Branch,Verified,0,2
TXN000001173,CUST011047,2019-01-05,03:21,Current,IMPS,2019.73,Credit,22373.34,Retail,UP,494,0,No loan,0.0,Success,ATM,Verified,0,3
TXN000001174,CUST028770,2019-01-05,05:09,Current,Cheque,13908.18,Debit,21478.31,Retail,Punjab,383,0,No loan,0.0,Success,Mobile_App,Verified,0,5
TXN000001175,CUST053303,2019-01-05,07:51,Savings,ATM_Withdrawal,5000.0,Debit,1306286.62,Retail,UP,328,1,Personal,8405.69,Success,Web,Verified,0,7
TXN000001176,CUST023151,2019-01-05,01:21,Savings,POS,2147.41,Debit,2315.76,Investment,Delhi,702,0,No loan,0.0,Success,ATM,Pending,1,1
TXN000001177,CUST068248,2019-01-05,01:35,Savings,IMPS,635.96,Credit,36385.2,Retail,Tamil Nadu,572,0,No loan,0.0,Success,Branch,Verified,0,1
TXN000001178,CUST004854,2019-01-05,10:07,Salary,UPI,863.97,Debit,52222.83,Travel,Rajasthan,854,0,No loan,0.0,Success,Mobile_App,Verified,0,10
TXN000001179,CUST021793,2019-01-05,02:52,Fixed Deposit,UPI,684.84,Debit,10269.46,Food & Dining,Maharashtra,827,1,Personal,6854.64,Success,Mobile_App,Verified,0,2
TXN000001180,CUST059130,2019-01-05,22:45,Savings,Net_Banking,605.58,Credit,25219.35,Food & Dining,Karnataka,825,0,No loan,0.0,Success,POS_Terminal,Verified,0,22
TXN000001181,CUST074479,2019-01-05,12:23,Fixed Deposit,Credit_Card,1626.56,Debit,30418.58,Utilities,Tamil Nadu,351,0,No loan,0.0,Success,Mobile_App,Verified,0,12
TXN000001182,CUST067299,2019-01-05,23:23,Current,ATM_Withdrawal,2000.0,Debit,67231.85,Utilities,Maharashtra,858,1,Personal,3754.1,Success,POS_Terminal,Verified,0,23
TXN000001183,CUST031988,2019-01-05,15:42,Salary,UPI,944.6,Debit,362886.95,E-Commerce,Gujarat,405,0,No loan,0.0,Success,Branch,Verified,0,15
TXN000001184,CUST015851,2019-01-05,07:48,Savings,ATM_Withdrawal,10000.0,Debit,74007.7,Food & Dining,West Bengal,548,0,No loan,0.0,Success,Branch,Verified,0,7
TXN000001185,CUST012113,2019-01-05,08:42,NRI,NEFT,178167.97,Debit,5079.05,E-Commerce,Karnataka,839,0,No loan,0.0,Failed,ATM,Verified,0,8
TXN000001186,CUST024059,2019-01-05,09:14,NRI,UPI,66.42,Debit,43787.52,E-Commerce,UP,822,1,Unknown,11682.1,Success,Web,Verified,0,9
TXN000001187,CUST045421,2019-01-05,11:05,Salary,NEFT,17206.94,Credit,9364.57,Travel,Gujarat,455,0,No loan,0.0,Success,ATM,Verified,0,11
TXN000001188,CUST038891,2019-01-05,06:43,NRI,RTGS,61832.69,Credit,167180.39,Government,UP,300,0,No loan,0.0,Success,Web,Verified,0,6
TXN000001189,CUST066018,2019-01-05,02:57,Savings,Credit_Card,3053.37,Debit,91814.85,Travel,West Bengal,714,0,No loan,0.0,Success,Web,Verified,0,2
TXN000001190,CUST047305,2019-01-05,09:33,Current,UPI,368.18,Debit,22565.51,Insurance,Tamil Nadu,812,0,No loan,0.0,Success,Web,Pending,0,9
TXN000001191,CUST032922,2019-01-05,11:34,Savings,NEFT,111341.57,Credit,88707.04,Insurance,Karnataka,337,0,No loan,0.0,Success,Mobile_App,Verified,0,11
TXN000001192,CUST001525,2019-01-05,08:18,NRI,NEFT,48282.19,Credit,24643.15,Entertainment,Gujarat,705,0,No loan,0.0,Success,Mobile_App,Verified,0,8
TXN000001193,CUST015049,2019-01-05,12:29,Salary,ATM_Withdrawal,5000.0,Debit,63810.24,Food & Dining,Rajasthan,426,1,Personal,8394.1,Success,Branch,Verified,0,12
TXN000001194,CUST035112,2019-01-05,05:00,Salary,Net_Banking,92150.69,Credit,6779.15,Entertainment,Telangana,377,1,Home,7084.19,Success,API,Verified,0,5
TXN000001195,CUST037905,2019-01-05,11:54,Savings,Cheque,2766.11,Debit,42786.51,Entertainment,UP,387,1,Home,5181.61,Success,Web,Verified,0,11
TXN000001196,CUST054913,2019-01-05,10:49,Salary,NEFT,13000.4,Debit,23591.79,Government,Maharashtra,592,0,No loan,0.0,Success,Web,Verified,0,10
TXN000001197,CUST034009,2019-01-05,03:28,Salary,NEFT,7511.14,Debit,371561.9,Entertainment,Tamil Nadu,357,0,No loan,0.0,Success,ATM,Verified,0,3
TXN000001198,CUST000061,2019-01-05,20:08,Current,RTGS,340886.1,Debit,74972.75,Education,Delhi,825,1,Personal,12890.29,Success,Mobile_App,Verified,0,20
TXN000001199,CUST074667,2019-01-05,04:12,Salary,UPI,4470.44,Debit,1988.09,Food & Dining,Rajasthan,694,1,Auto,2110.75,Success,Mobile_App,Verified,0,4
TXN000001200,CUST055338,2019-01-05,23:34,Current,POS,165.26,Debit,19993.78,Healthcare,Tamil Nadu,851,0,No loan,0.0,Success,POS_Terminal,Verified,0,23
TXN000001201,CUST013351,2019-01-05,22:30,Salary,POS,12467.09,Debit,59767.77,Entertainment,Gujarat,540,0,No loan,0.0,Success,Web,Verified,0,22
TXN000001202,CUST024355,2019-01-05,19:36,Savings,IMPS,4014.86,Credit,67786.68,Investment,West Bengal,317,0,No loan,0.0,Success,Mobile_App,Verified,0,19
TXN000001203,CUST045187,2019-01-05,16:36,Savings,UPI,1997.13,Debit,13265.24,Travel,Maharashtra,577,0,No loan,0.0,Success,Web,Pending,0,16
TXN000001204,CUST028146,2019-01-05,02:18,Savings,UPI,730.5,Credit,677950.18,Investment,Tamil Nadu,344,0,No loan,0.0,Success,Branch,Pending,0,2
TXN000001205,CUST034021,2019-01-05,11:41,Savings,UPI,561.59,Debit,163125.35,Peer Transfer,Delhi,681,0,No loan,0.0,Success,POS_Terminal,Verified,0,11
TXN000001206,CUST075187,2019-01-05,11:11,Current,UPI,871.5,Debit,17483.42,Government,Maharashtra,402,0,No loan,0.0,Success,Web,Verified,0,11
TXN000001207,CUST020582,2019-01-05,20:24,Savings,UPI,645.78,Debit,13380.31,Peer Transfer,Tamil Nadu,590,0,No loan,0.0,Success,ATM,Verified,0,20
TXN000001208,CUST023052,2019-01-05,09:04,Savings,UPI,953.4,Debit,112524.19,Healthcare,West Bengal,478,1,Personal,3596.5,Failed,Web,Verified,0,9
TXN000001209,CUST051475,2019-01-05,07:00,Current,IMPS,8443.95,Debit,423212.21,Investment,Gujarat,751,0,No loan,0.0,Success,Mobile_App,Verified,0,7
TXN000001210,CUST069627,2019-01-05,17:52,Savings,UPI,457.34,Debit,124061.08,Fuel,Delhi,756,0,No loan,0.0,Success,Mobile_App,Verified,0,17
TXN000001211,CUST006961,2019-01-05,21:15,Current,UPI,2821.55,Debit,156525.47,Travel,Tamil Nadu,447,0,No loan,0.0,Success,API,Verified,0,21
TXN000001212,CUST035773,2019-01-05,03:17,Fixed Deposit,POS,156.06,Debit,18079.61,Government,Tamil Nadu,399,0,No loan,0.0,Success,Mobile_App,Verified,0,3
TXN000001213,CUST021521,2019-01-05,03:41,Savings,NEFT,30267.05,Credit,14578.73,Investment,Rajasthan,360,0,No loan,0.0,Success,Web,Verified,0,3
TXN000001214,CUST049482,2019-01-05,04:43,Salary,UPI,1052.21,Debit,90209.2,Government,Telangana,479,0,No loan,0.0,Success,Branch,Verified,0,4
TXN000001215,CUST036409,2019-01-05,22:06,Current,POS,671.64,Debit,56917.89,Healthcare,Telangana,859,1,Personal,516.65,Success,POS_Terminal,Pending,0,22
TXN000001216,CUST057135,2019-01-05,08:49,Savings,ATM_Withdrawal,5000.0,Debit,151414.47,Retail,UP,629,0,No loan,0.0,Success,POS_Terminal,Verified,0,8
TXN000001217,CUST020492,2019-01-05,20:23,Savings,POS,157.32,Debit,18485.84,Peer Transfer,Telangana,450,1,Personal,4911.93,Success,Mobile_App,Verified,0,20
TXN000001218,CUST001342,2019-01-05,21:56,Fixed Deposit,ATM_Withdrawal,2000.0,Debit,17646.38,Education,Karnataka,869,1,Home,2662.72,Success,Branch,Verified,0,21
TXN000001219,CUST044624,2019-01-05,22:27,Salary,Credit_Card,2789.47,Debit,12098.85,Food & Dining,Gujarat,651,0,No loan,0.0,Success,Mobile_App,Verified,0,22
TXN000001220,CUST000339,2019-01-05,09:19,Salary,IMPS,8232.17,Credit,12182.74,Fuel,Tamil Nadu,408,0,No loan,0.0,Success,Web,Verified,0,9
TXN000001221,CUST071432,2019-01-05,02:54,Fixed Deposit,RTGS,29399.4,Debit,192662.61,Salary,UP,392,0,No loan,0.0,Failed,Branch,Verified,0,2
TXN000001222,CUST012255,2019-01-05,18:45,Savings,ATM_Withdrawal,5000.0,Debit,2177.52,Retail,West Bengal,340,0,No loan,0.0,Success,ATM,Verified,0,18
TXN000001223,CUST051861,2019-01-05,11:38,Salary,NEFT,67985.55,Credit,21155.91,Travel,Rajasthan,838,0,No loan,0.0,Failed,Web,Verified,0,11
TXN000001224,CUST011345,2019-01-05,23:16,Savings,UPI,399.24,Credit,15432.25,Utilities,Gujarat,709,1,Home,1246.42,Reversed,Mobile_App,Verified,0,23
TXN000001225,CUST001751,2019-01-05,07:20,Savings,IMPS,623.15,Debit,29554.85,Insurance,Delhi,489,0,No loan,0.0,Success,Branch,Verified,0,7
TXN000001226,CUST054757,2019-01-05,07:29,Current,UPI,172.14,Debit,73084.75,Utilities,Gujarat,358,0,No loan,0.0,Success,POS_Terminal,Verified,0,7
TXN000001227,CUST067958,2019-01-05,12:30,Fixed Deposit,POS,1801.05,Debit,76367.98,Food & Dining,Karnataka,805,0,No loan,0.0,Success,POS_Terminal,Verified,0,12
TXN000001228,CUST058054,2019-01-05,02:06,Current,UPI,652.1,Debit,307799.66,Entertainment,Maharashtra,601,0,No loan,0.0,Success,POS_Terminal,Verified,0,2
TXN000001229,CUST070856,2019-01-05,13:41,Savings,UPI,1641.51,Credit,8788.74,E-Commerce,Karnataka,548,0,No loan,0.0,Success,API,Verified,0,13
TXN000001230,CUST015897,2019-01-05,16:32,Savings,IMPS,6817.65,Debit,88259.18,Real Estate,Delhi,308,0,No loan,0.0,Success,Web,Pending,0,16
TXN000001231,CUST055762,2019-01-05,03:39,Savings,POS,848.42,Debit,34754.57,E-Commerce,Punjab,653,0,No loan,0.0,Success,ATM,Pending,0,3
TXN000001232,CUST062553,2019-01-05,10:45,Savings,IMPS,3393.38,Credit,16351.26,Salary,Gujarat,618,1,Personal,5939.49,Success,POS_Terminal,Verified,0,10
TXN000001233,CUST077455,2019-01-05,09:41,Savings,POS,762.13,Debit,22638.85,E-Commerce,Maharashtra,688,0,No loan,0.0,Success,Mobile_App,Verified,0,9
TXN000001234,CUST027936,2019-01-05,05:27,Current,ATM_Withdrawal,3000.0,Debit,48617.22,Healthcare,Maharashtra,583,0,No loan,0.0,Success,Mobile_App,Verified,0,5
TXN000001235,CUST037642,2019-01-05,00:42,Current,NEFT,13619.8,Debit,1971.13,Entertainment,Punjab,844,1,Auto,36952.21,Success,ATM,Pending,0,0
TXN000001236,CUST029712,2019-01-05,21:32,Fixed Deposit,UPI,566.59,Credit,269311.6,Utilities,Delhi,759,0,No loan,0.0,Success,ATM,Verified,0,21
TXN000001237,CUST070343,2019-01-05,20:07,Fixed Deposit,NEFT,5687.08,Debit,66585.33,Investment,UP,400,1,Business,3306.41,Failed,Mobile_App,Verified,0,20
TXN000001238,CUST012183,2019-01-05,12:54,Current,POS,3282.71,Debit,53207.94,Food & Dining,Punjab,365,0,No loan,0.0,Success,Web,Verified,0,12
TXN000001239,CUST056277,2019-01-05,04:41,Salary,POS,566.83,Debit,30974.86,E-Commerce,Punjab,425,0,No loan,0.0,Pending,ATM,Verified,0,4
TXN000001240,CUST019542,2019-01-05,00:52,Current,POS,2055.73,Debit,17579.73,Salary,Karnataka,827,0,No loan,0.0,Success,Mobile_App,Verified,0,0
TXN000001241,CUST044814,2019-01-05,22:32,Current,Cheque,173592.74,Credit,124929.5,Insurance,Delhi,342,1,Personal,8884.83,Success,API,Verified,0,22
TXN000001242,CUST037199,2019-01-05,17:53,Savings,RTGS,249500.98,Credit,7344.1,Food & Dining,Tamil Nadu,874,0,No loan,0.0,Success,Branch,Verified,0,17
TXN000001243,CUST008821,2019-01-05,09:17,Fixed Deposit,IMPS,11068.42,Debit,17688.16,E-Commerce,Delhi,343,1,Auto,1251.14,Success,Mobile_App,Verified,0,9
TXN000001244,CUST024071,2019-01-05,14:16,Salary,IMPS,2266.53,Credit,8596.41,Utilities,Maharashtra,339,1,Unknown,2191.53,Success,Web,Verified,0,14
TXN000001245,CUST069769,2019-01-05,17:02,NRI,NEFT,351029.77,Credit,8142.71,Salary,Maharashtra,321,1,Education,5861.75,Success,Mobile_App,Verified,0,17
TXN000001246,CUST011123,2019-01-05,05:01,Current,UPI,77.69,Debit,3845.18,Salary,Maharashtra,865,0,No loan,0.0,Success,ATM,Verified,0,5
TXN000001247,CUST073544,2019-01-05,17:53,Current,NEFT,7393.6,Debit,7189.96,Food & Dining,Karnataka,544,0,No loan,0.0,Success,Mobile_App,Verified,0,17
TXN000001248,CUST041787,2019-01-05,23:35,Current,RTGS,949007.79,Debit,376349.68,E-Commerce,West Bengal,681,1,Gold,7797.42,Success,API,Verified,0,23
TXN000001249,CUST006738,2019-01-05,21:13,Current,ATM_Withdrawal,1000.0,Debit,72137.18,Retail,Delhi,735,0,No loan,0.0,Failed,Web,Verified,0,21
TXN000001250,CUST036063,2019-01-05,13:26,Current,Net_Banking,20605.48,Debit,66604.4,Real Estate,Maharashtra,696,0,No loan,0.0,Success,API,Verified,0,13
TXN000001251,CUST054238,2019-01-05,23:36,Savings,UPI,31.32,Credit,23861.46,Peer Transfer,Karnataka,746,0,No loan,0.0,Success,Web,Verified,0,23
TXN000001252,CUST051572,2019-01-05,03:43,Savings,IMPS,2029.66,Credit,18536.21,Education,Delhi,435,1,Auto,25476.04,Success,API,Verified,0,3
TXN000001253,CUST025511,2019-01-05,13:07,Current,Net_Banking,30886.36,Credit,5396.83,Utilities,Telangana,378,1,Home,5844.07,Success,Mobile_App,Verified,0,13
TXN000001254,CUST019427,2019-01-05,12:29,NRI,ATM_Withdrawal,5000.0,Debit,33769.08,E-Commerce,Maharashtra,779,0,No loan,0.0,Success,Mobile_App,Verified,0,12
TXN000001255,CUST037266,2019-01-05,17:44,Savings,ATM_Withdrawal,500.0,Debit,34054.35,Retail,Karnataka,437,0,No loan,0.0,Success,API,Verified,0,17
TXN000001256,CUST017851,2019-01-05,16:20,Savings,IMPS,5391.34,Debit,2409.83,Travel,Karnataka,664,0,No loan,0.0,Success,API,Verified,0,16
TXN000001257,CUST066151,2019-01-05,23:53,Current,NEFT,602.39,Debit,112634.0,Peer Transfer,Tamil Nadu,389,1,Personal,4469.78,Success,Mobile_App,Verified,0,23
TXN000001258,CUST074911,2019-01-05,16:20,Current,UPI,1084.98,Debit,28652.54,Retail,Karnataka,455,0,No loan,0.0,Success,Mobile_App,Verified,0,16
TXN000001259,CUST052376,2019-01-05,02:01,Savings,Auto_Debit,2269.5,Debit,361677.71,Food & Dining,Karnataka,674,0,No loan,0.0,Success,Mobile_App,Verified,0,2
TXN000001260,CUST035436,2019-01-05,16:31,Savings,Auto_Debit,2934.96,Debit,40832.03,Retail,West Bengal,726,1,Home,9864.62,Success,Mobile_App,Verified,0,16
TXN000001261,CUST057133,2019-01-05,23:14,Current,IMPS,2544.44,Debit,672560.69,Travel,Karnataka,782,0,No loan,0.0,Success,Mobile_App,Expired,0,23
TXN000001262,CUST078946,2019-01-05,22:54,Savings,Cheque,583.85,Credit,35752.02,Education,Delhi,687,0,No loan,0.0,Success,ATM,Pending,0,22
TXN000001263,CUST002984,2019-01-05,09:27,Current,RTGS,65038.38,Debit,35709.64,Travel,Maharashtra,465,1,Personal,4859.78,Success,Branch,Verified,0,9
TXN000001264,CUST020663,2019-01-05,11:48,Current,Cheque,407304.28,Debit,81934.15,E-Commerce,UP,364,0,No loan,0.0,Success,Web,Expired,0,11
TXN000001265,CUST023511,2019-01-05,20:13,Current,NEFT,38968.88,Debit,6952.03,Retail,Delhi,713,0,No loan,0.0,Success,Mobile_App,Verified,0,20
TXN000001266,CUST078188,2019-01-05,23:07,Fixed Deposit,UPI,191.07,Credit,2827.11,Utilities,Karnataka,496,0,No loan,0.0,Success,Mobile_App,Verified,0,23
TXN000001267,CUST040999,2019-01-05,23:59,Current,UPI,1066.0,Credit,121541.77,Fuel,Maharashtra,802,0,No loan,0.0,Success,Branch,Verified,0,23
TXN000001268,CUST056847,2019-01-05,23:37,Current,RTGS,77827.51,Credit,6595.05,Real Estate,Tamil Nadu,655,1,Home,5615.17,Success,Branch,Verified,0,23
TXN000001269,CUST006641,2019-01-05,22:49,Current,Credit_Card,1459.22,Debit,45880.64,Education,UP,611,0,No loan,0.0,Success,Mobile_App,Verified,0,22
TXN000001270,CUST044548,2019-01-05,04:38,Fixed Deposit,UPI,1557.18,Debit,116088.89,Travel,Maharashtra,399,1,Personal,11603.98,Success,Web,Verified,0,4
TXN000001271,CUST054621,2019-01-05,20:07,Savings,UPI,137.12,Credit,370045.44,Food & Dining,Tamil Nadu,467,0,No loan,0.0,Success,Mobile_App,Verified,0,20
TXN000001272,CUST015318,2019-01-05,23:31,Savings,Credit_Card,778.21,Debit,58082.29,Salary,Telangana,832,0,No loan,0.0,Success,ATM,Verified,0,23
TXN000001273,CUST007565,2019-01-05,06:58,Salary,UPI,5887.06,Debit,14071.34,Travel,West Bengal,858,0,No loan,0.0,Success,Web,Verified,0,6
TXN000001274,CUST027346,2019-01-05,15:10,Savings,UPI,615.81,Debit,190173.15,Utilities,Tamil Nadu,395,0,No loan,0.0,Success,Web,Verified,0,15
TXN000001275,CUST079274,2019-01-05,05:36,Savings,Net_Banking,18961.01,Debit,64616.83,Peer Transfer,Karnataka,467,0,No loan,0.0,Success,Web,Verified,0,5
TXN000001276,CUST074860,2019-01-05,00:40,Savings,POS,10458.13,Debit,53814.63,Education,Maharashtra,662,0,No loan,0.0,Success,Mobile_App,Verified,0,0
TXN000001277,CUST074039,2019-01-05,09:01,Fixed Deposit,ATM_Withdrawal,5000.0,Debit,76213.47,Fuel,Punjab,464,0,No loan,0.0,Success,POS_Terminal,Verified,0,9
TXN000001278,CUST052394,2019-01-05,04:53,Savings,IMPS,1631.04,Credit,6963.04,Food & Dining,Maharashtra,756,1,Education,4160.28,Success,Mobile_App,Verified,0,4
TXN000001279,CUST066082,2019-01-05,12:58,Salary,UPI,141.51,Credit,15566.16,Utilities,Maharashtra,506,1,Education,5586.97,Success,Branch,Verified,0,12
TXN000001280,CUST029431,2019-01-05,11:18,Salary,UPI,1702.34,Debit,7697.93,Salary,Gujarat,879,0,No loan,0.0,Success,POS_Terminal,Verified,0,11
TXN000001281,CUST075533,2019-01-05,09:12,Savings,IMPS,7991.86,Credit,71311.2,Entertainment,Tamil Nadu,327,1,Home,1552.67,Success,Mobile_App,Verified,0,9
TXN000001282,CUST027789,2019-01-05,19:20,Fixed Deposit,RTGS,414748.05,Debit,19160.97,Food & Dining,Maharashtra,304,0,No loan,0.0,Success,Mobile_App,Verified,0,19
TXN000001283,CUST048544,2019-01-05,14:49,Savings,UPI,492.92,Credit,81879.07,Education,Maharashtra,759,1,Gold,3446.34,Success,Branch,Verified,0,14
TXN000001284,CUST013920,2019-01-05,11:18,Current,NEFT,9709.96,Credit,43072.61,Salary,West Bengal,875,0,No loan,0.0,Success,ATM,Verified,0,11
TXN000001285,CUST069347,2019-01-05,01:20,Savings,UPI,3544.16,Credit,104905.29,E-Commerce,Tamil Nadu,685,0,No loan,0.0,Success,Mobile_App,Verified,0,1
TXN000001286,CUST039975,2019-01-05,01:10,Salary,UPI,182.62,Credit,17440.44,Salary,Maharashtra,333,0,No loan,0.0,Pending,Branch,Verified,0,1
TXN000001287,CUST016372,2019-01-05,05:43,Savings,NEFT,15804.13,Debit,75668.92,Insurance,Gujarat,757,1,Personal,5862.8,Success,Mobile_App,Verified,0,5
TXN000001288,CUST045085,2019-01-05,08:07,NRI,UPI,1310.1,Debit,44285.39,Peer Transfer,Telangana,640,0,No loan,0.0,Success,API,Verified,0,8
TXN000001289,CUST029630,2019-01-05,14:06,Savings,NEFT,86348.51,Credit,25865.1,Peer Transfer,Karnataka,528,1,Home,5899.06,Success,ATM,Verified,0,14
TXN000001290,CUST051185,2019-01-05,05:05,Current,NEFT,14893.09,Credit,4251.59,E-Commerce,Telangana,610,0,No loan,0.0,Success,ATM,Verified,0,5
TXN000001291,CUST061917,2019-01-05,18:52,Savings,UPI,564.84,Credit,30790.53,Travel,Maharashtra,550,0,No loan,0.0,Success,Mobile_App,Verified,0,18
TXN000001292,CUST073973,2019-01-05,05:46,Current,UPI,119.08,Debit,12533.33,Healthcare,Tamil Nadu,645,0,No loan,0.0,Success,ATM,Verified,0,5
TXN000001293,CUST062188,2019-01-05,01:17,NRI,POS,2284.69,Debit,194468.96,Food & Dining,Tamil Nadu,380,0,No loan,0.0,Success,Mobile_App,Verified,0,1
TXN000001294,CUST012985,2019-01-05,19:23,Salary,RTGS,1449803.75,Credit,15668.2,Education,Gujarat,776,0,No loan,0.0,Success,Web,Verified,0,19
TXN000001295,CUST033040,2019-01-05,05:43,Fixed Deposit,ATM_Withdrawal,5000.0,Debit,6035.13,Retail,West Bengal,581,0,No loan,0.0,Success,ATM,Verified,0,5
TXN000001296,CUST058607,2019-01-05,05:22,Savings,IMPS,107.74,Debit,218102.52,Salary,Karnataka,631,1,Home,10650.61,Success,Web,Verified,0,5
TXN000001297,CUST010617,2019-01-05,18:50,Current,UPI,1029.53,Debit,216422.5,Food & Dining,Telangana,553,0,No loan,0.0,Success,POS_Terminal,Verified,0,18
TXN000001298,CUST050073,2019-01-05,12:42,Savings,UPI,753.87,Credit,87736.57,Retail,Telangana,541,0,No loan,0.0,Success,Mobile_App,Verified,0,12
TXN000001299,CUST024575,2019-01-05,19:34,Savings,UPI,371.01,Credit,36134.68,Retail,Delhi,617,0,No loan,0.0,Success,Branch,Verified,0,19
TXN000001300,CUST003431,2019-01-05,08:03,Savings,UPI,1983.63,Credit,74220.14,Peer Transfer,Gujarat,492,0,No loan,0.0,Success,Mobile_App,Verified,0,8
TXN000001301,CUST012677,2019-01-05,07:34,Current,UPI,1053.45,Credit,16321.47,Government,Delhi,671,0,No loan,0.0,Success,Mobile_App,Verified,0,7
TXN000001302,CUST010817,2019-01-05,17:36,Salary,Net_Banking,29211.96,Credit,18943.67,Travel,Tamil Nadu,321,0,No loan,0.0,Failed,API,Verified,0,17
TXN000001303,CUST032734,2019-01-05,19:14,Savings,IMPS,3672.62,Credit,11812.45,Healthcare,Tamil Nadu,841,0,No loan,0.0,Success,Mobile_App,Verified,0,19
TXN000001304,CUST002051,2019-01-05,02:15,Current,UPI,1936.46,Debit,25819.02,E-Commerce,Telangana,662,0,No loan,0.0,Success,Web,Verified,0,2
TXN000001305,CUST033934,2019-01-05,20:30,Savings,RTGS,23512.68,Credit,117506.01,Food & Dining,Telangana,426,1,Home,8240.63,Pending,ATM,Verified,0,20
TXN000001306,CUST024952,2019-01-05,12:00,Current,RTGS,74253.56,Debit,31932.58,Entertainment,Delhi,612,0,No loan,0.0,Success,Web,Verified,0,12
TXN000001307,CUST032414,2019-01-05,07:16,Savings,RTGS,60017.52,Debit,22739.07,E-Commerce,Telangana,319,0,No loan,0.0,Pending,Web,Verified,0,7
TXN000001308,CUST034802,2019-01-05,04:20,Salary,UPI,160.86,Credit,70290.32,Healthcare,UP,757,0,No loan,0.0,Success,Mobile_App,Verified,0,4
TXN000001309,CUST055620,2019-01-05,06:17,Current,NEFT,31322.51,Debit,3524.92,Travel,Gujarat,360,1,Personal,10490.92,Reversed,POS_Terminal,Verified,0,6
TXN000001310,CUST032914,2019-01-05,13:18,Savings,UPI,511.2,Credit,186493.46,Utilities,Telangana,398,1,Auto,2903.84,Success,Web,Pending,0,13
TXN000001311,CUST040601,2019-01-05,17:25,Savings,UPI,5332.49,Debit,5280.79,Education,Tamil Nadu,392,0,No loan,0.0,Success,Mobile_App,Verified,0,17
TXN000001312,CUST057776,2019-01-05,23:55,Savings,NEFT,65215.07,Debit,24680.37,Real Estate,Karnataka,520,0,No loan,0.0,Success,Mobile_App,Verified,0,23
TXN000001313,CUST035401,2019-01-05,05:16,Fixed Deposit,RTGS,194283.81,Credit,27378.46,Food & Dining,Gujarat,660,0,No loan,0.0,Success,ATM,Expired,0,5
TXN000001314,CUST004495,2019-01-05,11:03,Savings,UPI,121.43,Credit,31520.41,Travel,Rajasthan,380,0,No loan,0.0,Success,Mobile_App,Verified,0,11
TXN000001315,CUST074692,2019-01-05,10:56,NRI,Cheque,6958.85,Credit,220441.53,E-Commerce,Delhi,397,0,No loan,0.0,Success,Branch,Verified,0,10
TXN000001316,CUST043002,2019-01-05,12:41,Savings,POS,1179.35,Debit,28368.4,Food & Dining,UP,593,0,No loan,0.0,Success,Branch,Verified,0,12
TXN000001317,CUST067365,2019-01-05,10:47,Current,NEFT,17263.06,Debit,55899.26,Peer Transfer,Gujarat,545,1,Education,7780.92,Success,Web,Verified,0,10
TXN000001318,CUST045029,2019-01-05,13:10,Savings,ATM_Withdrawal,3000.0,Debit,18158.21,E-Commerce,Telangana,308,0,No loan,0.0,Success,Mobile_App,Verified,0,13
TXN000001319,CUST037574,2019-01-05,23:21,Current,POS,1258.28,Debit,60155.15,Retail,Karnataka,333,0,No loan,0.0,Success,Branch,Verified,0,23
TXN000001320,CUST000807,2019-01-05,09:55,NRI,ATM_Withdrawal,2000.0,Debit,50739.6,E-Commerce,Telangana,847,0,No loan,0.0,Success,API,Verified,0,9
TXN000001321,CUST056639,2019-01-05,00:32,Current,NEFT,3715.59,Credit,113591.04,Travel,Maharashtra,582,1,Auto,2687.0,Pending,Mobile_App,Verified,0,0
TXN000001322,CUST029758,2019-01-05,06:35,Savings,NEFT,18784.19,Debit,124648.21,Salary,Delhi,417,0,No loan,0.0,Success,Mobile_App,Verified,0,6
TXN000001323,CUST034637,2019-01-05,13:21,Savings,RTGS,76252.34,Debit,17889.27,Salary,Maharashtra,416,0,No loan,0.0,Success,POS_Terminal,Verified,0,13
TXN000001324,CUST048281,2019-01-05,11:21,Savings,ATM_Withdrawal,1000.0,Debit,1388.55,Salary,Maharashtra,409,1,Personal,5019.09,Success,POS_Terminal,Pending,0,11
TXN000001325,CUST024263,2019-01-05,17:33,Current,Cheque,16240.2,Credit,82632.57,Healthcare,West Bengal,314,0,No loan,0.0,Success,Mobile_App,Verified,0,17
TXN000001326,CUST062212,2019-01-05,16:30,Savings,NEFT,5172.34,Debit,154971.58,Travel,Gujarat,521,0,No loan,0.0,Success,Web,Verified,0,16
TXN000001327,CUST054843,2019-01-05,06:31,Savings,Cheque,73833.32,Debit,40990.44,Investment,Gujarat,515,0,No loan,0.0,Success,Mobile_App,Verified,0,6
TXN000001328,CUST056980,2019-01-05,18:25,Savings,NEFT,127070.2,Debit,29112.71,Entertainment,Karnataka,671,1,Business,3801.63,Success,Mobile_App,Verified,0,18
TXN000001329,CUST038198,2019-01-05,11:18,Savings,ATM_Withdrawal,2000.0,Debit,350432.6,Salary,Maharashtra,416,0,No loan,0.0,Success,Mobile_App,Pending,0,11
TXN000001330,CUST041845,2019-01-05,14:31,Savings,POS,2733.01,Debit,59113.7,Fuel,Punjab,568,0,No loan,0.0,Success,Mobile_App,Verified,0,14
TXN000001331,CUST064755,2019-01-05,02:11,Savings,NEFT,8916.6,Debit,30217.96,E-Commerce,West Bengal,532,0,No loan,0.0,Success,Branch,Verified,0,2
TXN000001332,CUST034158,2019-01-05,01:52,Current,Net_Banking,15414.51,Credit,50395.07,Utilities,Maharashtra,526,0,No loan,0.0,Success,POS_Terminal,Verified,0,1
TXN000001333,CUST077130,2019-01-05,08:36,Salary,UPI,204.67,Credit,832.67,Retail,West Bengal,817,0,No loan,0.0,Success,Mobile_App,Verified,0,8
TXN000001334,CUST040043,2019-01-05,04:55,Current,IMPS,8271.46,Credit,77908.03,Retail,Tamil Nadu,801,1,Home,1667.84,Success,POS_Terminal,Pending,0,4
TXN000001335,CUST061666,2019-01-05,04:03,Current,POS,540.29,Debit,38784.92,Utilities,Karnataka,860,0,No loan,0.0,Success,ATM,Verified,0,4
TXN000001336,CUST027377,2019-01-05,16:22,Savings,Auto_Debit,1150.24,Debit,11641.57,E-Commerce,Maharashtra,500,1,Home,10858.67,Success,Branch,Verified,0,16
TXN000001337,CUST055555,2019-01-05,17:24,Current,IMPS,1548.68,Debit,10505.5,Government,Maharashtra,395,0,No loan,0.0,Success,Mobile_App,Verified,0,17
TXN000001338,CUST014200,2019-01-05,11:19,Savings,UPI,2589.42,Credit,72091.31,Retail,Karnataka,406,0,No loan,0.0,Success,Web,Verified,0,11
TXN000001339,CUST050949,2019-01-05,10:32,Savings,POS,1498.58,Debit,108822.14,Salary,Tamil Nadu,843,1,Unknown,3676.36,Success,ATM,Verified,0,10
TXN000001340,CUST073782,2019-01-05,05:04,Current,ATM_Withdrawal,2000.0,Debit,28944.53,Fuel,Delhi,354,0,No loan,0.0,Success,Mobile_App,Verified,0,5
TXN000001341,CUST072751,2019-01-05,04:20,Current,Credit_Card,5593.0,Debit,18353.11,Retail,Delhi,679,0,No loan,0.0,Success,Web,Verified,0,4
TXN000001342,CUST066263,2019-01-05,21:52,Fixed Deposit,Net_Banking,22902.87,Debit,25955.35,Fuel,Delhi,779,0,No loan,0.0,Success,Mobile_App,Verified,0,21
TXN000001343,CUST046601,2019-01-05,18:47,Current,Auto_Debit,775.5,Debit,141971.76,Peer Transfer,Telangana,696,0,No loan,0.0,Failed,Web,Verified,0,18
TXN000001344,CUST076899,2019-01-05,09:09,Savings,ATM_Withdrawal,1000.0,Debit,3617.85,E-Commerce,Tamil Nadu,446,0,No loan,0.0,Failed,Mobile_App,Verified,0,9
TXN000001345,CUST062484,2019-01-05,11:02,Current,UPI,423.35,Debit,18031.84,Fuel,Tamil Nadu,457,0,No loan,0.0,Success,Mobile_App,Verified,0,11
TXN000001346,CUST018298,2019-01-05,02:56,Current,POS,5853.13,Debit,5058.62,Retail,Gujarat,670,0,No loan,0.0,Success,Web,Verified,0,2
TXN000001347,CUST030449,2019-01-05,10:37,Savings,NEFT,4212.15,Credit,79164.6,Travel,Gujarat,771,1,Education,2527.37,Success,Mobile_App,Verified,0,10
TXN000001348,CUST026173,2019-01-05,15:52,Current,UPI,393.94,Debit,111749.34,Real Estate,Maharashtra,844,0,No loan,0.0,Success,ATM,Verified,0,15
TXN000001349,CUST042875,2019-01-05,02:57,Savings,RTGS,143668.17,Credit,226780.42,Government,Gujarat,694,1,Education,2762.19,Success,Mobile_App,Verified,0,2
TXN000001350,CUST007658,2019-01-05,06:36,Savings,UPI,625.34,Debit,199063.62,Food & Dining,Maharashtra,515,0,No loan,0.0,Success,Mobile_App,Verified,0,6
TXN000001351,CUST025426,2019-01-05,22:21,NRI,NEFT,52905.47,Debit,44200.42,Food & Dining,Tamil Nadu,828,0,No loan,0.0,Success,ATM,Verified,0,22
TXN000001352,CUST026686,2019-01-05,20:47,Current,NEFT,7493.83,Debit,178178.58,Salary,Karnataka,486,0,No loan,0.0,Success,POS_Terminal,Verified,0,20
TXN000001353,CUST024579,2019-01-05,09:42,Savings,UPI,405.29,Debit,35731.15,Investment,Gujarat,864,0,No loan,0.0,Success,Web,Verified,0,9
TXN000001354,CUST028832,2019-01-05,08:13,Savings,POS,465.14,Debit,60873.82,Healthcare,Tamil Nadu,780,0,No loan,0.0,Success,Mobile_App,Verified,0,8
TXN000001355,CUST007907,2019-01-05,23:19,Current,Cheque,458369.59,Debit,1515.08,Retail,Karnataka,312,0,No loan,0.0,Success,Web,Expired,0,23
TXN000001356,CUST061414,2019-01-05,01:50,Savings,POS,213.95,Debit,4273.74,E-Commerce,Maharashtra,374,1,Personal,2918.15,Success,Mobile_App,Verified,0,1
TXN000001357,CUST054029,2019-01-05,04:16,Current,UPI,489.51,Credit,264278.79,Utilities,West Bengal,578,1,Home,4079.31,Success,Web,Verified,0,4
TXN000001358,CUST007288,2019-01-05,19:30,Savings,IMPS,1196.48,Debit,13214.45,Fuel,UP,400,0,No loan,0.0,Success,Web,Verified,0,19
TXN000001359,CUST033661,2019-01-05,04:11,Current,RTGS,464055.34,Credit,38667.15,Insurance,Rajasthan,577,0,No loan,0.0,Success,Mobile_App,Verified,0,4
TXN000001360,CUST075759,2019-01-05,17:11,Fixed Deposit,Auto_Debit,1167.17,Debit,23617.72,Salary,Punjab,725,0,No loan,0.0,Success,Branch,Verified,0,17
TXN000001361,CUST060505,2019-01-05,19:43,Current,UPI,117.74,Debit,10522.22,Government,Karnataka,562,1,Personal,1078.81,Success,Branch,Verified,0,19
TXN000001362,CUST059721,2019-01-05,07:48,NRI,UPI,154.71,Debit,138944.23,Utilities,Gujarat,828,0,No loan,0.0,Success,ATM,Verified,0,7
TXN000001363,CUST034702,2019-01-05,06:57,Fixed Deposit,POS,1169.79,Debit,7817.25,Salary,Tamil Nadu,593,0,No loan,0.0,Success,ATM,Verified,0,6
TXN000001364,CUST017675,2019-01-05,16:27,Salary,UPI,994.31,Debit,47743.12,Utilities,Telangana,675,0,No loan,0.0,Success,Mobile_App,Verified,0,16
TXN000001365,CUST023875,2019-01-05,10:17,Fixed Deposit,UPI,351.47,Credit,315887.31,E-Commerce,Delhi,390,0,No loan,0.0,Success,Web,Pending,0,10
TXN000001366,CUST043643,2019-01-05,06:42,Salary,NEFT,2521.1,Debit,49166.81,Food & Dining,West Bengal,684,0,No loan,0.0,Success,Branch,Verified,0,6
TXN000001367,CUST065161,2019-01-05,01:09,Savings,RTGS,186673.95,Credit,64225.72,Investment,Gujarat,686,0,No loan,0.0,Success,Mobile_App,Verified,0,1
TXN000001368,CUST017603,2019-01-05,18:52,Savings,NEFT,2997.97,Credit,233368.77,Healthcare,Delhi,664,0,No loan,0.0,Success,ATM,Verified,0,18
TXN000001369,CUST025932,2019-01-05,10:57,Fixed Deposit,IMPS,2565.34,Debit,3408.2,Utilities,UP,619,1,Unknown,12334.94,Success,Web,Verified,0,10
TXN000001370,CUST029193,2019-01-05,03:02,Fixed Deposit,POS,4265.66,Debit,154333.5,Retail,Maharashtra,646,1,Business,4818.3,Success,Branch,Verified,1,3
TXN000001371,CUST046543,2019-01-05,17:17,Salary,ATM_Withdrawal,2000.0,Debit,9060.61,Education,Delhi,681,0,No loan,0.0,Success,Mobile_App,Verified,0,17
TXN000001372,CUST042521,2019-01-05,14:38,Fixed Deposit,UPI,499.86,Credit,60171.2,Investment,Delhi,448,0,No loan,0.0,Success,Web,Verified,0,14
TXN000001373,CUST064773,2019-01-05,08:09,Salary,ATM_Withdrawal,1000.0,Debit,73812.76,Travel,Delhi,354,0,No loan,0.0,Pending,Web,Verified,0,8
TXN000001374,CUST058763,2019-01-05,19:14,Current,POS,263.55,Debit,76536.47,Food & Dining,Delhi,756,1,Auto,4982.77,Success,Branch,Verified,0,19
TXN000001375,CUST050107,2019-01-05,19:53,Savings,RTGS,161854.26,Credit,33228.94,Government,Maharashtra,443,0,No loan,0.0,Success,POS_Terminal,Verified,0,19
TXN000001376,CUST025560,2019-01-05,08:21,Savings,UPI,2584.04,Debit,25367.57,Government,Maharashtra,895,1,Business,7173.4,Success,Web,Verified,0,8
TXN000001377,CUST033743,2019-01-05,11:29,Current,UPI,453.37,Credit,315667.7,E-Commerce,Punjab,513,0,No loan,0.0,Success,Mobile_App,Verified,0,11
TXN000001378,CUST069670,2019-01-05,06:17,Savings,POS,2463.71,Debit,105577.85,Healthcare,West Bengal,553,1,Business,1627.92,Success,Mobile_App,Expired,0,6
TXN000001379,CUST021755,2019-01-05,06:30,Savings,IMPS,834.37,Credit,43486.17,Utilities,Tamil Nadu,621,0,No loan,0.0,Success,Mobile_App,Verified,0,6
TXN000001380,CUST003973,2019-01-05,15:05,Salary,NEFT,8377.13,Credit,46426.79,Retail,Tamil Nadu,686,0,No loan,0.0,Success,Mobile_App,Verified,0,15
TXN000001381,CUST070832,2019-01-05,22:53,Current,Net_Banking,7179.61,Debit,126775.8,Utilities,Telangana,528,1,Gold,4062.4,Success,Mobile_App,Verified,0,22
TXN000001382,CUST041874,2019-01-05,07:50,Salary,RTGS,89721.11,Debit,7405.68,Travel,Rajasthan,751,0,No loan,0.0,Success,Web,Verified,0,7
TXN000001383,CUST009904,2019-01-05,15:44,Savings,IMPS,375.36,Debit,52354.4,Government,UP,571,0,No loan,0.0,Success,Branch,Verified,0,15
TXN000001384,CUST003021,2019-01-05,01:18,Current,ATM_Withdrawal,10000.0,Debit,253980.03,Travel,Tamil Nadu,361,0,No loan,0.0,Success,API,Verified,0,1
TXN000001385,CUST041756,2019-01-05,06:58,Salary,IMPS,10392.28,Debit,19888.45,Food & Dining,Tamil Nadu,842,0,No loan,0.0,Success,POS_Terminal,Verified,0,6
TXN000001386,CUST045649,2019-01-05,01:24,Savings,POS,819.08,Debit,39156.95,Travel,West Bengal,605,0,No loan,0.0,Success,Mobile_App,Verified,0,1
TXN000001387,CUST009517,2019-01-05,21:55,Salary,IMPS,24752.87,Debit,34702.38,Retail,Karnataka,775,1,Education,4783.87,Success,Mobile_App,Verified,0,21
TXN000001388,CUST002397,2019-01-05,03:50,Salary,Cheque,90511.39,Credit,34766.17,Insurance,Telangana,862,1,Business,1021.09,Success,ATM,Verified,0,3
TXN000001389,CUST019130,2019-01-05,22:03,Current,UPI,340.48,Debit,15203.02,Food & Dining,Rajasthan,403,1,Auto,34101.78,Success,Web,Verified,0,22
TXN000001390,CUST001592,2019-01-05,09:50,Savings,POS,938.74,Debit,45388.79,Entertainment,Tamil Nadu,867,0,No loan,0.0,Success,ATM,Verified,0,9
TXN000001391,CUST011304,2019-01-05,08:11,Fixed Deposit,NEFT,9240.57,Debit,36530.48,Peer Transfer,Tamil Nadu,655,1,Personal,44281.01,Success,Mobile_App,Verified,0,8
TXN000001392,CUST030562,2019-01-05,14:36,Savings,Auto_Debit,562.81,Debit,495386.57,E-Commerce,Delhi,771,0,No loan,0.0,Success,Web,Verified,0,14
TXN000001393,CUST071720,2019-01-05,23:14,Savings,UPI,232.3,Debit,8310.85,Food & Dining,Telangana,659,1,Personal,4785.88,Success,API,Verified,0,23
TXN000001394,CUST007315,2019-01-05,13:22,Current,POS,4529.7,Debit,55742.9,Travel,Karnataka,685,1,Auto,2256.66,Success,Mobile_App,Verified,0,13
TXN000001395,CUST019624,2019-01-05,14:14,Current,RTGS,74936.85,Credit,16726.69,E-Commerce,Telangana,735,0,No loan,0.0,Success,ATM,Expired,0,14
TXN000001396,CUST067676,2019-01-05,00:17,NRI,POS,325.03,Debit,207883.21,E-Commerce,Delhi,748,1,Auto,16246.14,Success,Web,Pending,0,0
TXN000001397,CUST065083,2019-01-05,07:46,Savings,UPI,1024.65,Debit,55033.4,Food & Dining,Gujarat,382,0,No loan,0.0,Success,Mobile_App,Verified,0,7
TXN000001398,CUST033131,2019-01-05,12:08,Current,UPI,1324.4,Credit,20223.1,Utilities,Rajasthan,580,0,No loan,0.0,Success,ATM,Verified,0,12
TXN000001399,CUST051757,2019-01-05,06:39,Salary,Auto_Debit,2280.38,Debit,12998.49,Government,Delhi,801,1,Personal,7614.36,Success,POS_Terminal,Verified,0,6
TXN000001400,CUST026293,2019-01-05,12:21,Savings,POS,5607.0,Debit,442246.81,E-Commerce,Delhi,709,0,No loan,0.0,Pending,ATM,Verified,0,12
TXN000001401,CUST069275,2019-01-05,23:43,Savings,ATM_Withdrawal,2000.0,Debit,18782.97,Peer Transfer,Maharashtra,824,1,Personal,2052.96,Success,Branch,Verified,0,23
TXN000001402,CUST002470,2019-01-05,08:52,Current,UPI,166.01,Debit,4742.5,Fuel,West Bengal,764,0,No loan,0.0,Success,Mobile_App,Verified,0,8
TXN000001403,CUST053948,2019-01-05,20:09,Salary,POS,4813.58,Debit,40434.88,Retail,Tamil Nadu,622,1,Personal,4360.09,Success,API,Verified,0,20
TXN000001404,CUST022535,2019-01-05,22:31,Salary,UPI,649.72,Debit,55667.38,Salary,Gujarat,419,0,No loan,0.0,Success,POS_Terminal,Verified,0,22
TXN000001405,CUST063621,2019-01-05,23:49,Current,Net_Banking,25604.79,Credit,128890.45,Retail,Tamil Nadu,373,0,No loan,0.0,Success,ATM,Verified,0,23
TXN000001406,CUST048875,2019-01-05,13:30,Salary,IMPS,440.66,Credit,4321.32,Retail,Delhi,643,1,Auto,15444.06,Success,Mobile_App,Verified,0,13
TXN000001407,CUST049709,2019-01-05,15:59,Fixed Deposit,Cheque,90221.43,Credit,72496.92,Retail,Telangana,510,0,No loan,0.0,Success,Branch,Verified,0,15
TXN000001408,CUST074554,2019-01-05,20:22,Fixed Deposit,IMPS,44623.98,Debit,6718.71,Real Estate,Karnataka,464,0,No loan,0.0,Success,Mobile_App,Verified,0,20
TXN000001409,CUST068345,2019-01-05,12:45,Savings,NEFT,154539.19,Credit,43352.22,Retail,Delhi,413,1,Business,11188.08,Pending,ATM,Verified,0,12
TXN000001410,CUST049139,2019-01-05,17:57,Savings,Net_Banking,6771.82,Credit,80885.43,Retail,Delhi,687,0,No loan,0.0,Success,Web,Verified,0,17
TXN000001411,CUST054303,2019-01-05,19:43,Current,UPI,2020.85,Credit,16866.8,Salary,Maharashtra,685,1,Education,5169.55,Success,POS_Terminal,Verified,0,19
TXN000001412,CUST047639,2019-01-05,21:15,Salary,NEFT,28890.57,Debit,27121.51,Travel,Maharashtra,434,1,Business,3557.07,Success,Mobile_App,Pending,0,21
TXN000001413,CUST078250,2019-01-05,03:58,Savings,NEFT,38964.26,Debit,32061.1,Education,Gujarat,577,1,Personal,5240.05,Success,Web,Verified,0,3
TXN000001414,CUST002720,2019-01-05,11:35,Current,IMPS,38969.18,Credit,117864.91,Retail,Karnataka,748,0,No loan,0.0,Success,Web,Verified,1,11
TXN000001415,CUST022891,2019-01-05,12:36,Current,NEFT,24608.65,Debit,45720.36,E-Commerce,Maharashtra,541,1,Business,1863.91,Success,ATM,Verified,0,12
TXN000001416,CUST077237,2019-01-05,02:46,Savings,UPI,1140.17,Credit,23339.57,Government,Telangana,785,0,No loan,0.0,Success,Mobile_App,Verified,0,2
TXN000001417,CUST036510,2019-01-05,02:08,Savings,UPI,103.6,Credit,61509.4,Insurance,Telangana,365,0,No loan,0.0,Success,Web,Verified,0,2
TXN000001418,CUST042535,2019-01-05,12:02,Current,Net_Banking,131470.79,Credit,81435.42,Retail,Tamil Nadu,805,1,Personal,1818.85,Success,POS_Terminal,Verified,0,12
TXN000001419,CUST018788,2019-01-05,18:27,Salary,RTGS,535796.92,Credit,35281.27,Travel,Punjab,881,1,Home,6230.89,Success,POS_Terminal,Verified,0,18
TXN000001420,CUST048846,2019-01-05,09:26,Savings,RTGS,78087.17,Credit,36336.99,Fuel,Punjab,743,0,No loan,0.0,Success,Branch,Verified,0,9
TXN000001421,CUST057933,2019-01-05,21:19,NRI,IMPS,995.31,Credit,85495.51,Investment,Telangana,852,0,No loan,0.0,Success,Mobile_App,Verified,0,21
TXN000001422,CUST033063,2019-01-05,06:55,NRI,UPI,720.15,Credit,74764.81,Travel,Gujarat,424,0,No loan,0.0,Success,Branch,Verified,0,6
TXN000001423,CUST075714,2019-01-05,02:05,Savings,UPI,1539.12,Credit,55776.0,Education,Karnataka,854,1,Personal,1428.89,Success,Mobile_App,Verified,0,2
TXN000001424,CUST060462,2019-01-05,01:23,Savings,Auto_Debit,519.91,Debit,36702.71,Food & Dining,Tamil Nadu,722,0,No loan,0.0,Success,Mobile_App,Verified,0,1
TXN000001425,CUST075419,2019-01-05,12:33,NRI,ATM_Withdrawal,1000.0,Debit,9374.58,Retail,Maharashtra,671,0,No loan,0.0,Success,Mobile_App,Verified,0,12
TXN000001426,CUST066673,2019-01-05,04:48,Salary,POS,1210.78,Debit,5196.34,Education,UP,577,0,No loan,0.0,Failed,Web,Verified,0,4
TXN000001427,CUST034833,2019-01-05,04:59,Savings,Net_Banking,104399.96,Credit,219423.41,Investment,UP,386,1,Home,7021.57,Failed,Mobile_App,Verified,0,4
TXN000001428,CUST031967,2019-01-05,22:46,Savings,POS,2167.15,Debit,31884.75,E-Commerce,Tamil Nadu,639,0,No loan,0.0,Success,Mobile_App,Expired,0,22
TXN000001429,CUST072546,2019-01-05,20:43,Current,UPI,457.49,Debit,174474.63,E-Commerce,Tamil Nadu,408,0,No loan,0.0,Success,ATM,Pending,0,20
TXN000001430,CUST012988,2019-01-05,22:51,Savings,IMPS,2558.08,Credit,6392.05,Food & Dining,Tamil Nadu,382,0,No loan,0.0,Success,Mobile_App,Verified,0,22
TXN000001431,CUST037312,2019-01-05,18:09,NRI,NEFT,2790.4,Debit,24422.75,Education,UP,548,0,No loan,0.0,Success,POS_Terminal,Verified,0,18
TXN000001432,CUST031576,2019-01-05,04:56,NRI,NEFT,233204.11,Debit,28504.84,Retail,Delhi,630,0,No loan,0.0,Success,Web,Verified,0,4
TXN000001433,CUST063853,2019-01-05,11:42,Savings,UPI,256.62,Debit,1175.33,Insurance,Delhi,477,1,Education,4670.5,Success,ATM,Pending,0,11
TXN000001434,CUST001008,2019-01-05,04:14,Savings,ATM_Withdrawal,5000.0,Debit,219683.95,Peer Transfer,Tamil Nadu,330,0,No loan,0.0,Success,POS_Terminal,Pending,0,4
TXN000001435,CUST070982,2019-01-05,20:39,Savings,IMPS,3627.09,Credit,7350.45,Travel,UP,654,0,No loan,0.0,Success,Mobile_App,Verified,0,20
TXN000001436,CUST076243,2019-01-05,11:11,Current,IMPS,825.16,Credit,16447.02,Entertainment,Tamil Nadu,676,0,No loan,0.0,Success,Mobile_App,Verified,0,11
TXN000001437,CUST047518,2019-01-05,05:02,Current,UPI,273.98,Credit,4683.14,Entertainment,Tamil Nadu,392,0,No loan,0.0,Success,API,Verified,0,5
TXN000001438,CUST029258,2019-01-05,18:40,Salary,NEFT,67815.28,Credit,20972.69,Travel,Telangana,787,0,No loan,0.0,Failed,Mobile_App,Pending,0,18
TXN000001439,CUST042208,2019-01-05,12:59,Savings,UPI,237.42,Debit,26862.07,Education,Telangana,775,1,Personal,15035.81,Success,Mobile_App,Verified,0,12
TXN000001440,CUST013282,2019-01-05,08:51,Savings,Net_Banking,2629.02,Debit,48102.11,Retail,Maharashtra,314,0,No loan,0.0,Success,Branch,Verified,0,8
TXN000001441,CUST061247,2019-01-05,18:17,Savings,Cheque,2741.61,Credit,420591.06,Retail,Punjab,425,0,No loan,0.0,Success,Branch,Verified,0,18
TXN000001442,CUST001436,2019-01-05,11:24,Savings,IMPS,2057.99,Credit,60143.1,Salary,Tamil Nadu,680,1,Home,8674.7,Success,Mobile_App,Verified,0,11
TXN000001443,CUST026661,2019-01-05,19:13,Fixed Deposit,Credit_Card,4017.07,Debit,66286.44,Peer Transfer,Karnataka,897,0,No loan,0.0,Success,Web,Verified,0,19
TXN000001444,CUST005085,2019-01-05,23:00,Current,Credit_Card,5136.13,Debit,85079.44,E-Commerce,Delhi,634,1,Unknown,2672.98,Success,ATM,Expired,0,23
TXN000001445,CUST013508,2019-01-05,21:42,Savings,UPI,807.54,Credit,12123.62,Government,Karnataka,334,0,No loan,0.0,Success,Web,Verified,0,21
TXN000001446,CUST072596,2019-01-05,06:41,Current,Auto_Debit,3735.19,Debit,29372.4,Entertainment,Gujarat,592,0,No loan,0.0,Success,Mobile_App,Verified,0,6
TXN000001447,CUST045540,2019-01-06,10:29,Fixed Deposit,IMPS,1306.94,Debit,7027.0,Food & Dining,Karnataka,335,0,No loan,0.0,Success,POS_Terminal,Pending,0,10
TXN000001448,CUST007492,2019-01-06,14:15,Current,NEFT,3129.46,Credit,13212.54,Investment,Karnataka,567,0,No loan,0.0,Success,Web,Verified,0,14
TXN000001449,CUST050193,2019-01-06,08:31,Savings,IMPS,7824.84,Debit,15706.84,Salary,Rajasthan,481,0,No loan,0.0,Success,POS_Terminal,Verified,0,8
TXN000001450,CUST063889,2019-01-06,17:45,Savings,POS,7829.73,Debit,17903.4,Retail,Delhi,744,1,Personal,10221.35,Success,Mobile_App,Verified,0,17
TXN000001451,CUST073610,2019-01-06,13:20,Savings,Cheque,7811.68,Credit,13272.28,Healthcare,Karnataka,598,0,No loan,0.0,Success,Mobile_App,Verified,0,13
TXN000001452,CUST009078,2019-01-06,17:28,Savings,POS,389.49,Debit,11381.81,Entertainment,Maharashtra,565,1,Home,4720.4,Success,Mobile_App,Verified,0,17
TXN000001453,CUST020954,2019-01-06,16:51,Savings,IMPS,1415.39,Credit,59476.84,Retail,Maharashtra,510,0,No loan,0.0,Success,POS_Terminal,Verified,0,16
TXN000001454,CUST076920,2019-01-06,16:10,Savings,Cheque,277778.44,Debit,13130.53,Retail,Karnataka,673,0,No loan,0.0,Success,POS_Terminal,Verified,0,16
TXN000001455,CUST067890,2019-01-06,20:12,NRI,RTGS,572100.68,Credit,15746.66,Retail,Rajasthan,617,1,Home,4545.17,Success,Mobile_App,Verified,0,20
TXN000001456,CUST023822,2019-01-06,16:35,Current,UPI,113.16,Credit,16566.88,Entertainment,Karnataka,765,1,Unknown,3518.91,Success,Mobile_App,Verified,0,16
TXN000001457,CUST037568,2019-01-06,18:41,Fixed Deposit,ATM_Withdrawal,500.0,Debit,21962.54,Entertainment,Punjab,458,1,Unknown,2698.0,Success,POS_Terminal,Verified,0,18
TXN000001458,CUST024861,2019-01-06,20:10,Savings,UPI,317.07,Debit,14072.41,E-Commerce,Karnataka,426,1,Personal,7535.46,Success,Mobile_App,Verified,0,20
TXN000001459,CUST021196,2019-01-06,10:16,Fixed Deposit,POS,3996.91,Debit,312649.83,Food & Dining,Tamil Nadu,300,1,Auto,2906.88,Success,ATM,Verified,0,10
TXN000001460,CUST077476,2019-01-06,07:49,Savings,Credit_Card,1897.21,Debit,16746.37,Food & Dining,Maharashtra,807,0,No loan,0.0,Success,Branch,Verified,0,7
TXN000001461,CUST021428,2019-01-06,13:18,Salary,UPI,454.54,Debit,1032059.01,Salary,Karnataka,446,0,No loan,0.0,Success,Mobile_App,Verified,0,13
TXN000001462,CUST027084,2019-01-06,18:48,NRI,Net_Banking,92301.57,Debit,52974.88,Real Estate,Tamil Nadu,454,0,No loan,0.0,Pending,Web,Verified,0,18
TXN000001463,CUST057373,2019-01-06,03:25,Current,NEFT,5565.6,Credit,2420.45,Entertainment,UP,788,1,Personal,8746.71,Success,Mobile_App,Verified,0,3
TXN000001464,CUST044065,2019-01-06,14:02,Savings,POS,2433.65,Debit,21070.17,Insurance,Telangana,458,1,Business,3414.04,Success,Web,Verified,0,14
TXN000001465,CUST007814,2019-01-06,17:20,Salary,Cheque,44040.1,Credit,28752.8,Peer Transfer,Punjab,723,0,No loan,0.0,Success,ATM,Verified,0,17
TXN000001466,CUST031599,2019-01-06,15:11,Fixed Deposit,Net_Banking,20987.78,Credit,9439.99,Retail,Maharashtra,361,0,No loan,0.0,Success,Mobile_App,Verified,0,15
TXN000001467,CUST027083,2019-01-06,19:02,Savings,POS,1681.67,Debit,3971.14,E-Commerce,Gujarat,890,0,No loan,0.0,Failed,API,Verified,0,19
TXN000001468,CUST029242,2019-01-06,13:16,Savings,IMPS,1156.24,Credit,24617.58,Peer Transfer,Telangana,799,0,No loan,0.0,Success,Mobile_App,Verified,0,13
TXN000001469,CUST044570,2019-01-06,06:13,Salary,IMPS,1682.97,Debit,10696.99,Education,Delhi,438,0,No loan,0.0,Success,Web,Verified,0,6
TXN000001470,CUST011746,2019-01-06,00:09,Current,IMPS,573.34,Credit,65289.93,Travel,Delhi,877,0,No loan,0.0,Success,Mobile_App,Verified,0,0
TXN000001471,CUST026030,2019-01-06,05:49,Savings,NEFT,41352.95,Debit,25463.03,Investment,Karnataka,795,0,No loan,0.0,Success,Mobile_App,Verified,0,5
TXN000001472,CUST013026,2019-01-06,16:42,Current,ATM_Withdrawal,5000.0,Debit,49816.35,Entertainment,Karnataka,751,0,No loan,0.0,Success,Web,Verified,0,16
TXN000001473,CUST014289,2019-01-06,20:19,Savings,RTGS,748401.71,Credit,48973.81,Retail,Rajasthan,660,0,No loan,0.0,Success,Mobile_App,Verified,0,20
TXN000001474,CUST006541,2019-01-06,07:55,Salary,Auto_Debit,2103.26,Debit,4960.31,Healthcare,UP,720,0,No loan,0.0,Success,ATM,Verified,0,7
TXN000001475,CUST068879,2019-01-06,09:40,Savings,NEFT,506.51,Credit,64148.82,Salary,West Bengal,342,0,No loan,0.0,Success,Web,Pending,0,9
TXN000001476,CUST041847,2019-01-06,14:49,Fixed Deposit,UPI,576.69,Credit,2290.02,E-Commerce,Rajasthan,433,0,No loan,0.0,Success,API,Verified,0,14
TXN000001477,CUST075933,2019-01-06,19:00,Current,UPI,383.29,Debit,29103.51,Investment,Tamil Nadu,317,1,Auto,9127.97,Success,Mobile_App,Verified,0,19
TXN000001478,CUST017483,2019-01-06,11:13,Savings,UPI,745.29,Credit,40282.19,Government,Rajasthan,334,0,No loan,0.0,Success,Web,Verified,1,11
TXN000001479,CUST023412,2019-01-06,09:55,Salary,IMPS,10554.66,Debit,33763.55,E-Commerce,Telangana,401,0,No loan,0.0,Success,Web,Verified,0,9
TXN000001480,CUST050976,2019-01-06,16:43,Salary,Cheque,4559.94,Credit,307549.14,Healthcare,Maharashtra,307,1,Unknown,7498.65,Success,Branch,Verified,0,16
TXN000001481,CUST060546,2019-01-06,11:18,Salary,UPI,1307.89,Debit,229743.78,Retail,Gujarat,699,1,Personal,792.86,Success,POS_Terminal,Verified,0,11
TXN000001482,CUST078798,2019-01-06,08:21,Salary,IMPS,887.99,Credit,67546.28,Retail,West Bengal,894,1,Business,2879.49,Success,POS_Terminal,Verified,0,8
TXN000001483,CUST052308,2019-01-06,14:53,NRI,Net_Banking,579.81,Debit,28024.66,Real Estate,Delhi,678,0,No loan,0.0,Success,Mobile_App,Verified,1,14
TXN000001484,CUST003094,2019-01-06,13:39,NRI,RTGS,437908.61,Debit,16821.89,Food & Dining,Telangana,431,1,Gold,7332.37,Success,Web,Pending,0,13
TXN000001485,CUST077259,2019-01-06,21:31,Savings,UPI,349.95,Credit,386143.34,Peer Transfer,Rajasthan,839,0,No loan,0.0,Success,Branch,Verified,0,21
TXN000001486,CUST022043,2019-01-06,00:43,Salary,IMPS,599.49,Debit,482014.49,Entertainment,Karnataka,531,0,No loan,0.0,Success,Web,Verified,0,0
TXN000001487,CUST052931,2019-01-06,21:58,Fixed Deposit,UPI,2180.89,Credit,83683.93,Investment,Rajasthan,351,0,No loan,0.0,Success,ATM,Verified,0,21
TXN000001488,CUST044414,2019-01-06,15:02,Current,IMPS,6274.51,Debit,61352.57,Travel,Gujarat,355,1,Personal,7154.03,Failed,Mobile_App,Verified,0,15
TXN000001489,CUST033757,2019-01-06,10:27,Current,IMPS,378.4,Debit,82606.55,Retail,UP,570,0,No loan,0.0,Success,ATM,Verified,1,10
TXN000001490,CUST053269,2019-01-06,06:52,Savings,NEFT,3715.82,Debit,12963.56,Utilities,Maharashtra,454,0,No loan,0.0,Success,Mobile_App,Verified,0,6
TXN000001491,CUST039215,2019-01-06,16:10,Current,NEFT,77418.0,Debit,416849.51,Retail,Gujarat,408,1,Home,18620.93,Success,Mobile_App,Verified,0,16
TXN000001492,CUST028603,2019-01-06,09:23,Salary,Auto_Debit,972.2,Debit,7738.52,Government,West Bengal,497,0,No loan,0.0,Success,Mobile_App,Verified,0,9
TXN000001493,CUST053332,2019-01-06,00:49,Salary,Net_Banking,13146.73,Credit,12616.94,Food & Dining,Tamil Nadu,585,0,No loan,0.0,Success,Mobile_App,Verified,0,0
TXN000001494,CUST048902,2019-01-06,05:57,Current,UPI,655.2,Credit,21651.43,E-Commerce,Delhi,377,0,No loan,0.0,Success,Mobile_App,Verified,0,5
TXN000001495,CUST063417,2019-01-06,07:58,Savings,ATM_Withdrawal,2000.0,Debit,15207.09,Retail,West Bengal,741,1,Unknown,5866.54,Success,API,Verified,0,7
TXN000001496,CUST032197,2019-01-06,19:17,Fixed Deposit,UPI,168.16,Debit,46843.78,Healthcare,Delhi,851,0,No loan,0.0,Success,POS_Terminal,Verified,0,19
TXN000001497,CUST005627,2019-01-06,11:34,Savings,IMPS,31223.8,Debit,28472.97,Salary,West Bengal,355,0,No loan,0.0,Failed,Mobile_App,Verified,0,11
TXN000001498,CUST007425,2019-01-06,05:01,Current,UPI,437.48,Credit,15770.8,Insurance,Tamil Nadu,410,1,Home,3288.07,Success,Branch,Verified,0,5
TXN000001499,CUST012858,2019-01-06,13:02,Current,POS,5359.53,Debit,97062.12,E-Commerce,Telangana,773,0,No loan,0.0,Failed,Mobile_App,Verified,0,13
TXN000001500,CUST019983,2019-01-06,12:25,Current,NEFT,7509.61,Credit,48501.54,Utilities,Maharashtra,736,1,Home,30401.71,Success,Mobile_App,Verified,0,12
TXN000001501,CUST076962,2019-01-06,12:24,Savings,UPI,2526.83,Debit,9117.27,Travel,Maharashtra,385,0,No loan,0.0,Success,Mobile_App,Verified,0,12
TXN000001502,CUST001981,2019-01-06,08:01,NRI,UPI,1885.33,Credit,6146.68,Food & Dining,Delhi,586,1,Personal,4167.86,Success,POS_Terminal,Verified,0,8
TXN000001503,CUST048291,2019-01-06,19:27,Salary,ATM_Withdrawal,1000.0,Debit,55618.32,Entertainment,West Bengal,440,1,Personal,777.77,Success,Mobile_App,Verified,0,19
TXN000001504,CUST026432,2019-01-06,16:45,Savings,IMPS,739.96,Debit,14453.06,Real Estate,Gujarat,532,0,No loan,0.0,Success,ATM,Verified,0,16
TXN000001505,CUST026386,2019-01-06,23:27,Savings,ATM_Withdrawal,1000.0,Debit,447850.29,Government,Gujarat,435,0,No loan,0.0,Success,ATM,Verified,0,23
TXN000001506,CUST038159,2019-01-06,20:46,Savings,RTGS,49383.56,Credit,19788.27,Government,Karnataka,549,0,No loan,0.0,Success,ATM,Verified,0,20
TXN000001507,CUST023020,2019-01-06,04:53,Salary,Net_Banking,34494.83,Credit,9892.6,E-Commerce,Gujarat,341,0,No loan,0.0,Failed,Mobile_App,Expired,0,4
TXN000001508,CUST018640,2019-01-06,12:39,Current,NEFT,7887.93,Debit,601195.39,Travel,Maharashtra,322,0,No loan,0.0,Success,Mobile_App,Verified,0,12
TXN000001509,CUST021564,2019-01-06,17:05,Salary,UPI,4939.64,Debit,45220.49,Insurance,Tamil Nadu,657,0,No loan,0.0,Success,Mobile_App,Verified,0,17
TXN000001510,CUST039342,2019-01-06,13:01,Savings,UPI,330.75,Credit,39279.43,Retail,Karnataka,765,0,No loan,0.0,Success,Web,Verified,0,13
TXN000001511,CUST005777,2019-01-06,07:59,Salary,IMPS,1749.72,Credit,2311.91,Insurance,Tamil Nadu,654,0,No loan,0.0,Success,Mobile_App,Verified,0,7
TXN000001512,CUST036445,2019-01-06,18:25,Current,Cheque,151946.77,Debit,2981.39,E-Commerce,West Bengal,314,0,No loan,0.0,Success,Mobile_App,Verified,0,18
TXN000001513,CUST068917,2019-01-06,19:36,Current,IMPS,8752.0,Credit,30615.2,Education,Rajasthan,684,0,No loan,0.0,Failed,Branch,Verified,0,19
TXN000001514,CUST008712,2019-01-06,08:01,Salary,UPI,616.97,Credit,32050.54,Investment,Telangana,554,1,Auto,4991.99,Success,Web,Verified,0,8
TXN000001515,CUST074319,2019-01-06,16:18,Current,POS,1246.45,Debit,11054.03,Travel,Telangana,785,1,Home,3706.33,Success,Mobile_App,Verified,0,16
TXN000001516,CUST030708,2019-01-06,21:12,Savings,IMPS,8197.9,Debit,41103.57,Food & Dining,Karnataka,772,0,No loan,0.0,Success,Mobile_App,Verified,0,21
TXN000001517,CUST039111,2019-01-06,01:26,Savings,Auto_Debit,1288.83,Debit,24885.98,Insurance,Delhi,864,1,Home,8735.29,Success,Mobile_App,Verified,0,1
TXN000001518,CUST061789,2019-01-06,11:49,Salary,ATM_Withdrawal,2000.0,Debit,78070.44,Education,West Bengal,672,0,No loan,0.0,Success,Branch,Verified,0,11
TXN000001519,CUST038828,2019-01-06,10:38,Savings,IMPS,757.89,Debit,44861.02,Real Estate,Maharashtra,717,1,Home,2362.56,Success,Web,Verified,0,10
TXN000001520,CUST005656,2019-01-06,15:43,Savings,IMPS,6100.62,Debit,11297.0,Peer Transfer,Tamil Nadu,351,1,Home,1294.29,Success,Mobile_App,Verified,0,15
TXN000001521,CUST044860,2019-01-06,12:34,Salary,IMPS,1596.47,Debit,73283.08,Insurance,UP,420,0,No loan,0.0,Success,ATM,Verified,0,12
TXN000001522,CUST053626,2019-01-06,09:53,Savings,RTGS,831122.18,Credit,183138.24,Healthcare,Rajasthan,707,0,No loan,0.0,Success,Branch,Verified,0,9
TXN000001523,CUST052099,2019-01-06,06:11,NRI,UPI,236.19,Debit,98767.69,Education,Punjab,646,0,No loan,0.0,Success,Mobile_App,Verified,0,6
TXN000001524,CUST015252,2019-01-06,04:58,Salary,Auto_Debit,579.99,Debit,34679.84,Healthcare,UP,812,0,No loan,0.0,Success,POS_Terminal,Verified,0,4
TXN000001525,CUST000527,2019-01-06,10:09,Savings,Auto_Debit,626.87,Debit,2357.96,Government,Maharashtra,380,1,Business,2508.91,Success,Mobile_App,Verified,0,10
TXN000001526,CUST068761,2019-01-06,14:59,Salary,POS,1602.44,Debit,77146.19,Peer Transfer,Delhi,832,0,No loan,0.0,Success,Web,Verified,0,14
TXN000001527,CUST047838,2019-01-06,22:00,Savings,IMPS,14800.18,Credit,57365.23,Food & Dining,Delhi,742,1,Personal,1643.1,Success,Web,Verified,0,22
TXN000001528,CUST011537,2019-01-06,07:22,Savings,Cheque,39218.85,Credit,705057.41,Food & Dining,West Bengal,700,0,No loan,0.0,Success,Branch,Pending,0,7
TXN000001529,CUST028542,2019-01-06,08:08,NRI,IMPS,2426.21,Credit,40333.23,Investment,West Bengal,557,0,No loan,0.0,Success,Mobile_App,Verified,0,8
TXN000001530,CUST079084,2019-01-06,12:36,Salary,NEFT,75383.89,Credit,36010.99,Investment,Karnataka,725,0,No loan,0.0,Success,API,Verified,0,12
TXN000001531,CUST051028,2019-01-06,19:40,Savings,RTGS,74535.23,Debit,3413.53,Insurance,Maharashtra,554,0,No loan,0.0,Success,Web,Verified,0,19
TXN000001532,CUST034532,2019-01-06,17:58,Current,UPI,2240.21,Debit,73895.52,Utilities,Maharashtra,423,0,No loan,0.0,Success,Web,Verified,0,17
TXN000001533,CUST008713,2019-01-06,20:04,Salary,ATM_Withdrawal,2000.0,Debit,41570.45,Retail,Delhi,466,1,Home,2634.13,Success,API,Verified,0,20
TXN000001534,CUST065456,2019-01-06,15:28,Salary,NEFT,15346.2,Debit,113334.09,Peer Transfer,Gujarat,673,1,Auto,3104.43,Success,Web,Verified,0,15
TXN000001535,CUST074745,2019-01-06,04:45,Savings,NEFT,3691.78,Credit,938.39,E-Commerce,Maharashtra,647,1,Personal,5142.4,Success,Mobile_App,Verified,0,4
TXN000001536,CUST005110,2019-01-06,23:47,Salary,POS,573.75,Debit,23236.69,Peer Transfer,Karnataka,834,1,Auto,3927.14,Success,Mobile_App,Verified,0,23
TXN000001537,CUST049269,2019-01-06,09:52,NRI,POS,1430.67,Debit,4404.34,Salary,Maharashtra,307,1,Unknown,2419.84,Success,POS_Terminal,Verified,0,9
TXN000001538,CUST054616,2019-01-06,05:16,Savings,Credit_Card,6763.08,Debit,23858.58,Peer Transfer,Karnataka,882,0,No loan,0.0,Success,Mobile_App,Verified,0,5
TXN000001539,CUST029760,2019-01-06,21:01,Savings,UPI,770.25,Debit,6042.44,Travel,West Bengal,490,0,No loan,0.0,Success,API,Expired,0,21
TXN000001540,CUST060113,2019-01-06,20:12,Salary,IMPS,2612.45,Credit,68335.87,Fuel,Karnataka,821,0,No loan,0.0,Success,Mobile_App,Verified,0,20
TXN000001541,CUST026590,2019-01-06,01:11,Current,IMPS,29325.72,Debit,42367.22,Healthcare,Gujarat,643,1,Personal,4201.29,Success,POS_Terminal,Verified,0,1
TXN000001542,CUST030016,2019-01-06,00:30,Savings,IMPS,2329.63,Credit,11376.84,Real Estate,Delhi,891,0,No loan,0.0,Success,Mobile_App,Verified,0,0
TXN000001543,CUST029010,2019-01-06,12:41,Savings,POS,476.99,Debit,28500.36,Peer Transfer,Telangana,895,0,No loan,0.0,Success,POS_Terminal,Verified,0,12
TXN000001544,CUST062047,2019-01-06,19:32,Current,UPI,663.48,Debit,2983779.78,Food & Dining,Rajasthan,613,1,Home,7026.58,Success,POS_Terminal,Verified,0,19
TXN000001545,CUST026144,2019-01-06,09:40,Salary,Cheque,439192.44,Debit,29616.44,Salary,Maharashtra,681,0,No loan,0.0,Success,Web,Verified,0,9
TXN000001546,CUST006155,2019-01-06,17:02,Current,UPI,3216.42,Debit,194177.81,Peer Transfer,Karnataka,541,0,No loan,0.0,Success,Web,Verified,1,17
TXN000001547,CUST021805,2019-01-06,06:09,Salary,UPI,2415.41,Debit,180642.57,Retail,West Bengal,353,0,No loan,0.0,Success,Mobile_App,Verified,1,6
TXN000001548,CUST041689,2019-01-06,17:19,Savings,UPI,653.86,Debit,212443.47,E-Commerce,Gujarat,443,0,No loan,0.0,Success,POS_Terminal,Verified,0,17
TXN000001549,CUST064289,2019-01-06,17:45,Current,UPI,303.17,Debit,6314.39,Travel,Tamil Nadu,393,0,No loan,0.0,Success,POS_Terminal,Verified,0,17
TXN000001550,CUST051196,2019-01-06,21:49,Current,NEFT,1418.55,Credit,29749.37,Insurance,UP,327,1,Business,9508.95,Success,POS_Terminal,Verified,0,21
TXN000001551,CUST020582,2019-01-06,09:16,Salary,NEFT,13992.28,Credit,65369.67,Entertainment,Gujarat,387,0,No loan,0.0,Success,Web,Verified,0,9
TXN000001552,CUST052649,2019-01-06,08:24,Savings,UPI,324.94,Credit,202198.02,Peer Transfer,Tamil Nadu,575,0,No loan,0.0,Success,Web,Verified,0,8
TXN000001553,CUST030088,2019-01-06,15:31,Savings,Credit_Card,9562.31,Debit,35791.11,Real Estate,West Bengal,739,1,Business,2413.95,Pending,Mobile_App,Verified,0,15
TXN000001554,CUST049931,2019-01-06,04:10,Current,NEFT,2861.91,Debit,84090.73,Food & Dining,Gujarat,765,0,No loan,0.0,Success,Mobile_App,Verified,0,4
TXN000001555,CUST032982,2019-01-06,23:03,Fixed Deposit,IMPS,5620.37,Debit,26849.6,Government,UP,693,0,No loan,0.0,Success,ATM,Verified,0,23
TXN000001556,CUST069299,2019-01-06,23:05,Savings,UPI,11440.67,Debit,83867.34,Food & Dining,Karnataka,899,1,Business,5683.96,Pending,Mobile_App,Verified,0,23
TXN000001557,CUST046168,2019-01-06,17:16,NRI,UPI,130.57,Credit,42341.24,Retail,Tamil Nadu,792,0,No loan,0.0,Success,Web,Pending,0,17
TXN000001558,CUST075305,2019-01-06,05:03,Current,UPI,2864.98,Debit,5398.56,Government,West Bengal,560,1,Business,3027.42,Success,POS_Terminal,Verified,0,5
TXN000001559,CUST043409,2019-01-06,22:27,Fixed Deposit,IMPS,1809.36,Credit,50172.02,Retail,Delhi,508,0,No loan,0.0,Pending,ATM,Verified,0,22
TXN000001560,CUST039500,2019-01-06,14:32,Current,NEFT,221166.86,Credit,1480.49,Food & Dining,Maharashtra,353,0,No loan,0.0,Success,Branch,Pending,0,14
TXN000001561,CUST052270,2019-01-06,16:26,Salary,Auto_Debit,7714.13,Debit,25779.92,Food & Dining,Telangana,509,0,No loan,0.0,Success,ATM,Verified,0,16
TXN000001562,CUST038560,2019-01-06,12:14,NRI,POS,647.55,Debit,6970.74,Healthcare,Delhi,315,0,No loan,0.0,Failed,Mobile_App,Verified,0,12
TXN000001563,CUST074320,2019-01-06,21:01,Salary,POS,532.68,Debit,93140.48,E-Commerce,Rajasthan,860,1,Unknown,4076.34,Success,Mobile_App,Verified,0,21
TXN000001564,CUST048788,2019-01-06,00:45,Savings,NEFT,16247.55,Debit,59606.57,Fuel,Gujarat,328,1,Unknown,2847.47,Success,Mobile_App,Verified,0,0
TXN000001565,CUST035489,2019-01-06,15:20,Current,Cheque,29781.74,Debit,40531.79,Education,Telangana,378,1,Business,2842.44,Success,Mobile_App,Verified,0,15
TXN000001566,CUST074442,2019-01-06,12:58,Current,UPI,2564.76,Credit,20494.44,Salary,Karnataka,718,0,No loan,0.0,Success,Mobile_App,Verified,0,12
TXN000001567,CUST074664,2019-01-06,15:36,Fixed Deposit,IMPS,2333.04,Debit,19385.03,Salary,Tamil Nadu,803,1,Auto,2620.24,Success,ATM,Verified,0,15
TXN000001568,CUST022432,2019-01-06,23:26,Savings,NEFT,14961.83,Debit,12747.55,Retail,Telangana,872,1,Personal,7570.78,Success,Mobile_App,Verified,0,23
TXN000001569,CUST061682,2019-01-06,19:12,Savings,NEFT,953.65,Credit,28083.28,Insurance,Gujarat,849,0,No loan,0.0,Success,Mobile_App,Verified,0,19
TXN000001570,CUST063484,2019-01-06,13:34,Savings,NEFT,7405.91,Debit,6386.84,Education,Maharashtra,660,0,No loan,0.0,Success,Mobile_App,Verified,0,13
TXN000001571,CUST049154,2019-01-06,17:35,Current,UPI,4724.1,Credit,2073.7,Entertainment,Gujarat,806,0,No loan,0.0,Success,Branch,Verified,0,17
TXN000001572,CUST006369,2019-01-06,16:34,Current,UPI,1455.25,Credit,319149.36,Salary,Maharashtra,661,0,No loan,0.0,Success,Web,Verified,0,16
TXN000001573,CUST027425,2019-01-06,14:49,Current,Auto_Debit,891.95,Debit,582542.61,Real Estate,Tamil Nadu,515,0,No loan,0.0,Success,POS_Terminal,Expired,0,14
TXN000001574,CUST045005,2019-01-06,01:40,Savings,UPI,135.46,Credit,47219.5,Education,Tamil Nadu,506,1,Education,20278.53,Success,ATM,Verified,0,1
TXN000001575,CUST056986,2019-01-06,11:59,Savings,POS,4058.28,Debit,6594.01,Education,Tamil Nadu,824,1,Business,5553.55,Success,Web,Verified,0,11
TXN000001576,CUST050070,2019-01-06,02:40,Savings,UPI,438.02,Credit,56613.86,Government,Delhi,694,0,No loan,0.0,Success,POS_Terminal,Verified,0,2
TXN000001577,CUST052327,2019-01-06,23:29,Savings,Net_Banking,35908.06,Credit,119013.87,Peer Transfer,Maharashtra,864,0,No loan,0.0,Success,Mobile_App,Verified,0,23
TXN000001578,CUST023399,2019-01-06,01:44,Salary,ATM_Withdrawal,5000.0,Debit,73035.33,Entertainment,Karnataka,849,1,Home,3975.32,Failed,Mobile_App,Verified,0,1
TXN000001579,CUST050862,2019-01-06,02:06,NRI,UPI,202.88,Credit,2373.54,Travel,Gujarat,510,0,No loan,0.0,Success,Web,Verified,0,2
TXN000001580,CUST075898,2019-01-06,04:22,Current,Credit_Card,669.15,Debit,32675.83,Retail,Maharashtra,358,0,No loan,0.0,Success,Web,Verified,0,4
TXN000001581,CUST068578,2019-01-06,22:07,Savings,IMPS,419.49,Credit,31207.49,Healthcare,Maharashtra,782,1,Education,5611.37,Success,Mobile_App,Verified,0,22
TXN000001582,CUST065642,2019-01-06,08:41,Salary,RTGS,42541.28,Credit,82590.7,Retail,Rajasthan,341,0,No loan,0.0,Success,Mobile_App,Verified,0,8
TXN000001583,CUST009079,2019-01-06,10:51,Savings,IMPS,6320.1,Credit,120267.41,Utilities,Punjab,742,0,No loan,0.0,Success,Mobile_App,Pending,0,10
TXN000001584,CUST025004,2019-01-06,16:18,Savings,Net_Banking,1998.38,Debit,10730.15,Insurance,West Bengal,363,1,Education,4863.8,Success,POS_Terminal,Verified,0,16
TXN000001585,CUST062769,2019-01-06,22:17,Savings,Net_Banking,656.1,Debit,2137.21,Healthcare,Telangana,582,0,No loan,0.0,Success,Mobile_App,Verified,0,22
TXN000001586,CUST051048,2019-01-06,02:53,Current,Cheque,64567.68,Debit,565929.38,Travel,Delhi,620,1,Gold,11524.32,Success,ATM,Verified,0,2
TXN000001587,CUST071627,2019-01-06,11:19,Savings,IMPS,2741.15,Credit,48335.39,Entertainment,Telangana,787,0,No loan,0.0,Success,POS_Terminal,Verified,0,11
TXN000001588,CUST057661,2019-01-06,11:30,Savings,IMPS,7477.43,Debit,14934.2,Peer Transfer,Maharashtra,546,1,Unknown,7192.41,Success,Mobile_App,Verified,0,11
TXN000001589,CUST049787,2019-01-06,16:29,Salary,ATM_Withdrawal,10000.0,Debit,31720.24,Food & Dining,West Bengal,464,0,No loan,0.0,Pending,Mobile_App,Verified,0,16
TXN000001590,CUST001926,2019-01-06,05:25,Savings,UPI,107.28,Debit,45312.12,Entertainment,West Bengal,781,0,No loan,0.0,Success,POS_Terminal,Verified,0,5
TXN000001591,CUST026016,2019-01-06,00:39,Current,Net_Banking,1790.75,Credit,291673.14,Retail,Maharashtra,402,1,Education,25120.04,Success,Branch,Verified,0,0
TXN000001592,CUST033321,2019-01-06,12:11,Current,Auto_Debit,1213.8,Debit,30267.43,E-Commerce,Delhi,763,1,Education,5983.08,Success,ATM,Verified,0,12
TXN000001593,CUST064882,2019-01-06,08:29,Salary,UPI,839.73,Debit,519511.9,Retail,Tamil Nadu,415,0,No loan,0.0,Success,Mobile_App,Verified,0,8
TXN000001594,CUST026290,2019-01-06,13:48,Savings,IMPS,3190.73,Debit,123274.68,Food & Dining,Telangana,360,0,No loan,0.0,Success,Mobile_App,Verified,0,13
TXN000001595,CUST003390,2019-01-06,02:59,Current,Net_Banking,24536.45,Debit,5013.64,Salary,Delhi,485,0,No loan,0.0,Success,POS_Terminal,Verified,0,2
TXN000001596,CUST025684,2019-01-06,15:50,Fixed Deposit,IMPS,1832.43,Debit,61609.33,Retail,UP,725,1,Personal,7694.31,Success,POS_Terminal,Verified,0,15
TXN000001597,CUST013630,2019-01-06,12:28,Savings,POS,5646.61,Debit,36310.41,Peer Transfer,Maharashtra,316,1,Personal,6909.05,Success,Web,Verified,0,12
TXN000001598,CUST061551,2019-01-06,17:01,Savings,POS,348.32,Debit,25264.88,Peer Transfer,Karnataka,375,0,No loan,0.0,Success,Mobile_App,Pending,0,17
TXN000001599,CUST024827,2019-01-06,22:25,Fixed Deposit,POS,2214.44,Debit,2116.87,Healthcare,UP,641,1,Personal,27092.25,Failed,POS_Terminal,Verified,0,22
TXN000001600,CUST026631,2019-01-06,14:21,Salary,POS,1355.89,Debit,59530.92,Entertainment,UP,741,0,No loan,0.0,Success,POS_Terminal,Verified,0,14
TXN000001601,CUST046164,2019-01-06,05:15,Savings,Net_Banking,16828.85,Credit,58405.85,Salary,Delhi,868,0,No loan,0.0,Success,Mobile_App,Expired,0,5
TXN000001602,CUST066436,2019-01-06,00:06,Current,UPI,1419.83,Credit,1386095.22,Peer Transfer,Delhi,878,0,No loan,0.0,Success,Mobile_App,Verified,0,0
TXN000001603,CUST011654,2019-01-06,09:45,Fixed Deposit,Auto_Debit,3293.81,Debit,11867.19,Food & Dining,West Bengal,792,1,Unknown,20049.8,Pending,Mobile_App,Verified,0,9
TXN000001604,CUST027962,2019-01-06,00:08,Current,IMPS,563.53,Debit,24531.58,Fuel,Karnataka,847,1,Business,12944.47,Success,Mobile_App,Verified,0,0
TXN000001605,CUST074138,2019-01-06,02:52,Current,Credit_Card,3008.14,Debit,6883.24,Food & Dining,Rajasthan,465,0,No loan,0.0,Success,Mobile_App,Verified,0,2
TXN000001606,CUST033663,2019-01-06,09:22,Fixed Deposit,IMPS,2459.28,Credit,113609.77,Real Estate,Delhi,895,1,Home,933.04,Success,Web,Verified,0,9
TXN000001607,CUST056447,2019-01-06,08:00,Current,NEFT,32613.02,Debit,61697.15,Retail,Tamil Nadu,394,1,Personal,4922.54,Success,Web,Pending,0,8
TXN000001608,CUST021289,2019-01-06,08:31,Savings,IMPS,17813.05,Credit,41331.52,E-Commerce,Telangana,462,0,No loan,0.0,Success,POS_Terminal,Verified,0,8
TXN000001609,CUST036878,2019-01-06,17:13,NRI,IMPS,5188.13,Debit,62877.66,Peer Transfer,Delhi,666,0,No loan,0.0,Reversed,ATM,Verified,0,17
TXN000001610,CUST015314,2019-01-06,23:52,Savings,Net_Banking,6615.95,Credit,9030.81,Retail,Karnataka,446,1,Home,10359.36,Success,Web,Verified,0,23
TXN000001611,CUST072716,2019-01-06,22:24,Savings,IMPS,769.82,Credit,30947.02,Fuel,Tamil Nadu,371,0,No loan,0.0,Success,Web,Verified,0,22
TXN000001612,CUST010327,2019-01-06,03:44,Savings,IMPS,667.29,Debit,7040.99,Government,Maharashtra,879,0,No loan,0.0,Success,Mobile_App,Verified,0,3
TXN000001613,CUST001561,2019-01-06,05:22,Salary,IMPS,1870.7,Credit,8682.08,Peer Transfer,Telangana,623,0,No loan,0.0,Success,Mobile_App,Verified,0,5
TXN000001614,CUST079149,2019-01-06,13:51,Savings,ATM_Withdrawal,10000.0,Debit,16048.35,Government,Maharashtra,561,1,Auto,4491.66,Success,Web,Verified,0,13
TXN000001615,CUST026746,2019-01-06,15:20,Savings,IMPS,267.3,Debit,149914.91,E-Commerce,Tamil Nadu,429,1,Business,3855.89,Success,POS_Terminal,Verified,0,15
TXN000001616,CUST031891,2019-01-06,19:36,Salary,UPI,8952.84,Debit,15306.39,Government,Maharashtra,779,1,Personal,14729.01,Success,Branch,Verified,0,19
TXN000001617,CUST020023,2019-01-06,08:13,Current,IMPS,637.87,Credit,18161.12,Food & Dining,Maharashtra,579,0,No loan,0.0,Reversed,Mobile_App,Verified,0,8
TXN000001618,CUST052580,2019-01-06,16:57,Current,Net_Banking,3544.53,Credit,58008.46,Food & Dining,Telangana,335,0,No loan,0.0,Success,Mobile_App,Verified,0,16
TXN000001619,CUST070317,2019-01-06,12:02,Current,IMPS,2248.64,Debit,52156.41,Peer Transfer,Gujarat,526,0,No loan,0.0,Success,Web,Pending,0,12
TXN000001620,CUST028381,2019-01-06,17:52,Salary,UPI,305.04,Credit,28180.48,Healthcare,West Bengal,824,0,No loan,0.0,Success,Branch,Expired,0,17
TXN000001621,CUST002357,2019-01-06,11:42,Salary,ATM_Withdrawal,2000.0,Debit,42062.64,Peer Transfer,Gujarat,874,0,No loan,0.0,Success,Web,Verified,0,11
TXN000001622,CUST070327,2019-01-06,15:45,Salary,Auto_Debit,3782.93,Debit,228862.82,Peer Transfer,Telangana,582,0,No loan,0.0,Success,Mobile_App,Verified,0,15
TXN000001623,CUST020050,2019-01-06,01:05,Savings,POS,1525.91,Debit,44390.5,Healthcare,Delhi,725,0,No loan,0.0,Failed,Web,Verified,0,1
TXN000001624,CUST075718,2019-01-06,22:50,Current,Auto_Debit,1037.2,Debit,12947.77,Food & Dining,West Bengal,443,0,No loan,0.0,Success,ATM,Verified,0,22
TXN000001625,CUST016083,2019-01-06,08:49,Current,RTGS,49714.27,Credit,15383.08,Entertainment,Telangana,812,0,No loan,0.0,Success,Mobile_App,Verified,0,8
TXN000001626,CUST000662,2019-01-06,19:45,Fixed Deposit,UPI,309.72,Credit,99157.49,Peer Transfer,West Bengal,799,0,No loan,0.0,Success,POS_Terminal,Verified,0,19
TXN000001627,CUST037413,2019-01-06,09:16,Fixed Deposit,UPI,1484.39,Debit,668611.15,Government,Delhi,308,0,No loan,0.0,Success,Mobile_App,Verified,0,9
TXN000001628,CUST002921,2019-01-06,10:46,Savings,NEFT,12655.04,Debit,87843.05,Travel,Maharashtra,465,1,Auto,566.48,Success,Mobile_App,Verified,0,10
TXN000001629,CUST060316,2019-01-06,21:26,Savings,UPI,5349.86,Debit,74707.37,Government,West Bengal,772,1,Auto,7285.56,Success,Web,Verified,0,21
TXN000001630,CUST079562,2019-01-06,06:00,Current,UPI,3155.95,Credit,17518.28,Entertainment,Karnataka,738,0,No loan,0.0,Failed,ATM,Verified,0,6
TXN000001631,CUST008947,2019-01-06,16:28,Current,UPI,404.79,Debit,5579.03,Salary,Rajasthan,688,1,Unknown,5568.97,Success,Web,Verified,0,16
TXN000001632,CUST045501,2019-01-06,12:43,Current,UPI,260.85,Debit,216311.75,Travel,Delhi,659,0,No loan,0.0,Success,Branch,Verified,0,12
TXN000001633,CUST016310,2019-01-06,04:35,Current,UPI,569.54,Debit,35310.25,Utilities,Telangana,545,1,Home,6935.29,Success,Web,Verified,0,4
TXN000001634,CUST055231,2019-01-06,14:56,Fixed Deposit,IMPS,11793.82,Debit,85149.09,Salary,UP,855,1,Unknown,8818.49,Success,Mobile_App,Verified,0,14
TXN000001635,CUST030028,2019-01-06,09:14,Savings,UPI,1179.76,Credit,15640.68,Healthcare,Delhi,452,0,No loan,0.0,Success,Web,Expired,0,9
TXN000001636,CUST072542,2019-01-06,07:08,NRI,NEFT,844.98,Credit,40209.46,Healthcare,Karnataka,672,0,No loan,0.0,Success,Mobile_App,Pending,0,7
TXN000001637,CUST059322,2019-01-06,14:50,Salary,UPI,369.97,Debit,8085.25,Food & Dining,UP,637,0,No loan,0.0,Success,Mobile_App,Verified,0,14
TXN000001638,CUST000957,2019-01-06,17:13,Current,Auto_Debit,855.26,Debit,55092.28,Insurance,Tamil Nadu,739,1,Education,1684.34,Success,Mobile_App,Verified,0,17
TXN000001639,CUST074132,2019-01-06,08:24,NRI,UPI,5449.23,Debit,9415.07,Insurance,Delhi,871,1,Business,3951.26,Success,ATM,Verified,0,8
TXN000001640,CUST047909,2019-01-06,00:13,Salary,UPI,690.11,Debit,17334.75,Healthcare,Karnataka,572,0,No loan,0.0,Success,Web,Verified,0,0
TXN000001641,CUST078340,2019-01-06,18:03,Salary,IMPS,1535.95,Debit,5178.34,Retail,Gujarat,474,0,No loan,0.0,Success,Web,Verified,0,18
TXN000001642,CUST025964,2019-01-06,18:51,Fixed Deposit,UPI,1457.76,Credit,13374.49,Education,West Bengal,379,0,No loan,0.0,Success,Web,Verified,0,18
TXN000001643,CUST039444,2019-01-06,21:39,Current,RTGS,9825.59,Credit,41095.77,Fuel,Punjab,338,0,No loan,0.0,Success,Mobile_App,Verified,0,21
TXN000001644,CUST039064,2019-01-06,17:27,Salary,UPI,3785.44,Credit,6176.55,Travel,Maharashtra,322,0,No loan,0.0,Success,Mobile_App,Verified,0,17
TXN000001645,CUST004704,2019-01-06,17:04,Salary,NEFT,4500.9,Credit,35424.1,Retail,Punjab,356,0,No loan,0.0,Success,Web,Verified,0,17
TXN000001646,CUST065129,2019-01-06,16:47,Savings,Net_Banking,358.39,Debit,74386.7,Investment,Tamil Nadu,513,1,Gold,2255.59,Success,Mobile_App,Verified,0,16
TXN000001647,CUST072100,2019-01-06,02:42,Savings,RTGS,133848.95,Debit,10296.84,E-Commerce,Gujarat,750,1,Personal,1487.31,Success,Branch,Verified,0,2
TXN000001648,CUST025850,2019-01-06,02:09,Fixed Deposit,NEFT,2503.1,Credit,4424.84,Utilities,Delhi,600,0,No loan,0.0,Success,ATM,Verified,0,2
TXN000001649,CUST031861,2019-01-06,11:46,Salary,POS,705.3,Debit,167118.11,Food & Dining,Maharashtra,356,1,Gold,2137.51,Success,Mobile_App,Verified,0,11
TXN000001650,CUST031586,2019-01-06,03:14,Current,POS,513.66,Debit,130968.69,Peer Transfer,Punjab,668,1,Education,20050.32,Success,Mobile_App,Verified,0,3
TXN000001651,CUST022016,2019-01-06,05:05,Savings,IMPS,2800.36,Credit,47659.82,Utilities,Delhi,881,0,No loan,0.0,Success,ATM,Verified,0,5
TXN000001652,CUST077540,2019-01-06,10:13,Salary,UPI,2355.44,Debit,178870.07,Real Estate,Gujarat,874,0,No loan,0.0,Success,Mobile_App,Verified,0,10
TXN000001653,CUST043586,2019-01-06,16:19,NRI,IMPS,179.82,Credit,8102.54,E-Commerce,West Bengal,718,1,Education,4481.35,Success,Mobile_App,Verified,0,16
TXN000001654,CUST026959,2019-01-06,12:14,Current,Net_Banking,544.3,Debit,1879438.08,Travel,Karnataka,797,0,No loan,0.0,Success,Mobile_App,Verified,0,12
TXN000001655,CUST026018,2019-01-06,13:36,Fixed Deposit,POS,409.67,Debit,83602.32,Retail,Tamil Nadu,507,0,No loan,0.0,Success,POS_Terminal,Pending,0,13
TXN000001656,CUST076708,2019-01-06,09:11,Savings,POS,716.38,Debit,17793.01,Investment,Gujarat,566,1,Unknown,1033.64,Success,Web,Verified,0,9
TXN000001657,CUST045351,2019-01-06,07:41,Savings,UPI,6377.72,Debit,13747.03,Peer Transfer,Gujarat,893,0,No loan,0.0,Success,POS_Terminal,Pending,0,7
TXN000001658,CUST012202,2019-01-06,19:09,Salary,Net_Banking,3225.81,Credit,133289.1,Insurance,Tamil Nadu,703,0,No loan,0.0,Success,Mobile_App,Verified,0,19
TXN000001659,CUST029427,2019-01-06,12:30,Savings,Cheque,22777.39,Credit,10260.39,Entertainment,Maharashtra,523,0,No loan,0.0,Success,Web,Verified,0,12
TXN000001660,CUST017779,2019-01-06,04:50,Savings,UPI,1296.32,Credit,335492.68,E-Commerce,Gujarat,665,0,No loan,0.0,Success,Mobile_App,Verified,0,4
TXN000001661,CUST045242,2019-01-06,14:45,Current,ATM_Withdrawal,3000.0,Debit,3980.92,Utilities,Karnataka,650,0,No loan,0.0,Success,ATM,Verified,0,14
TXN000001662,CUST042230,2019-01-06,22:28,Salary,RTGS,79521.88,Debit,9590.64,Healthcare,Rajasthan,733,1,Auto,2419.31,Success,Branch,Verified,0,22
TXN000001663,CUST048365,2019-01-06,09:54,Savings,UPI,1014.96,Credit,29341.38,Retail,Telangana,370,1,Unknown,1572.85,Success,POS_Terminal,Verified,0,9
TXN000001664,CUST057057,2019-01-06,05:27,Savings,UPI,183.88,Credit,74536.47,Salary,Telangana,814,1,Personal,4925.29,Success,Web,Expired,0,5
TXN000001665,CUST027491,2019-01-06,10:22,Salary,UPI,535.38,Credit,47283.22,Investment,Rajasthan,670,0,No loan,0.0,Success,POS_Terminal,Verified,0,10
TXN000001666,CUST019976,2019-01-06,00:55,Current,RTGS,209080.54,Credit,77411.2,Government,Maharashtra,703,0,No loan,0.0,Success,Web,Verified,0,0
TXN000001667,CUST026724,2019-01-06,19:15,Savings,POS,3060.47,Debit,73289.98,Entertainment,Delhi,677,1,Personal,2926.74,Success,API,Pending,0,19
TXN000001668,CUST023280,2019-01-06,04:00,Savings,NEFT,14216.97,Debit,287297.05,Investment,Maharashtra,713,0,No loan,0.0,Success,API,Verified,0,4
TXN000001669,CUST078302,2019-01-06,12:02,Savings,UPI,333.56,Credit,35165.69,Salary,Gujarat,456,0,No loan,0.0,Success,Mobile_App,Verified,0,12
TXN000001670,CUST011562,2019-01-06,11:20,Current,POS,705.39,Debit,14865.71,Peer Transfer,Karnataka,386,1,Education,2475.53,Success,POS_Terminal,Verified,0,11
TXN000001671,CUST066062,2019-01-06,00:05,Savings,ATM_Withdrawal,5000.0,Debit,5592.99,Education,Karnataka,572,0,No loan,0.0,Success,POS_Terminal,Verified,0,0
TXN000001672,CUST049154,2019-01-06,01:03,Salary,Cheque,26230.5,Credit,72293.07,Real Estate,UP,516,0,No loan,0.0,Success,Web,Verified,0,1
TXN000001673,CUST033143,2019-01-06,02:18,Savings,RTGS,319630.05,Debit,20494.46,Investment,Telangana,898,1,Business,1433.69,Pending,Mobile_App,Verified,0,2
TXN000001674,CUST026917,2019-01-06,11:02,Salary,IMPS,15782.86,Credit,152637.73,E-Commerce,Gujarat,447,0,No loan,0.0,Success,Web,Verified,0,11
TXN000001675,CUST064325,2019-01-06,23:31,Salary,POS,1138.11,Debit,65596.37,E-Commerce,Delhi,370,0,No loan,0.0,Success,Mobile_App,Verified,0,23
TXN000001676,CUST044966,2019-01-06,09:14,Savings,Cheque,10715.88,Credit,23173.01,E-Commerce,UP,686,0,No loan,0.0,Success,Mobile_App,Pending,0,9
TXN000001677,CUST004649,2019-01-06,13:57,Current,POS,726.58,Debit,8521.9,Utilities,Karnataka,451,0,No loan,0.0,Success,Mobile_App,Verified,0,13
TXN000001678,CUST035134,2019-01-06,11:26,Savings,RTGS,266952.59,Debit,75557.03,Government,Telangana,431,0,No loan,0.0,Success,ATM,Verified,0,11
TXN000001679,CUST050678,2019-01-06,15:47,Salary,NEFT,4246.29,Credit,14695.9,Salary,Tamil Nadu,839,0,No loan,0.0,Success,Mobile_App,Verified,0,15
TXN000001680,CUST070136,2019-01-06,01:09,Savings,UPI,517.22,Credit,59526.39,Salary,UP,406,0,No loan,0.0,Success,Mobile_App,Pending,0,1
TXN000001681,CUST035047,2019-01-06,20:25,Current,NEFT,51904.79,Debit,7616.9,Retail,Punjab,645,0,No loan,0.0,Success,Web,Verified,0,20
TXN000001682,CUST047065,2019-01-06,08:36,Current,UPI,1054.04,Debit,18478.33,Salary,Maharashtra,734,0,No loan,0.0,Success,Web,Verified,0,8
TXN000001683,CUST069351,2019-01-06,21:09,Savings,POS,234.75,Debit,8850.15,E-Commerce,Karnataka,408,0,No loan,0.0,Success,Branch,Verified,0,21
TXN000001684,CUST045894,2019-01-06,13:41,NRI,Cheque,2062.14,Credit,19372.87,Salary,Punjab,595,0,No loan,0.0,Success,ATM,Verified,0,13
TXN000001685,CUST061273,2019-01-06,11:58,Current,RTGS,70271.68,Debit,16263.56,Retail,West Bengal,774,1,Home,6697.59,Failed,Branch,Verified,0,11
TXN000001686,CUST067650,2019-01-06,15:13,Current,NEFT,2182.16,Debit,197324.8,Food & Dining,Maharashtra,664,0,No loan,0.0,Success,Mobile_App,Verified,0,15
TXN000001687,CUST064675,2019-01-06,08:21,Savings,Auto_Debit,9372.76,Debit,79881.21,Food & Dining,West Bengal,740,0,No loan,0.0,Success,API,Verified,0,8
TXN000001688,CUST013761,2019-01-06,17:42,Current,UPI,819.55,Debit,55687.06,Fuel,Maharashtra,325,0,No loan,0.0,Success,Mobile_App,Verified,0,17
TXN000001689,CUST021928,2019-01-06,02:47,Salary,IMPS,3627.79,Credit,194891.96,Retail,Karnataka,518,0,No loan,0.0,Success,Web,Verified,0,2
TXN000001690,CUST061368,2019-01-06,10:50,Savings,Credit_Card,1745.15,Debit,485185.71,Travel,Punjab,893,0,No loan,0.0,Success,POS_Terminal,Verified,0,10
TXN000001691,CUST012589,2019-01-06,14:22,Current,UPI,1038.32,Debit,135859.78,Travel,Gujarat,726,0,No loan,0.0,Success,POS_Terminal,Verified,1,14
TXN000001692,CUST052234,2019-01-06,23:14,Salary,Cheque,275939.11,Debit,71581.77,Peer Transfer,Karnataka,816,0,No loan,0.0,Success,Mobile_App,Verified,0,23
TXN000001693,CUST044739,2019-01-06,09:08,Salary,ATM_Withdrawal,500.0,Debit,156953.91,Investment,Gujarat,749,1,Home,839.71,Reversed,POS_Terminal,Pending,0,9
TXN000001694,CUST033398,2019-01-06,18:27,Salary,RTGS,242073.85,Credit,31237.21,Fuel,Tamil Nadu,761,1,Gold,1621.1,Success,Mobile_App,Verified,0,18
TXN000001695,CUST076368,2019-01-06,03:42,NRI,Auto_Debit,2387.14,Debit,5986.5,Insurance,Maharashtra,836,1,Auto,541.05,Success,Web,Pending,0,3
TXN000001696,CUST071261,2019-01-06,15:04,Current,RTGS,213456.81,Credit,124666.95,Salary,Rajasthan,572,0,No loan,0.0,Success,Web,Verified,0,15
TXN000001697,CUST076620,2019-01-06,12:12,Savings,UPI,81.23,Debit,2090.29,Entertainment,Gujarat,762,0,No loan,0.0,Failed,Branch,Verified,0,12
TXN000001698,CUST019817,2019-01-06,21:07,Salary,POS,2838.59,Debit,121189.08,Food & Dining,Telangana,684,1,Home,3839.69,Success,ATM,Pending,0,21
TXN000001699,CUST042241,2019-01-06,17:35,NRI,ATM_Withdrawal,1000.0,Debit,20575.08,Peer Transfer,West Bengal,395,1,Home,688.26,Success,Mobile_App,Verified,0,17
TXN000001700,CUST006277,2019-01-06,10:02,Salary,UPI,168.25,Credit,22883.59,Entertainment,Telangana,573,0,No loan,0.0,Success,Web,Verified,0,10
TXN000001701,CUST079531,2019-01-06,14:57,Current,Net_Banking,1370.36,Credit,88510.1,Entertainment,Telangana,650,0,No loan,0.0,Success,Web,Verified,0,14
TXN000001702,CUST023500,2019-01-06,15:59,Savings,Cheque,2982.6,Debit,25870.9,Government,Tamil Nadu,497,1,Business,5523.5,Success,ATM,Verified,0,15
TXN000001703,CUST071636,2019-01-06,18:16,Salary,Net_Banking,12501.5,Credit,67935.17,Education,Telangana,824,1,Unknown,2945.4,Success,Mobile_App,Verified,0,18
TXN000001704,CUST035947,2019-01-06,06:58,Savings,IMPS,3830.43,Credit,249856.75,Fuel,Delhi,311,1,Personal,6254.69,Failed,Mobile_App,Verified,0,6
TXN000001705,CUST055205,2019-01-06,05:36,Current,ATM_Withdrawal,5000.0,Debit,30085.45,E-Commerce,Karnataka,346,0,No loan,0.0,Success,POS_Terminal,Expired,0,5
TXN000001706,CUST051887,2019-01-06,03:18,Savings,ATM_Withdrawal,2000.0,Debit,25451.1,E-Commerce,Delhi,368,1,Personal,6600.17,Success,POS_Terminal,Verified,0,3
TXN000001707,CUST071653,2019-01-06,04:34,Fixed Deposit,IMPS,2966.32,Debit,66205.48,Food & Dining,Maharashtra,686,1,Business,23980.83,Success,Mobile_App,Verified,0,4
TXN000001708,CUST015564,2019-01-06,15:55,Savings,NEFT,11240.15,Debit,24953.98,Salary,Punjab,715,0,No loan,0.0,Success,ATM,Verified,0,15
TXN000001709,CUST009848,2019-01-06,10:30,Salary,Cheque,133165.35,Credit,57506.26,Utilities,Karnataka,862,1,Gold,6875.13,Success,POS_Terminal,Verified,0,10
TXN000001710,CUST026156,2019-01-06,23:46,Savings,UPI,229.03,Credit,26870.74,E-Commerce,Tamil Nadu,524,0,No loan,0.0,Success,Branch,Expired,0,23
TXN000001711,CUST079672,2019-01-06,16:04,Salary,NEFT,1489.66,Credit,135334.3,Salary,Gujarat,662,1,Gold,3456.28,Success,Branch,Verified,0,16
TXN000001712,CUST067279,2019-01-06,16:20,Savings,UPI,2613.67,Credit,115366.54,Food & Dining,Delhi,881,1,Unknown,7286.77,Success,ATM,Verified,0,16
TXN000001713,CUST018310,2019-01-06,05:14,Savings,POS,1815.67,Debit,121947.28,Food & Dining,Karnataka,853,1,Home,1852.74,Pending,Web,Verified,0,5
TXN000001714,CUST000620,2019-01-06,09:17,Savings,NEFT,14416.86,Debit,39925.13,Government,Delhi,816,1,Auto,1898.57,Success,API,Verified,0,9
TXN000001715,CUST050109,2019-01-06,05:05,Fixed Deposit,IMPS,6037.05,Credit,1541185.63,Food & Dining,Rajasthan,545,1,Personal,8844.62,Success,API,Verified,0,5
TXN000001716,CUST034708,2019-01-06,13:12,Savings,NEFT,3250.9,Credit,27791.96,Food & Dining,Karnataka,529,1,Home,3178.4,Success,Web,Verified,0,13
TXN000001717,CUST020338,2019-01-06,10:57,Savings,Credit_Card,17512.94,Debit,46622.62,Food & Dining,Tamil Nadu,430,0,No loan,0.0,Success,Mobile_App,Verified,0,10
TXN000001718,CUST066505,2019-01-06,20:38,Current,POS,2809.1,Debit,129419.13,Peer Transfer,Telangana,779,1,Auto,11403.33,Success,Web,Verified,0,20
TXN000001719,CUST047615,2019-01-06,07:45,Current,Credit_Card,3119.95,Debit,20184.42,Peer Transfer,Rajasthan,504,0,No loan,0.0,Success,ATM,Verified,0,7
TXN000001720,CUST000282,2019-01-06,01:31,Savings,Credit_Card,330.61,Debit,141536.14,Healthcare,Maharashtra,884,0,No loan,0.0,Success,POS_Terminal,Verified,0,1
TXN000001721,CUST027421,2019-01-06,09:58,Current,POS,491.34,Debit,21562.85,Healthcare,Delhi,369,0,No loan,0.0,Success,Web,Verified,0,9
TXN000001722,CUST039031,2019-01-06,23:09,Current,UPI,2451.61,Debit,74989.0,Food & Dining,Gujarat,370,0,No loan,0.0,Success,Mobile_App,Verified,0,23
TXN000001723,CUST001059,2019-01-06,17:40,Salary,IMPS,8063.57,Credit,59449.8,Utilities,Delhi,353,0,No loan,0.0,Success,Mobile_App,Expired,0,17
TXN000001724,CUST076261,2019-01-06,03:17,Salary,POS,189.47,Debit,55991.22,Retail,Rajasthan,330,0,No loan,0.0,Success,ATM,Verified,0,3
TXN000001725,CUST028405,2019-01-06,05:22,Savings,POS,888.21,Debit,97445.12,Travel,Punjab,547,0,No loan,0.0,Success,Web,Pending,0,5
TXN000001726,CUST029857,2019-01-06,12:56,Fixed Deposit,Cheque,2273.51,Credit,204159.98,Retail,UP,750,0,No loan,0.0,Success,ATM,Verified,0,12
TXN000001727,CUST009201,2019-01-06,07:29,Current,UPI,1215.85,Debit,10200.47,Entertainment,Rajasthan,384,1,Personal,3462.09,Success,Mobile_App,Verified,0,7
TXN000001728,CUST064179,2019-01-06,12:13,Savings,RTGS,70827.17,Credit,3237.26,Utilities,Rajasthan,579,0,No loan,0.0,Success,Mobile_App,Verified,0,12
TXN000001729,CUST033998,2019-01-06,13:32,Savings,POS,1282.03,Debit,35028.69,Entertainment,Gujarat,869,1,Business,602.09,Success,Web,Verified,0,13
TXN000001730,CUST025612,2019-01-06,09:12,Savings,NEFT,9098.34,Credit,56809.76,Utilities,Tamil Nadu,407,1,Personal,6962.75,Pending,Mobile_App,Pending,0,9
TXN000001731,CUST041236,2019-01-06,11:07,Savings,Net_Banking,20253.53,Credit,1481.84,Peer Transfer,Tamil Nadu,842,1,Personal,1905.98,Success,Mobile_App,Verified,0,11
TXN000001732,CUST035058,2019-01-06,04:36,Salary,NEFT,2056.59,Credit,2152.76,Education,Maharashtra,409,1,Personal,1666.46,Success,Mobile_App,Verified,0,4
TXN000001733,CUST001240,2019-01-06,16:48,Savings,NEFT,2546.9,Debit,1670.07,Healthcare,West Bengal,612,1,Home,11253.98,Success,Web,Verified,0,16
TXN000001734,CUST065662,2019-01-06,14:07,Savings,UPI,253.78,Credit,46880.28,Insurance,Rajasthan,820,0,No loan,0.0,Success,Branch,Verified,0,14
TXN000001735,CUST045273,2019-01-06,15:22,Savings,IMPS,333.74,Debit,30246.26,Travel,Gujarat,782,1,Home,6197.53,Success,Branch,Verified,0,15
TXN000001736,CUST061213,2019-01-06,09:05,Salary,NEFT,246068.99,Credit,100162.73,Education,Telangana,852,0,No loan,0.0,Success,Branch,Verified,0,9
TXN000001737,CUST015399,2019-01-06,16:22,NRI,UPI,972.08,Credit,35578.19,Investment,Maharashtra,743,1,Unknown,17668.33,Success,Mobile_App,Verified,0,16
TXN000001738,CUST056504,2019-01-06,17:33,NRI,Cheque,23217.18,Debit,2830.92,Food & Dining,West Bengal,422,0,No loan,0.0,Success,Web,Verified,0,17
TXN000001739,CUST006639,2019-01-06,22:28,Current,NEFT,121877.54,Credit,131176.59,Salary,Karnataka,366,1,Business,3974.04,Success,Mobile_App,Verified,0,22
TXN000001740,CUST006571,2019-01-06,00:44,Savings,ATM_Withdrawal,1000.0,Debit,36859.66,Utilities,Maharashtra,805,1,Personal,2246.41,Pending,Mobile_App,Verified,0,0
TXN000001741,CUST068786,2019-01-06,15:43,NRI,Auto_Debit,1772.61,Debit,2301.27,Retail,Maharashtra,451,0,No loan,0.0,Success,API,Verified,0,15
TXN000001742,CUST009111,2019-01-06,07:03,Savings,Cheque,25972.47,Debit,24759.72,Salary,Punjab,740,0,No loan,0.0,Success,Web,Verified,0,7
TXN000001743,CUST079142,2019-01-06,15:34,Fixed Deposit,NEFT,16630.98,Debit,56161.44,E-Commerce,Delhi,651,0,No loan,0.0,Success,Branch,Verified,0,15
TXN000001744,CUST012116,2019-01-06,07:13,Savings,POS,407.06,Debit,35491.81,Healthcare,Delhi,598,0,No loan,0.0,Success,Web,Expired,0,7
TXN000001745,CUST039063,2019-01-06,16:10,Savings,UPI,246.58,Credit,41451.61,E-Commerce,Punjab,483,0,No loan,0.0,Success,Mobile_App,Verified,0,16
TXN000001746,CUST022912,2019-01-06,14:11,Current,POS,71.71,Debit,11533.25,Food & Dining,Maharashtra,517,0,No loan,0.0,Success,Web,Verified,0,14
TXN000001747,CUST032557,2019-01-06,13:50,Savings,NEFT,13080.42,Debit,16395.31,Utilities,West Bengal,692,0,No loan,0.0,Success,POS_Terminal,Verified,0,13
TXN000001748,CUST078132,2019-01-06,06:51,Fixed Deposit,RTGS,408310.54,Credit,68521.85,Food & Dining,Gujarat,383,1,Home,4399.63,Success,POS_Terminal,Verified,0,6
TXN000001749,CUST001970,2019-01-06,19:57,Fixed Deposit,IMPS,38770.97,Credit,26924.99,Healthcare,West Bengal,808,0,No loan,0.0,Success,Mobile_App,Verified,0,19
TXN000001750,CUST043754,2019-01-06,02:33,Savings,ATM_Withdrawal,500.0,Debit,131078.61,Fuel,Gujarat,853,1,Personal,11333.99,Success,Mobile_App,Verified,0,2
TXN000001751,CUST004471,2019-01-06,03:49,Savings,Credit_Card,2701.31,Debit,90211.48,Salary,Tamil Nadu,338,0,No loan,0.0,Success,POS_Terminal,Verified,0,3
TXN000001752,CUST010226,2019-01-06,08:12,Savings,UPI,283.83,Credit,7232.67,E-Commerce,Punjab,357,0,No loan,0.0,Success,POS_Terminal,Expired,0,8
TXN000001753,CUST023197,2019-01-06,15:00,Savings,POS,2557.31,Debit,21529.06,Utilities,Delhi,834,0,No loan,0.0,Success,Mobile_App,Verified,0,15
TXN000001754,CUST013670,2019-01-06,02:12,Savings,UPI,530.0,Debit,7862.04,Peer Transfer,Karnataka,439,1,Home,4804.91,Success,Branch,Verified,0,2
TXN000001755,CUST037381,2019-01-06,02:20,Savings,UPI,1806.1,Credit,111634.16,Government,Tamil Nadu,470,1,Personal,1342.48,Success,ATM,Verified,0,2
TXN000001756,CUST048321,2019-01-06,14:51,Fixed Deposit,Auto_Debit,523.48,Debit,10459.63,Travel,Maharashtra,431,0,No loan,0.0,Failed,ATM,Verified,0,14
TXN000001757,CUST047415,2019-01-06,14:23,Fixed Deposit,UPI,512.83,Debit,21536.39,Retail,UP,357,0,No loan,0.0,Success,API,Verified,0,14
TXN000001758,CUST015578,2019-01-06,15:07,Savings,IMPS,4347.46,Credit,66388.46,Utilities,Tamil Nadu,336,0,No loan,0.0,Success,Mobile_App,Pending,0,15
TXN000001759,CUST055410,2019-01-06,05:46,Savings,UPI,130.28,Debit,26772.27,E-Commerce,Gujarat,636,1,Auto,5500.17,Success,Branch,Verified,0,5
TXN000001760,CUST028626,2019-01-06,15:24,Savings,NEFT,1436.79,Debit,59900.07,E-Commerce,Telangana,382,1,Gold,529.35,Success,POS_Terminal,Verified,0,15
TXN000001761,CUST024090,2019-01-06,20:34,Savings,POS,396.19,Debit,147329.2,Insurance,Karnataka,880,1,Home,4000.78,Success,Branch,Verified,0,20
TXN000001762,CUST036488,2019-01-06,07:02,Savings,Net_Banking,1253.88,Credit,15432.64,Travel,Rajasthan,645,0,No loan,0.0,Success,Mobile_App,Verified,0,7
TXN000001763,CUST065839,2019-01-06,17:37,Fixed Deposit,POS,7315.54,Debit,15158.83,Peer Transfer,Karnataka,731,0,No loan,0.0,Success,Web,Verified,0,17
TXN000001764,CUST050139,2019-01-06,07:04,Current,UPI,1311.39,Debit,86863.56,Travel,Tamil Nadu,632,1,Business,5392.25,Success,ATM,Verified,0,7
TXN000001765,CUST042824,2019-01-06,08:46,Savings,UPI,884.35,Debit,31570.45,E-Commerce,Gujarat,706,1,Personal,2526.79,Success,Web,Verified,0,8
TXN000001766,CUST037209,2019-01-06,02:25,Fixed Deposit,IMPS,576.58,Credit,26695.79,Investment,UP,840,1,Unknown,3095.19,Failed,Mobile_App,Pending,0,2
TXN000001767,CUST054062,2019-01-06,12:36,Current,IMPS,8344.67,Debit,139202.03,Travel,Maharashtra,444,0,No loan,0.0,Success,Branch,Verified,0,12
TXN000001768,CUST030660,2019-01-06,06:51,Current,IMPS,1743.62,Debit,353638.65,Government,Karnataka,762,0,No loan,0.0,Success,Mobile_App,Verified,0,6
TXN000001769,CUST031891,2019-01-06,07:05,Current,POS,7575.41,Debit,20682.43,Healthcare,Delhi,317,0,No loan,0.0,Success,Branch,Verified,0,7
TXN000001770,CUST079135,2019-01-06,00:55,NRI,Credit_Card,1344.62,Debit,2917.98,Salary,Maharashtra,509,0,No loan,0.0,Success,Mobile_App,Verified,0,0
TXN000001771,CUST047056,2019-01-06,19:15,NRI,UPI,292.65,Credit,20644.67,Salary,Tamil Nadu,535,0,No loan,0.0,Success,ATM,Verified,0,19
TXN000001772,CUST019509,2019-01-06,15:57,Savings,IMPS,1485.72,Credit,76335.27,Entertainment,Delhi,374,1,Unknown,4154.05,Success,POS_Terminal,Verified,0,15
TXN000001773,CUST042288,2019-01-06,22:39,NRI,Cheque,23968.21,Credit,62626.68,Fuel,Gujarat,786,1,Home,11649.14,Success,Branch,Verified,0,22
TXN000001774,CUST078917,2019-01-06,02:57,Salary,ATM_Withdrawal,2000.0,Debit,11451.89,Entertainment,Tamil Nadu,447,0,No loan,0.0,Success,Mobile_App,Verified,0,2
TXN000001775,CUST026985,2019-01-06,22:33,Savings,UPI,499.46,Debit,17213.71,Retail,Tamil Nadu,616,0,No loan,0.0,Success,ATM,Pending,0,22
TXN000001776,CUST008126,2019-01-06,12:32,Savings,UPI,329.05,Credit,50009.04,Utilities,West Bengal,867,0,No loan,0.0,Success,Web,Verified,0,12
TXN000001777,CUST036060,2019-01-06,21:42,Current,Auto_Debit,1098.33,Debit,34329.14,Fuel,Delhi,342,1,Home,2190.19,Success,ATM,Verified,0,21
TXN000001778,CUST069570,2019-01-06,20:17,Savings,NEFT,25129.28,Credit,1206.09,Food & Dining,Tamil Nadu,576,0,No loan,0.0,Success,POS_Terminal,Verified,0,20
TXN000001779,CUST017088,2019-01-06,12:19,Current,IMPS,1417.26,Credit,23676.67,Utilities,West Bengal,776,0,No loan,0.0,Success,Mobile_App,Verified,0,12
TXN000001780,CUST005705,2019-01-07,01:17,Savings,UPI,466.3,Credit,29844.64,Retail,Karnataka,330,0,No loan,0.0,Success,Web,Verified,0,1
TXN000001781,CUST060577,2019-01-07,08:44,Salary,UPI,88.39,Credit,86363.2,Peer Transfer,Telangana,865,0,No loan,0.0,Success,Branch,Verified,0,8
TXN000001782,CUST073385,2019-01-07,10:12,Savings,NEFT,142870.52,Debit,25855.92,Utilities,Tamil Nadu,526,0,No loan,0.0,Success,Branch,Verified,0,10
TXN000001783,CUST072461,2019-01-07,07:05,Savings,NEFT,1529.15,Credit,72173.1,Retail,West Bengal,779,0,No loan,0.0,Success,API,Verified,0,7
TXN000001784,CUST027209,2019-01-07,02:06,Salary,NEFT,7595.35,Debit,40540.87,E-Commerce,Tamil Nadu,459,1,Personal,8139.59,Success,Web,Verified,0,2
TXN000001785,CUST066025,2019-01-07,11:09,Current,Cheque,224255.41,Debit,14422.43,E-Commerce,Telangana,404,0,No loan,0.0,Success,Mobile_App,Verified,0,11
TXN000001786,CUST039883,2019-01-07,11:42,Salary,UPI,1101.02,Debit,178398.76,Real Estate,West Bengal,523,1,Personal,2287.54,Success,Mobile_App,Verified,0,11
TXN000001787,CUST025924,2019-01-07,23:45,Savings,Cheque,16836.45,Debit,90814.0,Retail,Telangana,713,1,Home,13398.02,Success,ATM,Verified,0,23
TXN000001788,CUST029166,2019-01-07,18:57,Savings,POS,5304.78,Debit,48863.51,Salary,Rajasthan,799,0,No loan,0.0,Success,ATM,Verified,0,18
TXN000001789,CUST067204,2019-01-07,08:50,Current,NEFT,28478.53,Credit,488360.38,Travel,West Bengal,750,0,No loan,0.0,Success,Web,Verified,0,8
TXN000001790,CUST004115,2019-01-07,00:31,NRI,IMPS,426.21,Debit,9450.12,Food & Dining,Delhi,827,0,No loan,0.0,Reversed,Web,Verified,0,0
TXN000001791,CUST064966,2019-01-07,09:50,Fixed Deposit,UPI,520.25,Debit,110531.73,Utilities,Maharashtra,833,1,Education,3640.74,Success,Branch,Verified,0,9
TXN000001792,CUST036322,2019-01-07,15:48,Savings,Auto_Debit,1490.61,Debit,21776.74,Investment,Tamil Nadu,786,0,No loan,0.0,Success,Web,Verified,0,15
TXN000001793,CUST073298,2019-01-07,07:39,Salary,UPI,1622.47,Debit,162057.44,Travel,Delhi,541,1,Personal,14732.14,Success,POS_Terminal,Verified,0,7
TXN000001794,CUST025427,2019-01-07,09:27,Salary,NEFT,39900.05,Credit,84039.81,Healthcare,Rajasthan,480,0,No loan,0.0,Success,Mobile_App,Verified,0,9
TXN000001795,CUST017773,2019-01-07,08:39,Salary,Cheque,8792.22,Credit,4147.83,Retail,Maharashtra,518,0,No loan,0.0,Reversed,ATM,Verified,0,8
TXN000001796,CUST003713,2019-01-07,00:37,Salary,IMPS,9275.56,Credit,7971.46,Travel,Gujarat,730,1,Home,14211.7,Success,Branch,Verified,0,0
TXN000001797,CUST001368,2019-01-07,20:19,Current,ATM_Withdrawal,2000.0,Debit,7139.44,Real Estate,Delhi,373,1,Auto,23306.28,Success,API,Verified,0,20
TXN000001798,CUST051925,2019-01-07,19:03,Salary,Cheque,14039.64,Debit,116963.01,Food & Dining,Telangana,489,0,No loan,0.0,Success,Web,Verified,0,19
TXN000001799,CUST003727,2019-01-07,07:45,Savings,NEFT,5044.12,Credit,8645.93,Retail,Gujarat,491,0,No loan,0.0,Success,Web,Expired,0,7
TXN000001800,CUST027724,2019-01-07,03:09,Current,NEFT,15640.22,Credit,393832.11,Salary,West Bengal,676,1,Unknown,4942.97,Success,Web,Verified,0,3
TXN000001801,CUST009109,2019-01-07,05:48,Savings,UPI,1029.74,Debit,27395.46,Salary,Delhi,573,1,Personal,1783.4,Success,Mobile_App,Expired,0,5
TXN000001802,CUST077715,2019-01-07,09:56,Current,POS,1667.39,Debit,62485.58,E-Commerce,Delhi,371,0,No loan,0.0,Success,Mobile_App,Verified,0,9
TXN000001803,CUST035644,2019-01-07,04:18,Savings,Cheque,24728.23,Debit,61336.12,Travel,West Bengal,472,0,No loan,0.0,Success,Mobile_App,Verified,0,4
TXN000001804,CUST031325,2019-01-07,11:31,Savings,UPI,1057.74,Credit,27524.57,Retail,Karnataka,791,0,No loan,0.0,Success,Mobile_App,Verified,0,11
TXN000001805,CUST008928,2019-01-07,23:24,Savings,NEFT,24946.12,Debit,107281.13,Food & Dining,West Bengal,793,0,No loan,0.0,Success,ATM,Verified,0,23
TXN000001806,CUST022444,2019-01-07,19:09,NRI,ATM_Withdrawal,1000.0,Debit,41277.14,E-Commerce,West Bengal,899,0,No loan,0.0,Success,Mobile_App,Verified,0,19
TXN000001807,CUST079974,2019-01-07,14:05,Savings,UPI,718.84,Debit,187650.36,Food & Dining,Rajasthan,552,1,Business,3059.03,Success,Web,Verified,0,14
TXN000001808,CUST063450,2019-01-07,13:44,Savings,ATM_Withdrawal,10000.0,Debit,83026.98,Real Estate,Karnataka,496,0,No loan,0.0,Success,Mobile_App,Verified,0,13
TXN000001809,CUST076744,2019-01-07,20:35,NRI,NEFT,2490.1,Credit,910.88,Education,Karnataka,412,0,No loan,0.0,Success,Mobile_App,Verified,0,20
TXN000001810,CUST060234,2019-01-07,21:58,Salary,POS,601.79,Debit,42865.6,Travel,Tamil Nadu,332,1,Education,4192.72,Success,Web,Verified,0,21
TXN000001811,CUST025538,2019-01-07,09:35,Current,IMPS,2176.05,Debit,40685.39,Utilities,Maharashtra,849,1,Education,20047.8,Success,Mobile_App,Verified,0,9
TXN000001812,CUST077577,2019-01-07,15:02,Salary,NEFT,6973.75,Debit,10098.87,Peer Transfer,Maharashtra,382,0,No loan,0.0,Pending,API,Verified,0,15
TXN000001813,CUST022613,2019-01-07,15:36,Current,IMPS,4114.22,Credit,64272.7,Healthcare,Maharashtra,357,0,No loan,0.0,Success,Mobile_App,Verified,0,15
TXN000001814,CUST006472,2019-01-07,02:52,Savings,UPI,1889.29,Debit,8909.92,E-Commerce,Rajasthan,784,1,Education,2385.49,Pending,Mobile_App,Verified,0,2
TXN000001815,CUST035632,2019-01-07,14:30,Savings,UPI,124.66,Debit,7346.6,E-Commerce,Punjab,601,0,No loan,0.0,Failed,Web,Verified,0,14
TXN000001816,CUST031349,2019-01-07,10:21,Current,UPI,472.23,Debit,23649.7,Peer Transfer,Telangana,391,0,No loan,0.0,Success,Mobile_App,Verified,0,10
TXN000001817,CUST064733,2019-01-07,02:42,Salary,UPI,555.82,Credit,27439.16,Food & Dining,Gujarat,558,0,No loan,0.0,Success,API,Expired,0,2
TXN000001818,CUST001178,2019-01-07,21:21,Salary,POS,382.49,Debit,84814.4,Healthcare,Punjab,310,0,No loan,0.0,Success,API,Verified,0,21
TXN000001819,CUST004761,2019-01-07,10:41,Savings,Auto_Debit,6960.35,Debit,11648.51,Peer Transfer,Telangana,342,0,No loan,0.0,Success,Mobile_App,Verified,0,10
TXN000001820,CUST032780,2019-01-07,18:05,Savings,IMPS,1950.42,Credit,108604.76,Healthcare,Tamil Nadu,432,0,No loan,0.0,Success,API,Verified,0,18
TXN000001821,CUST021637,2019-01-07,08:06,Savings,ATM_Withdrawal,10000.0,Debit,90897.56,Insurance,Gujarat,497,1,Education,9106.94,Failed,Mobile_App,Verified,0,8
TXN000001822,CUST053552,2019-01-07,17:33,Savings,IMPS,2992.38,Credit,51740.38,Travel,Telangana,843,0,No loan,0.0,Success,Mobile_App,Verified,0,17
TXN000001823,CUST011557,2019-01-07,11:01,Current,IMPS,20956.98,Debit,256076.24,Food & Dining,Gujarat,403,0,No loan,0.0,Success,POS_Terminal,Verified,0,11
TXN000001824,CUST027599,2019-01-07,22:16,Salary,IMPS,1768.14,Debit,20236.04,Entertainment,Delhi,854,0,No loan,0.0,Success,Web,Pending,0,22
TXN000001825,CUST011564,2019-01-07,07:01,Savings,Auto_Debit,5669.03,Debit,40793.88,Retail,Maharashtra,567,1,Unknown,2503.57,Success,Mobile_App,Verified,0,7
TXN000001826,CUST046820,2019-01-07,10:11,Savings,UPI,423.29,Debit,8617.41,Utilities,Karnataka,610,0,No loan,0.0,Success,Web,Verified,0,10
TXN000001827,CUST073771,2019-01-07,16:49,Salary,ATM_Withdrawal,5000.0,Debit,145737.77,Fuel,Telangana,778,0,No loan,0.0,Success,Mobile_App,Verified,0,16
TXN000001828,CUST026967,2019-01-07,16:49,Savings,NEFT,12535.15,Debit,115213.91,Government,Tamil Nadu,366,0,No loan,0.0,Success,Mobile_App,Verified,0,16
TXN000001829,CUST059890,2019-01-07,15:07,Savings,RTGS,205603.04,Debit,422961.52,Retail,Maharashtra,807,1,Personal,1674.77,Success,Branch,Verified,0,15
TXN000001830,CUST026988,2019-01-07,11:16,Savings,Credit_Card,2795.93,Debit,218015.18,Food & Dining,Delhi,454,1,Home,6508.69,Success,API,Verified,0,11
TXN000001831,CUST078715,2019-01-07,14:04,Savings,Cheque,22066.2,Credit,48350.71,Salary,Rajasthan,503,1,Home,12209.54,Success,Mobile_App,Expired,0,14
TXN000001832,CUST058349,2019-01-07,19:49,NRI,UPI,455.21,Credit,10741.21,Healthcare,Tamil Nadu,848,0,No loan,0.0,Success,Mobile_App,Verified,0,19
TXN000001833,CUST024597,2019-01-07,04:48,Current,POS,1009.19,Debit,30274.24,Salary,Maharashtra,502,0,No loan,0.0,Success,Mobile_App,Verified,0,4
TXN000001834,CUST033175,2019-01-07,21:05,Current,POS,265.83,Debit,170771.6,Utilities,Karnataka,665,1,Business,1351.87,Success,Web,Verified,0,21
TXN000001835,CUST064107,2019-01-07,11:02,Savings,ATM_Withdrawal,10000.0,Debit,27253.5,Entertainment,West Bengal,512,0,No loan,0.0,Success,Mobile_App,Verified,0,11
TXN000001836,CUST069968,2019-01-07,03:48,Fixed Deposit,POS,791.24,Debit,30923.27,Retail,Maharashtra,539,0,No loan,0.0,Success,Mobile_App,Verified,0,3
TXN000001837,CUST059183,2019-01-07,23:21,Current,IMPS,378.58,Credit,138217.22,Fuel,Rajasthan,796,0,No loan,0.0,Success,API,Verified,0,23
TXN000001838,CUST039311,2019-01-07,23:59,Savings,IMPS,1304.15,Credit,18330.72,Peer Transfer,Gujarat,755,0,No loan,0.0,Success,Mobile_App,Verified,0,23
TXN000001839,CUST056089,2019-01-07,14:35,Savings,Credit_Card,1045.67,Debit,2702.94,Entertainment,Karnataka,775,0,No loan,0.0,Success,Web,Verified,0,14
TXN000001840,CUST008907,2019-01-07,08:32,Fixed Deposit,Auto_Debit,4384.45,Debit,10667.56,E-Commerce,Tamil Nadu,808,0,No loan,0.0,Success,POS_Terminal,Verified,0,8
TXN000001841,CUST036915,2019-01-07,23:57,Current,IMPS,1345.74,Debit,54756.73,Food & Dining,Karnataka,580,1,Business,3526.91,Success,POS_Terminal,Verified,0,23
TXN000001842,CUST045380,2019-01-07,22:15,Savings,Net_Banking,2056.82,Credit,22960.57,Real Estate,Gujarat,768,0,No loan,0.0,Reversed,Branch,Verified,0,22
TXN000001843,CUST078613,2019-01-07,23:15,Savings,UPI,2828.02,Credit,46943.34,Food & Dining,Maharashtra,349,1,Business,917.7,Success,Mobile_App,Verified,0,23
TXN000001844,CUST037651,2019-01-07,13:55,Savings,RTGS,20186.21,Debit,75893.22,Food & Dining,Gujarat,836,1,Personal,4124.97,Success,Web,Verified,0,13
TXN000001845,CUST046882,2019-01-07,11:41,Salary,UPI,86.21,Credit,15005.41,E-Commerce,Karnataka,627,0,No loan,0.0,Success,Web,Verified,0,11
TXN000001846,CUST046414,2019-01-07,16:30,Salary,UPI,1093.7,Debit,3507.95,Healthcare,Tamil Nadu,457,1,Personal,6040.64,Failed,ATM,Verified,0,16
TXN000001847,CUST006013,2019-01-07,08:46,Savings,NEFT,73585.25,Debit,745352.25,Education,West Bengal,592,0,No loan,0.0,Success,Mobile_App,Expired,0,8
TXN000001848,CUST050116,2019-01-07,16:26,Savings,IMPS,12952.38,Credit,4683.28,Healthcare,Karnataka,612,1,Home,16370.6,Success,Branch,Pending,0,16
TXN000001849,CUST007152,2019-01-07,05:41,Current,IMPS,418.08,Debit,70519.69,Travel,Maharashtra,519,0,No loan,0.0,Success,Mobile_App,Verified,0,5
TXN000001850,CUST057717,2019-01-07,07:45,Salary,ATM_Withdrawal,1000.0,Debit,61573.82,Entertainment,Gujarat,893,1,Business,9245.81,Success,ATM,Verified,0,7
TXN000001851,CUST036379,2019-01-07,16:44,Savings,ATM_Withdrawal,10000.0,Debit,32356.84,Utilities,Tamil Nadu,569,0,No loan,0.0,Success,Mobile_App,Pending,0,16
TXN000001852,CUST042653,2019-01-07,06:04,Fixed Deposit,UPI,1210.9,Credit,9765.24,Healthcare,Telangana,424,0,No loan,0.0,Success,POS_Terminal,Verified,0,6
TXN000001853,CUST072431,2019-01-07,20:28,Savings,UPI,1165.09,Debit,10630.71,E-Commerce,Rajasthan,878,0,No loan,0.0,Success,Web,Verified,0,20
TXN000001854,CUST013468,2019-01-07,12:21,Savings,RTGS,233454.65,Credit,1990.3,Peer Transfer,Rajasthan,614,0,No loan,0.0,Success,Web,Verified,0,12
TXN000001855,CUST031011,2019-01-07,06:23,NRI,NEFT,3147.42,Credit,55532.99,E-Commerce,Maharashtra,362,0,No loan,0.0,Failed,POS_Terminal,Verified,0,6
TXN000001856,CUST054692,2019-01-07,09:07,Savings,ATM_Withdrawal,1000.0,Debit,17724.37,Government,Tamil Nadu,382,0,No loan,0.0,Success,Mobile_App,Verified,0,9
TXN000001857,CUST064158,2019-01-07,18:40,Savings,NEFT,1203.78,Credit,53502.23,Salary,Delhi,509,0,No loan,0.0,Failed,Mobile_App,Verified,0,18
TXN000001858,CUST012290,2019-01-07,08:54,NRI,ATM_Withdrawal,2000.0,Debit,64877.91,Entertainment,Karnataka,482,0,No loan,0.0,Success,API,Verified,0,8
TXN000001859,CUST044977,2019-01-07,09:51,Current,UPI,1405.36,Credit,2712.59,Retail,Maharashtra,385,0,No loan,0.0,Success,ATM,Verified,0,9
TXN000001860,CUST043597,2019-01-07,23:23,Current,Cheque,104417.33,Credit,30970.3,Real Estate,Maharashtra,705,0,No loan,0.0,Success,Web,Verified,0,23
TXN000001861,CUST023172,2019-01-07,12:59,Current,UPI,2970.67,Credit,19913.81,Salary,Delhi,738,1,Auto,4383.3,Success,Web,Verified,0,12
TXN000001862,CUST044140,2019-01-07,08:21,Savings,UPI,1126.96,Debit,113363.77,Government,Tamil Nadu,428,0,No loan,0.0,Success,POS_Terminal,Pending,0,8
TXN000001863,CUST048714,2019-01-07,17:19,Current,NEFT,31127.0,Credit,527079.6,Utilities,Telangana,482,0,No loan,0.0,Success,Mobile_App,Verified,0,17
TXN000001864,CUST029735,2019-01-07,14:55,Savings,UPI,1011.0,Debit,61492.52,Food & Dining,Tamil Nadu,650,0,No loan,0.0,Success,Web,Verified,0,14
TXN000001865,CUST072589,2019-01-07,09:34,Salary,NEFT,18539.12,Debit,91725.38,E-Commerce,Rajasthan,316,0,No loan,0.0,Success,Branch,Verified,0,9
TXN000001866,CUST063647,2019-01-07,18:58,Savings,IMPS,996.7,Credit,17406.88,Utilities,Tamil Nadu,308,0,No loan,0.0,Success,POS_Terminal,Pending,0,18
TXN000001867,CUST003655,2019-01-07,22:50,Current,NEFT,7663.05,Credit,36548.83,Food & Dining,Karnataka,474,0,No loan,0.0,Success,Mobile_App,Verified,0,22
TXN000001868,CUST018744,2019-01-07,03:11,Current,POS,1298.49,Debit,15918.63,Food & Dining,Maharashtra,393,1,Auto,3051.36,Failed,Mobile_App,Verified,0,3
TXN000001869,CUST048369,2019-01-07,02:08,Savings,UPI,488.86,Credit,63140.75,Real Estate,Maharashtra,393,0,No loan,0.0,Success,Web,Pending,0,2
TXN000001870,CUST074173,2019-01-07,10:13,NRI,POS,2205.8,Debit,20169.99,Healthcare,Tamil Nadu,744,0,No loan,0.0,Success,Web,Verified,0,10
TXN000001871,CUST006442,2019-01-07,20:54,Salary,POS,1069.03,Debit,51163.92,Entertainment,Telangana,664,0,No loan,0.0,Success,Web,Verified,0,20
TXN000001872,CUST024612,2019-01-07,09:43,Savings,Auto_Debit,1197.64,Debit,21549.31,Retail,Karnataka,522,0,No loan,0.0,Success,Mobile_App,Verified,0,9
TXN000001873,CUST012150,2019-01-07,04:39,NRI,POS,961.9,Debit,12369.69,Peer Transfer,Gujarat,419,0,No loan,0.0,Success,Web,Expired,0,4
TXN000001874,CUST059190,2019-01-07,05:15,Salary,UPI,3056.97,Credit,62285.98,Healthcare,Maharashtra,592,0,No loan,0.0,Success,Web,Verified,0,5
TXN000001875,CUST021676,2019-01-07,15:40,Savings,POS,2305.37,Debit,12520.27,Utilities,Delhi,739,1,Unknown,3728.91,Success,POS_Terminal,Verified,0,15
TXN000001876,CUST071032,2019-01-07,21:06,Salary,ATM_Withdrawal,5000.0,Debit,22583.84,Peer Transfer,West Bengal,583,0,No loan,0.0,Success,Mobile_App,Verified,0,21
TXN000001877,CUST042669,2019-01-07,09:59,Salary,UPI,25.88,Debit,10635.79,Travel,Maharashtra,323,0,No loan,0.0,Success,API,Verified,0,9
TXN000001878,CUST013674,2019-01-07,20:28,Savings,RTGS,76898.29,Credit,45084.28,Food & Dining,Telangana,745,0,No loan,0.0,Success,API,Verified,0,20
TXN000001879,CUST076667,2019-01-07,09:10,Savings,UPI,203.13,Credit,174263.11,Travel,Maharashtra,820,1,Business,4565.09,Success,Mobile_App,Verified,0,9
TXN000001880,CUST065430,2019-01-07,18:01,Savings,RTGS,388959.51,Debit,2290.83,Government,Telangana,390,1,Home,5714.05,Success,ATM,Verified,0,18
TXN000001881,CUST023670,2019-01-07,09:53,Fixed Deposit,Cheque,33894.54,Credit,20503.98,E-Commerce,Delhi,815,0,No loan,0.0,Success,ATM,Verified,0,9
TXN000001882,CUST034069,2019-01-07,14:17,Savings,RTGS,313947.7,Credit,7382.19,Travel,Maharashtra,730,0,No loan,0.0,Success,Web,Verified,0,14
TXN000001883,CUST009436,2019-01-07,07:44,Savings,NEFT,8059.43,Credit,8264.68,Real Estate,Maharashtra,404,0,No loan,0.0,Failed,Mobile_App,Verified,0,7
TXN000001884,CUST052250,2019-01-07,07:02,Current,NEFT,31991.4,Credit,82316.24,Food & Dining,Gujarat,763,1,Business,4035.41,Success,Mobile_App,Verified,0,7
TXN000001885,CUST037385,2019-01-07,00:34,Current,UPI,1083.61,Debit,35358.94,Peer Transfer,Delhi,516,0,No loan,0.0,Success,Web,Verified,0,0
TXN000001886,CUST076154,2019-01-07,19:07,Savings,IMPS,1987.88,Debit,23386.09,Fuel,Gujarat,654,1,Personal,20578.1,Success,POS_Terminal,Verified,0,19
TXN000001887,CUST075389,2019-01-07,04:17,Current,UPI,512.37,Debit,60117.55,Education,Karnataka,400,0,No loan,0.0,Success,Branch,Verified,0,4
TXN000001888,CUST031402,2019-01-07,19:17,NRI,Credit_Card,673.06,Debit,44296.26,Food & Dining,Delhi,394,0,No loan,0.0,Success,POS_Terminal,Verified,0,19
TXN000001889,CUST071832,2019-01-07,14:25,Current,UPI,13772.31,Credit,37807.72,Travel,Delhi,420,1,Home,4250.69,Success,Branch,Pending,0,14
TXN000001890,CUST034085,2019-01-07,01:54,Current,IMPS,18801.15,Debit,59479.96,Real Estate,UP,383,1,Personal,11139.26,Success,Mobile_App,Verified,0,1
TXN000001891,CUST055827,2019-01-07,14:06,Savings,Auto_Debit,565.34,Debit,69377.5,Healthcare,Punjab,332,1,Personal,1297.37,Success,POS_Terminal,Verified,0,14
TXN000001892,CUST036452,2019-01-07,15:03,Current,IMPS,8217.56,Credit,46267.53,Utilities,Karnataka,308,0,No loan,0.0,Success,Web,Verified,0,15
TXN000001893,CUST007228,2019-01-07,18:39,Current,IMPS,1469.85,Debit,38729.32,Government,Delhi,878,1,Personal,4883.59,Success,Branch,Verified,0,18
TXN000001894,CUST031911,2019-01-07,11:33,Savings,Cheque,441294.31,Debit,6178.63,Salary,West Bengal,449,0,No loan,0.0,Success,Mobile_App,Verified,0,11
TXN000001895,CUST036042,2019-01-07,08:51,Savings,Cheque,52103.34,Debit,24514.48,Healthcare,Gujarat,393,0,No loan,0.0,Pending,Mobile_App,Verified,0,8
TXN000001896,CUST065682,2019-01-07,21:30,Savings,IMPS,1765.03,Debit,29676.64,Retail,Gujarat,622,0,No loan,0.0,Success,Web,Verified,0,21
TXN000001897,CUST065482,2019-01-07,14:54,Current,Cheque,134585.15,Debit,6056.35,Real Estate,Maharashtra,436,0,No loan,0.0,Success,Mobile_App,Expired,0,14
TXN000001898,CUST068577,2019-01-07,12:15,Salary,Net_Banking,32384.08,Credit,5876.06,Utilities,West Bengal,309,1,Home,1784.49,Success,POS_Terminal,Pending,0,12
TXN000001899,CUST064175,2019-01-07,23:34,Current,POS,9461.83,Debit,23656.77,Real Estate,Tamil Nadu,491,0,No loan,0.0,Success,POS_Terminal,Verified,0,23
TXN000001900,CUST026161,2019-01-07,23:42,Current,POS,2102.02,Debit,65887.78,Government,Telangana,830,0,No loan,0.0,Success,API,Verified,0,23
TXN000001901,CUST017634,2019-01-07,05:26,Fixed Deposit,Net_Banking,1915.09,Debit,5493.1,Fuel,Rajasthan,388,1,Personal,2161.31,Success,Mobile_App,Pending,0,5
TXN000001902,CUST017015,2019-01-07,17:57,Fixed Deposit,Credit_Card,3006.58,Debit,61069.75,Investment,Telangana,518,1,Auto,7316.53,Success,POS_Terminal,Verified,0,17
TXN000001903,CUST049105,2019-01-07,23:55,Current,IMPS,5548.0,Credit,11064.5,Salary,West Bengal,678,0,No loan,0.0,Success,Mobile_App,Verified,0,23
TXN000001904,CUST041622,2019-01-07,11:30,Fixed Deposit,UPI,1579.59,Credit,4773.06,Peer Transfer,Punjab,832,0,No loan,0.0,Success,POS_Terminal,Verified,1,11
TXN000001905,CUST077232,2019-01-07,05:25,Savings,NEFT,7638.2,Debit,58676.97,Food & Dining,Maharashtra,681,0,No loan,0.0,Success,Branch,Pending,0,5
TXN000001906,CUST068389,2019-01-07,13:45,Salary,POS,1630.96,Debit,77220.67,Retail,Telangana,662,0,No loan,0.0,Success,POS_Terminal,Verified,0,13
TXN000001907,CUST016015,2019-01-07,00:45,Current,Net_Banking,10165.57,Debit,15288.06,Retail,Telangana,832,1,Auto,8210.94,Success,Mobile_App,Verified,0,0
TXN000001908,CUST033756,2019-01-07,09:41,Savings,UPI,1355.33,Credit,3368.8,Utilities,Tamil Nadu,513,0,No loan,0.0,Success,Branch,Verified,0,9
TXN000001909,CUST040391,2019-01-07,09:34,Savings,IMPS,10383.35,Credit,3344.03,Retail,Tamil Nadu,378,0,No loan,0.0,Success,Web,Verified,0,9
TXN000001910,CUST023712,2019-01-07,02:18,Current,ATM_Withdrawal,1000.0,Debit,89274.43,Utilities,Tamil Nadu,474,0,No loan,0.0,Success,Mobile_App,Verified,0,2
TXN000001911,CUST057994,2019-01-07,03:16,Current,Net_Banking,1376.57,Debit,63484.86,Food & Dining,Delhi,361,1,Personal,2461.15,Success,Mobile_App,Verified,0,3
TXN000001912,CUST074697,2019-01-07,05:18,Salary,UPI,875.3,Debit,5831.67,Government,Gujarat,738,1,Unknown,2503.52,Success,Branch,Verified,0,5
TXN000001913,CUST027214,2019-01-07,04:47,Fixed Deposit,UPI,213.4,Debit,116108.09,Travel,Gujarat,778,0,No loan,0.0,Reversed,Web,Verified,0,4
TXN000001914,CUST057785,2019-01-07,11:33,Savings,ATM_Withdrawal,2000.0,Debit,72263.15,Entertainment,Maharashtra,436,0,No loan,0.0,Success,Web,Verified,0,11
TXN000001915,CUST007422,2019-01-07,08:43,Salary,IMPS,8256.13,Credit,76097.5,Healthcare,Gujarat,594,0,No loan,0.0,Success,Mobile_App,Expired,0,8
TXN000001916,CUST017728,2019-01-07,07:36,NRI,UPI,332.69,Credit,26999.17,Food & Dining,Telangana,651,1,Home,12057.48,Success,Mobile_App,Verified,0,7
TXN000001917,CUST004359,2019-01-07,22:43,Savings,IMPS,3438.78,Debit,134552.96,Investment,Karnataka,653,1,Personal,7006.09,Success,ATM,Verified,0,22
TXN000001918,CUST065109,2019-01-07,08:08,Savings,Cheque,1429.96,Debit,8075.55,Government,Karnataka,531,0,No loan,0.0,Success,Mobile_App,Verified,0,8
TXN000001919,CUST032118,2019-01-07,14:35,Savings,UPI,186.41,Debit,27610.09,E-Commerce,Rajasthan,547,0,No loan,0.0,Success,Mobile_App,Pending,0,14
TXN000001920,CUST031911,2019-01-07,13:00,Savings,UPI,613.32,Credit,78964.23,Travel,Karnataka,326,0,No loan,0.0,Success,Mobile_App,Verified,0,13
TXN000001921,CUST055755,2019-01-07,10:37,Current,RTGS,1097970.9,Credit,65599.39,Education,Maharashtra,428,0,No loan,0.0,Success,POS_Terminal,Verified,0,10
TXN000001922,CUST062439,2019-01-07,22:29,Savings,Net_Banking,624.64,Debit,41494.05,Fuel,Delhi,442,1,Education,2879.28,Success,Web,Verified,0,22
TXN000001923,CUST029372,2019-01-07,10:13,Savings,UPI,1298.56,Debit,12123.46,Insurance,West Bengal,520,0,No loan,0.0,Success,POS_Terminal,Verified,0,10
TXN000001924,CUST051502,2019-01-07,08:20,NRI,UPI,1298.6,Debit,28549.31,E-Commerce,Punjab,546,1,Unknown,3419.39,Success,Web,Verified,0,8
TXN000001925,CUST060947,2019-01-07,10:47,Savings,Auto_Debit,659.61,Debit,19564.09,Government,Karnataka,511,0,No loan,0.0,Success,Mobile_App,Verified,0,10
TXN000001926,CUST038468,2019-01-07,10:29,Current,POS,3629.56,Debit,76022.38,Travel,Gujarat,762,0,No loan,0.0,Success,Web,Verified,0,10
TXN000001927,CUST017626,2019-01-07,17:35,Current,UPI,296.72,Debit,27244.76,Travel,Rajasthan,342,0,No loan,0.0,Reversed,Mobile_App,Verified,0,17
TXN000001928,CUST033894,2019-01-07,11:55,Savings,IMPS,2075.46,Credit,326503.79,Food & Dining,Telangana,667,1,Home,7502.93,Success,Mobile_App,Pending,0,11
TXN000001929,CUST076330,2019-01-07,09:19,Salary,IMPS,2641.35,Credit,21484.42,Food & Dining,West Bengal,431,0,No loan,0.0,Success,ATM,Verified,0,9
TXN000001930,CUST031008,2019-01-07,11:46,Salary,UPI,401.98,Debit,49992.51,Insurance,Tamil Nadu,893,0,No loan,0.0,Success,Mobile_App,Verified,0,11
TXN000001931,CUST039533,2019-01-07,20:11,Salary,ATM_Withdrawal,2000.0,Debit,23625.39,Utilities,Karnataka,594,0,No loan,0.0,Success,Web,Verified,0,20
TXN000001932,CUST054254,2019-01-07,05:18,Fixed Deposit,Auto_Debit,4446.07,Debit,31306.05,Peer Transfer,Maharashtra,587,1,Home,4218.2,Success,Mobile_App,Verified,0,5
TXN000001933,CUST012324,2019-01-07,17:03,NRI,ATM_Withdrawal,1000.0,Debit,19723.87,Retail,Tamil Nadu,367,0,No loan,0.0,Success,API,Pending,0,17
TXN000001934,CUST073380,2019-01-07,02:42,Savings,Net_Banking,3141.62,Credit,9447.82,Retail,Maharashtra,504,0,No loan,0.0,Success,Mobile_App,Verified,0,2
TXN000001935,CUST014211,2019-01-07,19:51,Savings,ATM_Withdrawal,1000.0,Debit,26506.86,Travel,Delhi,843,1,Business,31836.82,Success,Mobile_App,Verified,0,19
TXN000001936,CUST016457,2019-01-07,08:54,Salary,UPI,9337.96,Credit,2609.33,Food & Dining,Tamil Nadu,782,0,No loan,0.0,Success,Branch,Verified,0,8
TXN000001937,CUST031368,2019-01-07,20:49,Savings,UPI,51.02,Credit,259255.81,Healthcare,Karnataka,640,1,Home,15001.72,Success,Branch,Verified,0,20
TXN000001938,CUST054625,2019-01-07,19:43,NRI,Net_Banking,377600.52,Credit,72457.02,E-Commerce,Delhi,706,0,No loan,0.0,Failed,Web,Verified,0,19
TXN000001939,CUST010107,2019-01-07,19:06,Savings,ATM_Withdrawal,1000.0,Debit,80873.5,Retail,Maharashtra,539,0,No loan,0.0,Success,Web,Verified,0,19
TXN000001940,CUST068009,2019-01-07,05:14,Savings,IMPS,890.87,Debit,120889.09,Salary,Telangana,313,1,Home,11761.26,Success,ATM,Verified,0,5
TXN000001941,CUST072241,2019-01-07,22:04,Savings,UPI,254.38,Debit,17364.8,Retail,Gujarat,424,1,Education,6369.44,Success,Mobile_App,Verified,0,22
TXN000001942,CUST064316,2019-01-07,05:50,Savings,UPI,1242.0,Credit,14929.15,E-Commerce,Telangana,835,1,Personal,3098.73,Success,Web,Verified,0,5
TXN000001943,CUST069250,2019-01-07,04:16,Salary,ATM_Withdrawal,2000.0,Debit,12644.07,Fuel,Rajasthan,506,1,Business,21405.73,Success,Mobile_App,Verified,0,4
TXN000001944,CUST070588,2019-01-07,02:00,Savings,IMPS,4070.08,Credit,6342.63,Retail,Delhi,590,1,Personal,5290.4,Success,ATM,Verified,0,2
TXN000001945,CUST010757,2019-01-07,00:09,Savings,Net_Banking,866.54,Credit,52432.15,Peer Transfer,Rajasthan,624,0,No loan,0.0,Success,ATM,Verified,0,0
TXN000001946,CUST068012,2019-01-07,03:22,Savings,POS,2680.73,Debit,36909.17,Travel,Gujarat,780,1,Personal,5298.17,Success,Mobile_App,Verified,0,3
TXN000001947,CUST036379,2019-01-07,06:45,Savings,RTGS,520115.63,Credit,315126.71,Healthcare,UP,344,1,Business,1687.01,Success,Mobile_App,Verified,0,6
TXN000001948,CUST004256,2019-01-07,07:49,Current,UPI,908.76,Debit,5022.53,Government,Gujarat,717,1,Education,3399.22,Success,Mobile_App,Pending,0,7
TXN000001949,CUST014485,2019-01-07,16:29,Savings,Auto_Debit,2261.32,Debit,66253.56,Travel,Maharashtra,473,0,No loan,0.0,Success,ATM,Expired,0,16
TXN000001950,CUST056550,2019-01-07,09:10,NRI,UPI,897.19,Credit,2521.72,Food & Dining,UP,734,1,Auto,5082.6,Success,Branch,Verified,0,9
TXN000001951,CUST034504,2019-01-07,15:45,NRI,RTGS,23494.36,Credit,19973.53,Retail,Karnataka,702,0,No loan,0.0,Success,Mobile_App,Verified,0,15
TXN000001952,CUST073795,2019-01-07,05:34,Savings,UPI,938.99,Credit,128343.46,Education,Maharashtra,323,0,No loan,0.0,Success,POS_Terminal,Verified,0,5
TXN000001953,CUST045114,2019-01-07,18:55,Salary,UPI,312.77,Debit,120345.23,Real Estate,Tamil Nadu,827,1,Personal,3479.61,Success,API,Verified,0,18
TXN000001954,CUST074070,2019-01-07,06:15,Savings,Credit_Card,1625.74,Debit,42843.75,Travel,Gujarat,541,1,Unknown,2132.29,Success,Branch,Verified,0,6
TXN000001955,CUST005250,2019-01-07,07:48,Salary,UPI,1329.7,Debit,14476.68,Salary,Telangana,768,0,No loan,0.0,Success,Mobile_App,Verified,0,7
TXN000001956,CUST019202,2019-01-07,10:10,Savings,UPI,233.74,Credit,34418.87,Real Estate,UP,429,0,No loan,0.0,Success,Web,Verified,0,10
TXN000001957,CUST058577,2019-01-07,07:25,Savings,UPI,116.54,Debit,107939.29,Insurance,Karnataka,675,0,No loan,0.0,Success,Mobile_App,Verified,0,7
TXN000001958,CUST009687,2019-01-07,22:57,Savings,Auto_Debit,6203.15,Debit,14324.72,Fuel,Gujarat,310,0,No loan,0.0,Success,Branch,Pending,0,22
TXN000001959,CUST053364,2019-01-07,13:25,Current,Credit_Card,1617.15,Debit,9869.87,Travel,Rajasthan,746,0,No loan,0.0,Success,Mobile_App,Verified,0,13
TXN000001960,CUST000662,2019-01-07,10:01,Salary,Auto_Debit,1887.25,Debit,42592.59,Healthcare,Maharashtra,551,0,No loan,0.0,Success,ATM,Verified,0,10
TXN000001961,CUST044844,2019-01-07,16:57,Salary,Net_Banking,4923.5,Debit,1344.28,Government,Punjab,321,0,No loan,0.0,Success,Web,Verified,0,16
TXN000001962,CUST060964,2019-01-07,12:01,NRI,RTGS,49486.12,Credit,19080.87,Peer Transfer,West Bengal,356,1,Business,9297.18,Success,Mobile_App,Verified,0,12
TXN000001963,CUST042829,2019-01-07,05:21,Current,UPI,3583.12,Debit,79698.7,Education,Gujarat,618,0,No loan,0.0,Success,Mobile_App,Verified,0,5
TXN000001964,CUST048605,2019-01-07,15:40,Salary,UPI,563.88,Credit,649436.6,Investment,Tamil Nadu,414,1,Personal,3298.13,Reversed,ATM,Verified,0,15
TXN000001965,CUST010527,2019-01-07,04:55,Current,Net_Banking,1156.17,Credit,35049.17,Retail,Karnataka,645,0,No loan,0.0,Success,Mobile_App,Verified,0,4
TXN000001966,CUST068911,2019-01-07,03:09,NRI,Cheque,62826.34,Debit,76204.57,Retail,Tamil Nadu,599,0,No loan,0.0,Success,Web,Verified,0,3
TXN000001967,CUST025593,2019-01-07,20:35,Savings,UPI,3672.0,Credit,21358.96,Food & Dining,Gujarat,494,1,Education,7489.55,Success,Mobile_App,Verified,0,20
TXN000001968,CUST028983,2019-01-07,03:08,Savings,UPI,1339.19,Debit,47901.7,Retail,Maharashtra,659,0,No loan,0.0,Success,ATM,Verified,0,3
TXN000001969,CUST000208,2019-01-07,07:39,Fixed Deposit,ATM_Withdrawal,2000.0,Debit,72122.2,Travel,Delhi,817,0,No loan,0.0,Success,Mobile_App,Pending,0,7
TXN000001970,CUST068620,2019-01-07,04:07,Fixed Deposit,Cheque,65527.4,Credit,209199.99,Education,Rajasthan,584,0,No loan,0.0,Success,Branch,Verified,1,4
TXN000001971,CUST029329,2019-01-07,06:00,Savings,UPI,129.84,Debit,22741.65,Retail,Maharashtra,614,1,Unknown,1130.88,Success,Web,Verified,0,6
TXN000001972,CUST046480,2019-01-07,20:05,Savings,RTGS,116982.75,Debit,50622.3,Government,Maharashtra,354,1,Auto,9411.86,Success,Web,Verified,0,20
TXN000001973,CUST020104,2019-01-07,10:44,Savings,NEFT,33527.37,Credit,310525.26,Entertainment,Telangana,819,1,Home,5758.75,Failed,ATM,Verified,0,10
TXN000001974,CUST039892,2019-01-07,09:23,Current,POS,2092.2,Debit,71089.69,E-Commerce,Maharashtra,350,0,No loan,0.0,Pending,Mobile_App,Verified,0,9
TXN000001975,CUST010755,2019-01-07,23:00,Savings,NEFT,30231.71,Debit,17347.05,Travel,Gujarat,747,1,Personal,11714.78,Success,Branch,Verified,0,23
TXN000001976,CUST072983,2019-01-07,19:09,Current,ATM_Withdrawal,500.0,Debit,22262.89,E-Commerce,Maharashtra,584,1,Personal,5296.6,Success,Mobile_App,Verified,0,19
TXN000001977,CUST055923,2019-01-07,17:44,NRI,IMPS,16651.49,Debit,30196.59,Government,Karnataka,729,0,No loan,0.0,Success,Web,Expired,0,17
TXN000001978,CUST048232,2019-01-07,02:17,Salary,ATM_Withdrawal,2000.0,Debit,5126.72,E-Commerce,Maharashtra,497,1,Personal,3280.11,Success,Mobile_App,Verified,0,2
TXN000001979,CUST029302,2019-01-07,22:21,Salary,UPI,460.21,Credit,217877.59,Salary,West Bengal,549,0,No loan,0.0,Success,POS_Terminal,Verified,0,22
TXN000001980,CUST062712,2019-01-07,12:27,Salary,UPI,534.23,Debit,103047.42,Retail,Tamil Nadu,359,1,Home,2717.89,Success,POS_Terminal,Verified,0,12
TXN000001981,CUST041324,2019-01-07,20:43,Savings,Net_Banking,2532.97,Credit,30950.53,Healthcare,Telangana,831,0,No loan,0.0,Success,Web,Expired,0,20
TXN000001982,CUST018753,2019-01-07,07:12,Savings,Net_Banking,61436.03,Credit,7073.82,Retail,Telangana,376,0,No loan,0.0,Success,Web,Verified,0,7
TXN000001983,CUST013396,2019-01-07,02:05,Salary,RTGS,31022.96,Debit,11619.46,E-Commerce,Gujarat,550,0,No loan,0.0,Failed,Mobile_App,Pending,1,2
TXN000001984,CUST056274,2019-01-07,12:11,Savings,POS,2122.95,Debit,163551.41,E-Commerce,UP,461,1,Unknown,6794.54,Success,Mobile_App,Verified,0,12
TXN000001985,CUST004896,2019-01-07,14:28,Current,NEFT,7086.05,Debit,2617.41,E-Commerce,Rajasthan,529,0,No loan,0.0,Success,Web,Verified,0,14
TXN000001986,CUST076560,2019-01-07,05:54,Current,NEFT,25759.38,Credit,174651.36,Fuel,Tamil Nadu,885,1,Personal,1644.85,Success,Mobile_App,Verified,0,5
TXN000001987,CUST010700,2019-01-07,15:06,Current,UPI,4971.47,Credit,40463.03,Insurance,Delhi,796,0,No loan,0.0,Success,API,Verified,0,15
TXN000001988,CUST065062,2019-01-07,06:24,NRI,UPI,800.75,Debit,31216.81,Utilities,Maharashtra,675,0,No loan,0.0,Success,ATM,Verified,0,6
TXN000001989,CUST009716,2019-01-07,13:01,Savings,IMPS,2129.21,Credit,36817.94,Travel,Telangana,564,0,No loan,0.0,Success,Mobile_App,Pending,0,13
TXN000001990,CUST019170,2019-01-07,08:21,NRI,RTGS,131581.93,Credit,56048.05,Healthcare,Maharashtra,779,1,Home,3321.1,Success,Mobile_App,Verified,0,8
TXN000001991,CUST016164,2019-01-07,23:40,Current,Net_Banking,126813.46,Debit,79511.7,Retail,Tamil Nadu,893,1,Home,7777.91,Success,Mobile_App,Verified,0,23
TXN000001992,CUST005783,2019-01-07,20:19,Current,UPI,377.07,Credit,16313.88,Utilities,Gujarat,471,0,No loan,0.0,Success,Web,Verified,1,20
TXN000001993,CUST035586,2019-01-07,13:25,Savings,ATM_Withdrawal,10000.0,Debit,267470.21,Fuel,UP,374,0,No loan,0.0,Success,Mobile_App,Verified,0,13
TXN000001994,CUST030683,2019-01-07,08:51,Savings,IMPS,4788.27,Credit,20836.92,Insurance,Tamil Nadu,328,0,No loan,0.0,Success,Web,Verified,0,8
TXN000001995,CUST047865,2019-01-07,10:16,Salary,RTGS,180502.4,Credit,51005.12,Investment,Maharashtra,486,1,Personal,1957.9,Pending,Web,Verified,0,10
TXN000001996,CUST055115,2019-01-07,15:58,Savings,IMPS,1030.69,Debit,5873.63,E-Commerce,Tamil Nadu,647,0,No loan,0.0,Success,POS_Terminal,Verified,0,15
TXN000001997,CUST038068,2019-01-07,09:23,Savings,UPI,2769.42,Debit,2271.58,Fuel,Tamil Nadu,339,0,No loan,0.0,Success,Mobile_App,Verified,0,9
TXN000001998,CUST042686,2019-01-07,21:17,Savings,NEFT,23616.12,Credit,79096.78,Food & Dining,Rajasthan,730,0,No loan,0.0,Success,Mobile_App,Verified,0,21
TXN000001999,CUST018074,2019-01-07,16:46,Salary,POS,617.65,Debit,69641.52,Entertainment,Tamil Nadu,707,0,No loan,0.0,Success,ATM,Verified,0,16
TXN000002000,CUST036036,2019-01-07,09:35,NRI,Cheque,3918.89,Debit,37678.26,Insurance,Tamil Nadu,610,0,No loan,0.0,Success,API,Verified,0,9
TXN000002001,CUST064978,2019-01-07,19:57,NRI,NEFT,24374.67,Debit,91393.53,Salary,Maharashtra,638,1,Home,10592.81,Success,ATM,Verified,0,19
TXN000002002,CUST065451,2019-01-07,16:49,NRI,Credit_Card,27729.1,Debit,7493.23,E-Commerce,Delhi,584,0,No loan,0.0,Success,POS_Terminal,Verified,0,16
TXN000002003,CUST010383,2019-01-07,13:52,Savings,UPI,1929.44,Credit,207735.65,Government,West Bengal,641,0,No loan,0.0,Success,Mobile_App,Verified,0,13
TXN000002004,CUST004438,2019-01-07,01:41,Fixed Deposit,UPI,75.18,Credit,44287.17,Retail,Maharashtra,599,0,No loan,0.0,Success,Mobile_App,Verified,0,1
TXN000002005,CUST070972,2019-01-07,08:54,Salary,ATM_Withdrawal,500.0,Debit,14182.87,Education,UP,698,0,No loan,0.0,Success,Mobile_App,Verified,0,8
TXN000002006,CUST064613,2019-01-07,07:08,Salary,Net_Banking,117855.83,Credit,13112.7,Fuel,Karnataka,691,0,No loan,0.0,Success,API,Verified,0,7
TXN000002007,CUST061930,2019-01-07,09:59,Current,POS,1409.08,Debit,48139.41,Peer Transfer,Punjab,485,0,No loan,0.0,Success,POS_Terminal,Verified,0,9
TXN000002008,CUST012330,2019-01-07,08:08,Current,ATM_Withdrawal,1000.0,Debit,10990.34,Retail,West Bengal,385,0,No loan,0.0,Success,Web,Verified,0,8
TXN000002009,CUST025170,2019-01-07,01:12,Current,POS,97.92,Debit,410422.75,Utilities,Maharashtra,647,1,Unknown,2571.35,Failed,Mobile_App,Verified,0,1
TXN000002010,CUST034595,2019-01-07,03:14,Salary,Auto_Debit,9207.98,Debit,119809.04,Fuel,Gujarat,568,0,No loan,0.0,Success,Mobile_App,Verified,0,3
TXN000002011,CUST076958,2019-01-07,12:42,Current,UPI,232.81,Credit,31082.84,E-Commerce,Gujarat,374,0,No loan,0.0,Success,ATM,Verified,0,12
TXN000002012,CUST060632,2019-01-07,22:02,Salary,ATM_Withdrawal,5000.0,Debit,119870.42,Healthcare,Punjab,728,1,Auto,2341.07,Success,Mobile_App,Verified,0,22
TXN000002013,CUST045034,2019-01-07,22:22,Savings,ATM_Withdrawal,1000.0,Debit,4133.85,Entertainment,West Bengal,699,0,No loan,0.0,Success,Branch,Verified,0,22
TXN000002014,CUST063134,2019-01-07,17:18,Salary,Cheque,467146.91,Debit,68807.57,Salary,Rajasthan,604,0,No loan,0.0,Success,Mobile_App,Pending,0,17
TXN000002015,CUST073166,2019-01-07,15:01,NRI,NEFT,118901.79,Credit,6555.44,Entertainment,Delhi,469,1,Business,3392.86,Success,API,Verified,0,15
TXN000002016,CUST073862,2019-01-07,02:49,Salary,IMPS,1095.37,Credit,99825.98,Investment,Gujarat,723,0,No loan,0.0,Success,POS_Terminal,Verified,0,2
TXN000002017,CUST052291,2019-01-07,02:31,Salary,RTGS,21629.57,Debit,184113.43,Retail,UP,576,1,Auto,12828.23,Success,POS_Terminal,Verified,0,2
TXN000002018,CUST031751,2019-01-07,00:24,Savings,Cheque,69169.93,Debit,79277.21,Utilities,UP,439,0,No loan,0.0,Success,POS_Terminal,Verified,0,0
TXN000002019,CUST040462,2019-01-07,14:41,Fixed Deposit,UPI,83.59,Debit,76375.57,Travel,Maharashtra,300,0,No loan,0.0,Success,Mobile_App,Pending,0,14
TXN000002020,CUST073801,2019-01-07,01:10,NRI,UPI,483.59,Debit,189155.89,E-Commerce,West Bengal,817,1,Personal,7779.2,Success,ATM,Verified,0,1
TXN000002021,CUST078223,2019-01-07,13:55,Current,ATM_Withdrawal,500.0,Debit,65883.66,Government,Delhi,609,1,Home,3895.24,Success,ATM,Verified,0,13
TXN000002022,CUST024227,2019-01-07,12:40,Current,NEFT,15097.23,Credit,75168.62,Education,Karnataka,779,0,No loan,0.0,Success,Web,Verified,0,12
TXN000002023,CUST006722,2019-01-07,22:01,Current,IMPS,1254.97,Debit,4131.35,Healthcare,Karnataka,327,0,No loan,0.0,Success,Mobile_App,Verified,0,22
TXN000002024,CUST056155,2019-01-07,23:06,Salary,POS,3014.32,Debit,24540.48,Government,Karnataka,725,1,Auto,10875.37,Success,Mobile_App,Verified,0,23
TXN000002025,CUST020610,2019-01-07,07:20,Salary,UPI,137.11,Debit,29159.56,Insurance,West Bengal,899,0,No loan,0.0,Success,Mobile_App,Pending,0,7
TXN000002026,CUST052131,2019-01-07,21:34,Savings,IMPS,5035.62,Debit,30877.55,Salary,Karnataka,748,1,Home,7405.87,Success,ATM,Verified,0,21
TXN000002027,CUST072910,2019-01-07,18:34,Salary,RTGS,190271.14,Credit,42318.53,Education,UP,774,0,No loan,0.0,Reversed,Mobile_App,Verified,0,18
TXN000002028,CUST055250,2019-01-07,02:19,Current,Credit_Card,17809.88,Debit,81372.61,Healthcare,Delhi,484,0,No loan,0.0,Success,API,Verified,0,2
TXN000002029,CUST048896,2019-01-07,23:22,Salary,NEFT,561.14,Credit,100894.13,Food & Dining,Gujarat,499,1,Auto,2867.11,Success,POS_Terminal,Verified,0,23
TXN000002030,CUST005657,2019-01-07,19:19,Current,UPI,29.6,Credit,8267.0,Government,Tamil Nadu,336,0,No loan,0.0,Success,Web,Verified,0,19
TXN000002031,CUST074521,2019-01-07,17:58,Current,IMPS,38716.79,Credit,67628.09,Travel,Gujarat,507,0,No loan,0.0,Success,ATM,Verified,0,17
TXN000002032,CUST063741,2019-01-07,18:55,Current,POS,2771.92,Debit,15935.18,Salary,Maharashtra,839,0,No loan,0.0,Success,Web,Pending,0,18
TXN000002033,CUST064310,2019-01-07,09:23,Savings,ATM_Withdrawal,3000.0,Debit,32257.34,Travel,Maharashtra,387,0,No loan,0.0,Success,Web,Pending,0,9
TXN000002034,CUST029985,2019-01-07,23:07,Salary,UPI,3202.91,Debit,112732.45,E-Commerce,Maharashtra,641,0,No loan,0.0,Success,POS_Terminal,Pending,0,23
TXN000002035,CUST073823,2019-01-07,03:07,Salary,Net_Banking,2633.85,Debit,5125.86,Retail,Karnataka,599,1,Business,870.16,Failed,ATM,Verified,0,3
TXN000002036,CUST005902,2019-01-07,08:36,Savings,NEFT,1285.57,Credit,22974.87,Utilities,Delhi,867,1,Business,3922.67,Success,POS_Terminal,Verified,0,8
TXN000002037,CUST031553,2019-01-07,14:58,Salary,Net_Banking,5417.46,Credit,87083.37,Salary,West Bengal,480,0,No loan,0.0,Success,ATM,Verified,0,14
TXN000002038,CUST031056,2019-01-07,10:40,Savings,POS,2034.33,Debit,31966.58,Entertainment,Tamil Nadu,420,0,No loan,0.0,Success,ATM,Verified,0,10
TXN000002039,CUST037686,2019-01-07,16:43,Salary,NEFT,43204.11,Credit,85214.38,Investment,Maharashtra,509,1,Business,8327.35,Success,Branch,Verified,0,16
TXN000002040,CUST073966,2019-01-07,17:30,Current,IMPS,2838.32,Credit,178172.24,Salary,Delhi,423,1,Education,1145.73,Success,Mobile_App,Verified,0,17
TXN000002041,CUST014717,2019-01-07,07:25,Current,UPI,1008.92,Debit,34507.28,Food & Dining,Rajasthan,318,1,Business,2034.43,Success,API,Verified,0,7
TXN000002042,CUST011139,2019-01-07,05:24,Current,NEFT,66216.19,Debit,90485.09,Healthcare,Karnataka,566,0,No loan,0.0,Success,Mobile_App,Verified,0,5
TXN000002043,CUST035299,2019-01-07,00:23,Fixed Deposit,NEFT,4854.63,Debit,34003.33,Utilities,Delhi,574,1,Auto,4283.3,Success,Mobile_App,Verified,0,0
TXN000002044,CUST051113,2019-01-07,21:34,Salary,UPI,129.4,Debit,58317.0,Education,Maharashtra,840,0,No loan,0.0,Success,POS_Terminal,Verified,0,21
TXN000002045,CUST023430,2019-01-07,00:10,Current,NEFT,3186.57,Debit,106007.82,Government,Tamil Nadu,436,1,Education,1044.06,Success,Mobile_App,Verified,0,0
TXN000002046,CUST050201,2019-01-07,02:09,Savings,NEFT,12899.72,Debit,333848.28,Entertainment,West Bengal,604,1,Business,3020.74,Success,POS_Terminal,Verified,0,2
TXN000002047,CUST071309,2019-01-07,22:16,Savings,Net_Banking,16844.23,Credit,2072156.5,Education,Maharashtra,637,0,No loan,0.0,Success,ATM,Verified,0,22
TXN000002048,CUST048245,2019-01-07,06:04,Salary,POS,1887.86,Debit,14270.88,Retail,Delhi,571,0,No loan,0.0,Success,Mobile_App,Verified,0,6
TXN000002049,CUST017348,2019-01-07,18:00,Salary,UPI,3755.94,Debit,31023.73,Travel,Gujarat,605,0,No loan,0.0,Success,Mobile_App,Verified,0,18
TXN000002050,CUST016921,2019-01-07,04:09,Savings,IMPS,1243.83,Credit,10930.49,Government,Punjab,633,1,Business,1258.38,Success,ATM,Verified,0,4
TXN000002051,CUST031823,2019-01-07,03:45,NRI,UPI,1547.06,Credit,229024.1,Investment,Karnataka,643,1,Personal,7156.38,Success,POS_Terminal,Verified,0,3
TXN000002052,CUST046660,2019-01-07,07:42,Salary,NEFT,115976.97,Debit,21091.68,Entertainment,Gujarat,748,0,No loan,0.0,Success,Mobile_App,Verified,0,7
TXN000002053,CUST040109,2019-01-07,13:56,Current,Net_Banking,1869.36,Credit,24320.61,Retail,Delhi,454,0,No loan,0.0,Success,Mobile_App,Expired,0,13
TXN000002054,CUST007968,2019-01-07,17:19,Fixed Deposit,ATM_Withdrawal,2000.0,Debit,274368.62,Investment,Maharashtra,490,1,Unknown,3847.87,Success,Mobile_App,Verified,0,17
TXN000002055,CUST011872,2019-01-07,10:15,Savings,UPI,2191.52,Credit,418574.16,Peer Transfer,Karnataka,396,0,No loan,0.0,Success,Web,Verified,0,10
TXN000002056,CUST077453,2019-01-07,02:29,Savings,RTGS,632989.72,Credit,172884.03,Retail,Karnataka,728,0,No loan,0.0,Success,POS_Terminal,Verified,0,2
TXN000002057,CUST074271,2019-01-07,21:17,Savings,ATM_Withdrawal,500.0,Debit,17412.27,Retail,West Bengal,505,0,No loan,0.0,Success,ATM,Verified,0,21
TXN000002058,CUST033614,2019-01-07,17:34,Current,RTGS,196049.36,Credit,46087.18,Utilities,Punjab,638,0,No loan,0.0,Success,Web,Verified,0,17
TXN000002059,CUST028180,2019-01-07,02:48,Salary,UPI,124.83,Debit,9796.19,Retail,UP,833,0,No loan,0.0,Success,Web,Verified,0,2
TXN000002060,CUST052189,2019-01-07,17:10,Savings,IMPS,6550.62,Credit,26877.54,Utilities,Maharashtra,601,1,Personal,5258.02,Success,POS_Terminal,Verified,0,17
TXN000002061,CUST055100,2019-01-07,23:09,Savings,POS,1531.83,Debit,81309.23,Utilities,Rajasthan,343,1,Business,6884.18,Success,ATM,Verified,0,23
TXN000002062,CUST035263,2019-01-07,01:22,Savings,Credit_Card,964.78,Debit,473023.67,Government,West Bengal,773,0,No loan,0.0,Success,Mobile_App,Verified,0,1
TXN000002063,CUST078214,2019-01-07,02:49,Current,IMPS,2477.29,Credit,15637.64,Retail,Maharashtra,619,0,No loan,0.0,Success,Mobile_App,Verified,0,2
TXN000002064,CUST018269,2019-01-07,14:27,Savings,IMPS,29290.05,Debit,37392.72,Utilities,Rajasthan,772,0,No loan,0.0,Success,POS_Terminal,Verified,0,14
TXN000002065,CUST077867,2019-01-07,09:31,NRI,IMPS,14077.81,Credit,557023.94,E-Commerce,Telangana,711,1,Home,9312.72,Success,Web,Verified,0,9
TXN000002066,CUST060546,2019-01-07,04:22,Savings,UPI,796.88,Credit,39011.33,Food & Dining,Maharashtra,484,0,No loan,0.0,Success,Mobile_App,Verified,0,4
TXN000002067,CUST072147,2019-01-07,06:31,Salary,IMPS,13179.64,Debit,18835.56,Retail,Gujarat,664,0,No loan,0.0,Success,Web,Verified,0,6
TXN000002068,CUST071967,2019-01-07,22:23,Current,IMPS,4584.52,Credit,4826.73,Travel,Gujarat,752,1,Education,11858.35,Success,Mobile_App,Verified,0,22
TXN000002069,CUST039923,2019-01-07,21:12,Savings,IMPS,853.39,Credit,10838.8,Entertainment,Delhi,812,0,No loan,0.0,Success,ATM,Verified,0,21
TXN000002070,CUST079365,2019-01-07,21:27,NRI,NEFT,115077.61,Debit,78594.5,Utilities,Telangana,486,0,No loan,0.0,Success,Mobile_App,Verified,0,21
TXN000002071,CUST042914,2019-01-07,14:25,Current,UPI,138.52,Debit,51555.55,Education,Punjab,628,0,No loan,0.0,Success,POS_Terminal,Pending,0,14
TXN000002072,CUST055678,2019-01-07,11:17,Current,UPI,285.71,Credit,2070.8,Food & Dining,Rajasthan,609,0,No loan,0.0,Success,Branch,Verified,0,11
TXN000002073,CUST049842,2019-01-07,20:44,Current,ATM_Withdrawal,5000.0,Debit,33408.68,Entertainment,Rajasthan,455,0,No loan,0.0,Success,Branch,Verified,0,20
TXN000002074,CUST046333,2019-01-07,21:09,Savings,POS,155.68,Debit,16714.04,Retail,West Bengal,536,1,Home,7834.84,Success,Web,Verified,0,21
TXN000002075,CUST025033,2019-01-07,04:27,Fixed Deposit,RTGS,109690.91,Debit,492429.29,Government,UP,661,0,No loan,0.0,Success,Mobile_App,Verified,0,4
TXN000002076,CUST037847,2019-01-07,23:00,Savings,UPI,1381.83,Credit,115758.56,Travel,Telangana,321,0,No loan,0.0,Success,Mobile_App,Verified,0,23
TXN000002077,CUST059475,2019-01-07,06:10,Savings,Net_Banking,11942.45,Debit,291068.98,E-Commerce,Tamil Nadu,875,1,Personal,12134.44,Success,Mobile_App,Verified,0,6
TXN000002078,CUST044937,2019-01-07,18:29,Salary,IMPS,2725.45,Credit,7931.58,Fuel,Tamil Nadu,897,1,Unknown,2079.53,Success,Web,Verified,0,18
TXN000002079,CUST029795,2019-01-07,00:29,Savings,RTGS,272194.67,Debit,78821.03,Salary,Delhi,446,0,No loan,0.0,Success,ATM,Verified,0,0
TXN000002080,CUST061589,2019-01-07,19:06,Salary,NEFT,7283.92,Debit,9534.95,Government,Karnataka,420,1,Personal,15288.51,Success,Web,Verified,0,19
TXN000002081,CUST070985,2019-01-07,13:16,Current,ATM_Withdrawal,3000.0,Debit,30094.85,Education,Delhi,413,0,No loan,0.0,Success,Mobile_App,Verified,0,13
TXN000002082,CUST050332,2019-01-07,18:18,Salary,UPI,258.02,Debit,88250.47,Food & Dining,Rajasthan,333,0,No loan,0.0,Success,Mobile_App,Verified,0,18
TXN000002083,CUST028142,2019-01-07,19:01,Current,NEFT,4009.4,Credit,46623.24,Peer Transfer,Karnataka,431,0,No loan,0.0,Success,Branch,Verified,0,19
TXN000002084,CUST009075,2019-01-07,04:23,Savings,UPI,817.17,Debit,312359.46,Retail,Karnataka,640,0,No loan,0.0,Success,Mobile_App,Verified,0,4
TXN000002085,CUST006407,2019-01-07,16:17,Fixed Deposit,UPI,1576.34,Credit,9950.0,E-Commerce,Telangana,618,0,No loan,0.0,Success,Mobile_App,Pending,0,16
TXN000002086,CUST023292,2019-01-07,11:38,Current,NEFT,12926.33,Debit,129670.81,Investment,Maharashtra,857,0,No loan,0.0,Success,ATM,Verified,0,11
TXN000002087,CUST041569,2019-01-07,07:26,Savings,UPI,1233.24,Debit,98811.63,Travel,Rajasthan,519,0,No loan,0.0,Success,Mobile_App,Verified,0,7
TXN000002088,CUST046852,2019-01-07,00:56,Current,IMPS,5317.4,Debit,2248.08,Government,Delhi,393,1,Personal,4812.0,Success,POS_Terminal,Verified,0,0
TXN000002089,CUST054824,2019-01-07,01:28,Salary,UPI,412.81,Debit,22182.75,Healthcare,Maharashtra,350,1,Auto,10823.65,Success,Web,Verified,0,1
TXN000002090,CUST023313,2019-01-07,20:13,Current,RTGS,160745.86,Debit,189610.92,Peer Transfer,Karnataka,332,1,Auto,1525.78,Success,ATM,Verified,0,20
TXN000002091,CUST043109,2019-01-07,00:49,NRI,UPI,811.17,Credit,901193.83,Insurance,Maharashtra,864,0,No loan,0.0,Success,Web,Verified,0,0
TXN000002092,CUST066919,2019-01-07,10:39,Current,Net_Banking,26389.73,Debit,70611.09,Real Estate,Karnataka,870,0,No loan,0.0,Success,Web,Pending,0,10
TXN000002093,CUST034172,2019-01-07,23:54,Savings,ATM_Withdrawal,1000.0,Debit,275716.59,Real Estate,Maharashtra,510,0,No loan,0.0,Success,ATM,Verified,0,23
TXN000002094,CUST041780,2019-01-07,10:58,Salary,IMPS,3455.03,Credit,31177.34,Food & Dining,Punjab,324,0,No loan,0.0,Success,Web,Verified,0,10
TXN000002095,CUST068829,2019-01-07,17:14,Current,Auto_Debit,251.53,Debit,13655.12,Utilities,Telangana,468,0,No loan,0.0,Success,Mobile_App,Verified,0,17
TXN000002096,CUST012412,2019-01-07,02:18,Current,Auto_Debit,1392.12,Debit,10259.04,Healthcare,Maharashtra,741,1,Home,1187.8,Success,Mobile_App,Verified,0,2
TXN000002097,CUST057010,2019-01-07,14:32,Salary,IMPS,3264.65,Debit,171266.88,Food & Dining,UP,316,0,No loan,0.0,Success,API,Verified,0,14
TXN000002098,CUST015423,2019-01-07,03:14,Savings,IMPS,237.16,Debit,7330.67,Healthcare,Maharashtra,381,1,Personal,5108.53,Success,Mobile_App,Verified,0,3
TXN000002099,CUST042469,2019-01-08,10:12,Current,NEFT,4573.44,Credit,18499.74,Utilities,Tamil Nadu,636,1,Education,774.92,Success,Mobile_App,Verified,0,10
TXN000002100,CUST032372,2019-01-08,05:55,Current,Net_Banking,631.14,Debit,26906.54,Entertainment,Karnataka,703,0,No loan,0.0,Success,Web,Verified,0,5
TXN000002101,CUST057023,2019-01-08,05:57,Savings,RTGS,119900.73,Debit,5399.16,Fuel,Gujarat,655,0,No loan,0.0,Reversed,Mobile_App,Verified,0,5
TXN000002102,CUST071230,2019-01-08,04:37,Current,Auto_Debit,292.44,Debit,3574.01,Utilities,Delhi,596,1,Unknown,4672.69,Success,Branch,Verified,0,4
TXN000002103,CUST051197,2019-01-08,11:13,Fixed Deposit,NEFT,15243.9,Credit,20455.2,Real Estate,Delhi,605,0,No loan,0.0,Success,ATM,Verified,0,11
TXN000002104,CUST026716,2019-01-08,01:27,NRI,NEFT,83964.17,Debit,4002.56,Peer Transfer,Maharashtra,572,0,No loan,0.0,Success,POS_Terminal,Verified,0,1
TXN000002105,CUST027606,2019-01-08,03:57,Savings,ATM_Withdrawal,1000.0,Debit,5566.97,Travel,UP,898,0,No loan,0.0,Failed,Branch,Verified,0,3
TXN000002106,CUST031175,2019-01-08,17:29,Current,RTGS,86515.32,Credit,50619.75,Government,Maharashtra,323,0,No loan,0.0,Success,Web,Verified,0,17
TXN000002107,CUST009957,2019-01-08,22:36,Savings,POS,6709.55,Debit,358603.27,Real Estate,Karnataka,565,0,No loan,0.0,Success,Mobile_App,Verified,0,22
TXN000002108,CUST076374,2019-01-08,07:08,Savings,ATM_Withdrawal,5000.0,Debit,12012.94,Healthcare,Gujarat,623,0,No loan,0.0,Success,Web,Verified,0,7
TXN000002109,CUST069253,2019-01-08,04:07,Savings,IMPS,6331.45,Debit,24348.19,Travel,Tamil Nadu,841,0,No loan,0.0,Success,Web,Verified,0,4
TXN000002110,CUST061950,2019-01-08,14:36,Savings,ATM_Withdrawal,5000.0,Debit,10479.28,Food & Dining,Maharashtra,719,0,No loan,0.0,Success,Mobile_App,Verified,0,14
TXN000002111,CUST062647,2019-01-08,11:40,Salary,IMPS,3605.43,Credit,30154.93,Food & Dining,Maharashtra,471,1,Unknown,5713.71,Success,Branch,Verified,0,11
TXN000002112,CUST070018,2019-01-08,15:46,Salary,UPI,474.82,Credit,18032.41,Food & Dining,Punjab,359,0,No loan,0.0,Success,API,Verified,0,15
TXN000002113,CUST063038,2019-01-08,18:56,Salary,Cheque,1458.58,Debit,86055.7,Fuel,Punjab,580,1,Home,3678.84,Success,Mobile_App,Verified,0,18
TXN000002114,CUST006549,2019-01-08,11:32,Savings,UPI,416.62,Debit,6758.97,Government,Rajasthan,794,0,No loan,0.0,Success,ATM,Verified,0,11
TXN000002115,CUST073295,2019-01-08,14:52,Current,IMPS,4667.41,Credit,7645.43,Peer Transfer,Maharashtra,571,1,Personal,1548.9,Success,Mobile_App,Verified,0,14
TXN000002116,CUST023178,2019-01-08,13:15,Savings,ATM_Withdrawal,1000.0,Debit,43889.89,Utilities,Tamil Nadu,605,0,No loan,0.0,Success,Mobile_App,Verified,0,13
TXN000002117,CUST024023,2019-01-08,19:09,Fixed Deposit,IMPS,6475.15,Credit,32995.82,Food & Dining,West Bengal,479,1,Education,4915.51,Success,Web,Verified,0,19
TXN000002118,CUST005543,2019-01-08,05:31,Savings,POS,437.33,Debit,141691.75,Utilities,Tamil Nadu,586,0,No loan,0.0,Success,Web,Verified,0,5
TXN000002119,CUST060429,2019-01-08,16:07,Current,IMPS,472.43,Credit,44821.0,Retail,Tamil Nadu,829,0,No loan,0.0,Success,Mobile_App,Verified,0,16
TXN000002120,CUST022741,2019-01-08,20:34,Current,Net_Banking,26946.06,Debit,418091.48,Healthcare,UP,758,0,No loan,0.0,Failed,POS_Terminal,Verified,0,20
TXN000002121,CUST059354,2019-01-08,06:17,Current,Cheque,16888.86,Credit,11434.46,Utilities,Maharashtra,510,0,No loan,0.0,Success,Mobile_App,Verified,0,6
TXN000002122,CUST056533,2019-01-08,16:07,Salary,UPI,327.05,Debit,148099.48,Retail,Punjab,431,0,No loan,0.0,Success,ATM,Verified,0,16
TXN000002123,CUST016053,2019-01-08,20:28,Savings,POS,480.32,Debit,65025.58,Food & Dining,Rajasthan,451,0,No loan,0.0,Success,Mobile_App,Verified,0,20
TXN000002124,CUST047077,2019-01-08,07:25,Savings,UPI,1860.47,Credit,130676.92,E-Commerce,Maharashtra,801,0,No loan,0.0,Success,Web,Verified,0,7
TXN000002125,CUST053421,2019-01-08,22:54,Savings,IMPS,9668.12,Debit,79993.38,Peer Transfer,Telangana,772,0,No loan,0.0,Success,Branch,Verified,0,22
TXN000002126,CUST000672,2019-01-08,19:09,Savings,Cheque,88036.48,Credit,102516.25,Retail,Maharashtra,563,0,No loan,0.0,Success,Mobile_App,Expired,0,19
TXN000002127,CUST000164,2019-01-08,20:01,NRI,UPI,138.99,Debit,231528.04,E-Commerce,Punjab,355,0,No loan,0.0,Success,POS_Terminal,Verified,0,20
TXN000002128,CUST041425,2019-01-08,17:10,Current,UPI,304.93,Debit,79225.91,Investment,UP,648,1,Auto,2560.82,Pending,Mobile_App,Verified,0,17
TXN000002129,CUST053745,2019-01-08,21:30,Savings,NEFT,68195.92,Credit,40952.23,Peer Transfer,Telangana,345,0,No loan,0.0,Success,ATM,Expired,0,21
TXN000002130,CUST070332,2019-01-08,12:22,Savings,POS,2078.28,Debit,30108.86,Real Estate,Punjab,352,0,No loan,0.0,Success,ATM,Verified,0,12
TXN000002131,CUST010635,2019-01-08,22:27,NRI,IMPS,6487.74,Credit,23773.22,Utilities,Tamil Nadu,541,1,Auto,19312.84,Success,Mobile_App,Verified,0,22
TXN000002132,CUST004799,2019-01-08,04:19,Current,Cheque,123647.84,Credit,156465.98,Utilities,Tamil Nadu,313,0,No loan,0.0,Success,Web,Verified,0,4
TXN000002133,CUST022421,2019-01-08,07:02,Current,IMPS,1293.35,Debit,37457.46,Investment,Gujarat,326,0,No loan,0.0,Success,Mobile_App,Verified,0,7
TXN000002134,CUST029301,2019-01-08,08:13,Salary,NEFT,937.87,Debit,14589.54,Real Estate,Karnataka,639,0,No loan,0.0,Success,ATM,Verified,0,8
TXN000002135,CUST010750,2019-01-08,23:51,Current,POS,2687.8,Debit,119937.41,Healthcare,Delhi,796,0,No loan,0.0,Success,API,Expired,0,23
TXN000002136,CUST025122,2019-01-08,13:40,NRI,UPI,277.37,Debit,34483.86,E-Commerce,Gujarat,875,1,Home,11210.79,Success,API,Verified,0,13
TXN000002137,CUST037488,2019-01-08,09:18,Current,NEFT,132122.16,Debit,324874.79,Retail,Karnataka,899,1,Home,11913.55,Success,Mobile_App,Pending,0,9
TXN000002138,CUST033362,2019-01-08,23:15,Savings,NEFT,3710.72,Debit,113323.99,Healthcare,Delhi,891,0,No loan,0.0,Reversed,Web,Verified,0,23
TXN000002139,CUST021224,2019-01-08,18:53,Savings,IMPS,3697.34,Debit,35268.73,Retail,Maharashtra,846,0,No loan,0.0,Success,Mobile_App,Verified,0,18
TXN000002140,CUST072931,2019-01-08,11:15,Savings,NEFT,49959.13,Debit,71313.38,Healthcare,Karnataka,342,0,No loan,0.0,Success,POS_Terminal,Verified,0,11
TXN000002141,CUST014057,2019-01-08,11:15,Savings,NEFT,25369.18,Credit,10886.33,E-Commerce,Punjab,758,0,No loan,0.0,Success,POS_Terminal,Verified,0,11
TXN000002142,CUST028381,2019-01-08,18:25,Savings,IMPS,10665.01,Debit,5608.25,Education,Maharashtra,470,1,Business,5116.01,Failed,Mobile_App,Verified,0,18
TXN000002143,CUST026036,2019-01-08,01:17,Salary,UPI,1097.12,Credit,317972.63,Entertainment,Delhi,615,0,No loan,0.0,Success,Mobile_App,Verified,0,1
TXN000002144,CUST030621,2019-01-08,09:10,Savings,Cheque,83454.13,Credit,123972.05,Food & Dining,Maharashtra,837,1,Personal,10097.75,Success,Web,Verified,0,9
TXN000002145,CUST019878,2019-01-08,18:28,Current,UPI,274.76,Debit,34812.44,Insurance,Delhi,835,0,No loan,0.0,Success,Mobile_App,Verified,0,18
TXN000002146,CUST055317,2019-01-08,05:11,Salary,UPI,2341.83,Debit,34835.17,Food & Dining,Delhi,375,0,No loan,0.0,Success,Mobile_App,Verified,0,5
TXN000002147,CUST064042,2019-01-08,19:28,Current,POS,919.78,Debit,32899.63,Utilities,Maharashtra,371,0,No loan,0.0,Success,ATM,Verified,0,19
TXN000002148,CUST053353,2019-01-08,08:54,Savings,Net_Banking,1159.61,Credit,23758.2,Peer Transfer,Tamil Nadu,654,1,Home,1877.52,Success,Web,Pending,0,8
TXN000002149,CUST030912,2019-01-08,16:05,Fixed Deposit,UPI,591.63,Credit,90672.99,Food & Dining,Karnataka,700,0,No loan,0.0,Reversed,Mobile_App,Verified,0,16
TXN000002150,CUST032785,2019-01-08,17:17,Savings,POS,419.23,Debit,117444.08,E-Commerce,Delhi,558,0,No loan,0.0,Success,Mobile_App,Pending,0,17
TXN000002151,CUST003192,2019-01-08,18:33,Current,UPI,417.57,Credit,2531.67,Entertainment,Maharashtra,549,0,No loan,0.0,Failed,Branch,Verified,0,18
TXN000002152,CUST033161,2019-01-08,00:08,Salary,UPI,838.15,Debit,237819.33,Salary,UP,517,1,Auto,5480.65,Success,POS_Terminal,Verified,0,0
TXN000002153,CUST064642,2019-01-08,10:45,Savings,RTGS,242759.07,Credit,22279.63,Utilities,Maharashtra,516,1,Home,3500.28,Success,Web,Verified,0,10
TXN000002154,CUST049724,2019-01-08,08:42,NRI,ATM_Withdrawal,1000.0,Debit,19085.12,Retail,Delhi,428,0,No loan,0.0,Success,Branch,Verified,0,8
TXN000002155,CUST003632,2019-01-08,05:50,Salary,NEFT,13437.11,Credit,44760.64,Education,Telangana,327,0,No loan,0.0,Success,Branch,Verified,0,5
TXN000002156,CUST006173,2019-01-08,22:06,Salary,UPI,26757.43,Credit,3217.78,Peer Transfer,Delhi,751,1,Personal,12010.91,Success,POS_Terminal,Verified,0,22
TXN000002157,CUST042081,2019-01-08,04:44,Savings,UPI,462.06,Debit,104322.19,Salary,Punjab,310,1,Home,4471.37,Success,POS_Terminal,Verified,0,4
TXN000002158,CUST020282,2019-01-08,09:55,Salary,IMPS,678.6,Debit,57478.09,Food & Dining,UP,604,0,No loan,0.0,Success,Mobile_App,Verified,0,9
TXN000002159,CUST028672,2019-01-08,10:56,Current,UPI,1265.06,Debit,6732.29,Education,Maharashtra,598,0,No loan,0.0,Success,Mobile_App,Verified,0,10
TXN000002160,CUST051432,2019-01-08,14:34,Fixed Deposit,ATM_Withdrawal,10000.0,Debit,349713.27,Education,West Bengal,760,0,No loan,0.0,Success,Web,Verified,0,14
TXN000002161,CUST028603,2019-01-08,14:00,NRI,UPI,146.76,Debit,72089.22,Travel,West Bengal,538,1,Gold,14710.05,Success,Mobile_App,Verified,0,14
TXN000002162,CUST051400,2019-01-08,01:51,Fixed Deposit,RTGS,690846.56,Credit,13987.19,Food & Dining,Karnataka,861,0,No loan,0.0,Success,API,Verified,0,1
TXN000002163,CUST023473,2019-01-08,16:49,Fixed Deposit,UPI,1668.65,Debit,17388.49,Salary,Gujarat,777,1,Auto,10714.37,Success,Mobile_App,Pending,0,16
TXN000002164,CUST049231,2019-01-08,22:21,Savings,Cheque,1713.42,Credit,16873.69,E-Commerce,Gujarat,740,0,No loan,0.0,Success,Web,Verified,0,22
TXN000002165,CUST073617,2019-01-08,17:19,Current,UPI,437.25,Debit,71930.48,Real Estate,Delhi,459,0,No loan,0.0,Success,Web,Verified,0,17
TXN000002166,CUST007100,2019-01-08,17:46,Current,Net_Banking,11322.69,Credit,124773.23,Peer Transfer,Rajasthan,465,0,No loan,0.0,Success,Branch,Verified,0,17
TXN000002167,CUST025432,2019-01-08,14:39,Savings,NEFT,46545.54,Debit,6314.87,Entertainment,Punjab,856,0,No loan,0.0,Success,Mobile_App,Verified,0,14
TXN000002168,CUST056493,2019-01-08,13:01,NRI,UPI,820.14,Debit,9672.9,Healthcare,Delhi,392,1,Home,3310.26,Success,ATM,Verified,0,13
TXN000002169,CUST047685,2019-01-08,05:27,Savings,NEFT,10628.96,Credit,240614.26,Healthcare,Punjab,398,1,Auto,8872.61,Success,Web,Verified,0,5
TXN000002170,CUST030112,2019-01-08,01:15,Savings,UPI,418.7,Credit,33641.1,Food & Dining,Delhi,434,0,No loan,0.0,Failed,Mobile_App,Pending,0,1
TXN000002171,CUST063937,2019-01-08,13:41,NRI,UPI,403.51,Credit,32589.01,Retail,Maharashtra,850,1,Business,4231.14,Success,POS_Terminal,Verified,0,13
TXN000002172,CUST022615,2019-01-08,07:20,Savings,Cheque,57842.75,Debit,17518.07,Food & Dining,UP,668,0,No loan,0.0,Success,Web,Verified,0,7
TXN000002173,CUST041992,2019-01-08,03:44,Salary,Auto_Debit,2752.53,Debit,52268.64,Entertainment,Maharashtra,538,0,No loan,0.0,Success,Mobile_App,Verified,0,3
TXN000002174,CUST070477,2019-01-08,10:46,Salary,ATM_Withdrawal,1000.0,Debit,18110.81,Government,Delhi,744,0,No loan,0.0,Success,Web,Verified,0,10
TXN000002175,CUST060921,2019-01-08,07:47,Salary,Auto_Debit,1592.97,Debit,21420.97,Salary,Karnataka,798,1,Personal,22520.84,Success,Web,Verified,0,7
TXN000002176,CUST063531,2019-01-08,13:00,Salary,ATM_Withdrawal,2000.0,Debit,21924.84,Insurance,Rajasthan,570,0,No loan,0.0,Success,Mobile_App,Verified,0,13
TXN000002177,CUST036225,2019-01-08,02:29,Savings,NEFT,15732.85,Credit,6275.06,Food & Dining,Punjab,363,0,No loan,0.0,Success,Mobile_App,Pending,0,2
TXN000002178,CUST007789,2019-01-08,07:38,Salary,UPI,118.34,Debit,4226.3,Entertainment,Telangana,614,0,No loan,0.0,Reversed,ATM,Verified,0,7
TXN000002179,CUST028083,2019-01-08,09:56,Savings,UPI,436.74,Debit,27022.84,Utilities,Punjab,826,0,No loan,0.0,Success,Mobile_App,Verified,0,9
TXN000002180,CUST076817,2019-01-08,03:10,Salary,Net_Banking,106781.95,Credit,20788.7,Entertainment,Tamil Nadu,449,1,Auto,6370.92,Reversed,ATM,Verified,0,3
TXN000002181,CUST016532,2019-01-08,03:24,Current,POS,568.92,Debit,13429.58,Utilities,Maharashtra,680,1,Personal,2620.36,Success,Branch,Verified,0,3
TXN000002182,CUST044858,2019-01-08,14:16,Current,NEFT,64860.17,Credit,56453.26,Food & Dining,Maharashtra,824,1,Auto,1573.05,Reversed,POS_Terminal,Verified,0,14
TXN000002183,CUST010143,2019-01-08,06:56,Savings,RTGS,143543.32,Credit,57608.55,Healthcare,Karnataka,778,1,Personal,6572.23,Success,Web,Pending,0,6
TXN000002184,CUST048356,2019-01-08,02:01,Salary,UPI,115.32,Credit,68668.11,Retail,Delhi,541,1,Home,5250.35,Success,ATM,Verified,0,2
TXN000002185,CUST009867,2019-01-08,21:25,Savings,ATM_Withdrawal,10000.0,Debit,57579.36,E-Commerce,Delhi,379,1,Personal,2698.99,Success,Mobile_App,Expired,0,21
TXN000002186,CUST070068,2019-01-08,09:40,NRI,UPI,732.14,Debit,17786.37,Entertainment,Rajasthan,721,0,No loan,0.0,Success,Web,Verified,0,9
TXN000002187,CUST064028,2019-01-08,12:24,Current,UPI,950.99,Credit,58889.77,Peer Transfer,Karnataka,515,0,No loan,0.0,Success,API,Verified,0,12
TXN000002188,CUST057907,2019-01-08,02:10,Salary,POS,1947.4,Debit,21108.71,Travel,Maharashtra,462,1,Personal,3983.8,Success,API,Verified,0,2
TXN000002189,CUST028139,2019-01-08,16:28,Fixed Deposit,IMPS,2183.8,Debit,88014.31,Education,Karnataka,892,0,No loan,0.0,Success,Web,Verified,0,16
TXN000002190,CUST029957,2019-01-08,19:47,Current,UPI,829.49,Debit,2640.59,Salary,Tamil Nadu,734,1,Personal,1252.22,Success,POS_Terminal,Verified,0,19
TXN000002191,CUST076296,2019-01-08,14:11,NRI,UPI,406.97,Debit,33769.24,Insurance,Maharashtra,522,0,No loan,0.0,Pending,Mobile_App,Verified,0,14
TXN000002192,CUST005440,2019-01-08,22:13,Savings,RTGS,51090.66,Credit,24730.97,E-Commerce,Maharashtra,578,1,Personal,7119.17,Success,API,Verified,0,22
TXN000002193,CUST047242,2019-01-08,17:17,Savings,Credit_Card,3134.99,Debit,148473.8,E-Commerce,Punjab,800,0,No loan,0.0,Success,ATM,Verified,0,17
TXN000002194,CUST042534,2019-01-08,10:38,Current,UPI,1754.82,Credit,36958.5,Retail,West Bengal,579,0,No loan,0.0,Success,Web,Verified,0,10
TXN000002195,CUST028271,2019-01-08,18:10,Current,UPI,178.25,Debit,90855.21,E-Commerce,Rajasthan,481,0,No loan,0.0,Success,Mobile_App,Verified,0,18
TXN000002196,CUST078816,2019-01-08,07:28,Fixed Deposit,UPI,13305.5,Debit,41541.46,Insurance,Maharashtra,379,1,Home,1772.78,Success,API,Verified,0,7
TXN000002197,CUST039280,2019-01-08,06:35,Savings,NEFT,9016.98,Debit,21056.39,Retail,West Bengal,709,0,No loan,0.0,Success,Mobile_App,Verified,0,6
TXN000002198,CUST023889,2019-01-08,01:41,Fixed Deposit,Credit_Card,1558.13,Debit,3349.62,E-Commerce,Rajasthan,662,0,No loan,0.0,Success,Web,Verified,0,1
TXN000002199,CUST017631,2019-01-08,23:44,Salary,NEFT,1722.89,Debit,506082.32,Retail,Karnataka,659,0,No loan,0.0,Pending,Web,Verified,0,23
TXN000002200,CUST061064,2019-01-08,21:18,Fixed Deposit,POS,688.11,Debit,15697.03,Utilities,Delhi,623,1,Home,3315.76,Success,Mobile_App,Verified,0,21
TXN000002201,CUST035145,2019-01-08,21:23,Current,IMPS,1555.05,Credit,4439.09,Salary,Tamil Nadu,611,0,No loan,0.0,Success,Web,Verified,0,21
TXN000002202,CUST052162,2019-01-08,00:53,Savings,UPI,775.86,Credit,144950.53,Travel,Delhi,885,0,No loan,0.0,Success,API,Verified,0,0
TXN000002203,CUST077361,2019-01-08,21:39,Savings,NEFT,19844.77,Debit,11340.92,Healthcare,Karnataka,325,1,Personal,10230.72,Success,ATM,Verified,0,21
TXN000002204,CUST050980,2019-01-08,07:45,Savings,NEFT,6037.62,Credit,304560.07,Travel,Maharashtra,722,0,No loan,0.0,Success,Mobile_App,Verified,0,7
TXN000002205,CUST006980,2019-01-08,02:50,Current,POS,389.0,Debit,57384.3,Government,Telangana,534,1,Education,12258.03,Success,ATM,Verified,0,2
TXN000002206,CUST026190,2019-01-08,21:46,NRI,NEFT,11455.62,Credit,76372.8,Insurance,Tamil Nadu,412,1,Auto,8467.61,Success,Web,Verified,0,21
TXN000002207,CUST042601,2019-01-08,07:11,Current,UPI,563.32,Debit,46200.16,Government,Maharashtra,471,1,Unknown,1539.79,Success,Mobile_App,Verified,0,7
TXN000002208,CUST059561,2019-01-08,16:52,NRI,RTGS,75347.08,Credit,36759.39,Government,Tamil Nadu,820,0,No loan,0.0,Failed,ATM,Verified,0,16
TXN000002209,CUST078041,2019-01-08,17:27,Fixed Deposit,NEFT,148912.77,Credit,23908.16,Retail,Telangana,481,0,No loan,0.0,Success,Web,Verified,1,17
TXN000002210,CUST061559,2019-01-08,16:12,Savings,NEFT,29163.49,Credit,10316.14,E-Commerce,Karnataka,844,0,No loan,0.0,Success,POS_Terminal,Verified,0,16
TXN000002211,CUST006911,2019-01-08,23:26,Salary,IMPS,317.78,Debit,68886.13,Peer Transfer,Karnataka,519,1,Personal,10762.01,Success,Mobile_App,Pending,0,23
TXN000002212,CUST057714,2019-01-08,05:07,Current,Cheque,163561.99,Debit,414591.84,Food & Dining,Tamil Nadu,781,1,Personal,10865.84,Success,ATM,Verified,0,5
TXN000002213,CUST046858,2019-01-08,01:46,Fixed Deposit,ATM_Withdrawal,1000.0,Debit,1562.54,Peer Transfer,Delhi,359,0,No loan,0.0,Success,Web,Verified,0,1
TXN000002214,CUST034965,2019-01-08,06:14,Savings,UPI,614.21,Credit,353132.21,Salary,Delhi,331,0,No loan,0.0,Success,Mobile_App,Verified,0,6
TXN000002215,CUST025228,2019-01-08,12:25,Current,UPI,5263.16,Credit,17251.61,Salary,Maharashtra,835,0,No loan,0.0,Pending,POS_Terminal,Verified,0,12
TXN000002216,CUST005979,2019-01-08,06:46,Savings,RTGS,88192.81,Credit,95772.0,Salary,Rajasthan,534,0,No loan,0.0,Success,Mobile_App,Verified,0,6
TXN000002217,CUST017154,2019-01-08,22:25,Savings,ATM_Withdrawal,5000.0,Debit,71692.16,Education,Maharashtra,304,0,No loan,0.0,Success,Mobile_App,Verified,0,22
TXN000002218,CUST059766,2019-01-08,22:04,Savings,Auto_Debit,1783.48,Debit,62234.63,Healthcare,Gujarat,680,0,No loan,0.0,Success,POS_Terminal,Verified,0,22
TXN000002219,CUST039072,2019-01-08,06:43,Salary,UPI,498.55,Credit,14139.52,Entertainment,West Bengal,608,1,Business,5560.02,Success,ATM,Verified,0,6
TXN000002220,CUST069520,2019-01-08,00:02,Fixed Deposit,UPI,272.4,Credit,29176.68,E-Commerce,Punjab,636,0,No loan,0.0,Success,POS_Terminal,Verified,0,0
TXN000002221,CUST009504,2019-01-08,06:41,Salary,RTGS,626520.33,Debit,56119.87,Retail,Delhi,479,1,Home,2863.78,Success,Web,Verified,0,6
TXN000002222,CUST060704,2019-01-08,09:44,Salary,Credit_Card,2061.76,Debit,81106.43,Retail,Maharashtra,312,0,No loan,0.0,Success,Web,Verified,0,9
TXN000002223,CUST064380,2019-01-08,13:38,Savings,ATM_Withdrawal,500.0,Debit,24906.99,Retail,Gujarat,375,1,Gold,4570.74,Success,Branch,Verified,0,13
TXN000002224,CUST057867,2019-01-08,23:14,Current,Auto_Debit,2484.07,Debit,56328.4,Investment,Punjab,801,0,No loan,0.0,Success,ATM,Verified,0,23
TXN000002225,CUST016906,2019-01-08,07:31,Salary,IMPS,179.95,Credit,11530.51,Insurance,Maharashtra,628,0,No loan,0.0,Success,Web,Verified,0,7
TXN000002226,CUST045839,2019-01-08,06:27,NRI,RTGS,80144.18,Debit,118175.04,Retail,Rajasthan,872,0,No loan,0.0,Success,ATM,Verified,0,6
TXN000002227,CUST058280,2019-01-08,10:53,Savings,Net_Banking,49855.09,Debit,14850.16,E-Commerce,Maharashtra,397,0,No loan,0.0,Success,Web,Pending,0,10
TXN000002228,CUST026807,2019-01-08,04:25,Salary,UPI,240.71,Credit,111674.31,E-Commerce,Maharashtra,831,1,Business,4899.53,Success,ATM,Verified,0,4
TXN000002229,CUST045001,2019-01-08,09:16,Savings,NEFT,28635.27,Credit,76974.21,Salary,West Bengal,886,0,No loan,0.0,Success,Web,Verified,0,9
TXN000002230,CUST022169,2019-01-08,07:12,Salary,RTGS,490749.31,Credit,43563.07,Salary,Telangana,887,1,Personal,1827.18,Success,Mobile_App,Expired,0,7
TXN000002231,CUST070120,2019-01-08,19:54,Savings,UPI,1874.67,Debit,164374.58,Investment,Delhi,409,0,No loan,0.0,Failed,Web,Verified,0,19
TXN000002232,CUST038715,2019-01-08,20:51,Current,NEFT,86434.04,Credit,8543.16,Fuel,Delhi,804,0,No loan,0.0,Success,Mobile_App,Verified,0,20
TXN000002233,CUST054094,2019-01-08,19:04,Current,ATM_Withdrawal,2000.0,Debit,17854.03,Salary,Maharashtra,356,0,No loan,0.0,Success,Branch,Verified,0,19
TXN000002234,CUST055420,2019-01-08,08:03,Salary,Net_Banking,19890.73,Credit,16402.17,Retail,Tamil Nadu,503,1,Personal,10481.45,Success,Branch,Verified,0,8
TXN000002235,CUST049146,2019-01-08,17:36,NRI,NEFT,7230.72,Credit,122271.58,Insurance,Karnataka,580,0,No loan,0.0,Success,ATM,Pending,0,17
TXN000002236,CUST077426,2019-01-08,23:15,Current,RTGS,100299.7,Debit,78682.51,Entertainment,Gujarat,753,1,Personal,3116.11,Success,Web,Verified,0,23
TXN000002237,CUST077812,2019-01-08,11:48,Savings,UPI,468.75,Credit,51073.06,Insurance,Maharashtra,524,1,Auto,16126.85,Success,Branch,Expired,0,11
TXN000002238,CUST002462,2019-01-08,14:26,Fixed Deposit,NEFT,117.79,Credit,21566.73,Real Estate,Delhi,379,1,Personal,10719.76,Success,Mobile_App,Expired,0,14
TXN000002239,CUST014292,2019-01-08,03:56,Savings,UPI,2533.94,Debit,7294.4,Travel,UP,727,0,No loan,0.0,Success,Mobile_App,Pending,0,3
TXN000002240,CUST046805,2019-01-08,22:43,Savings,NEFT,21986.85,Credit,75712.74,Insurance,Telangana,477,0,No loan,0.0,Success,POS_Terminal,Pending,0,22
TXN000002241,CUST076972,2019-01-08,14:28,Savings,NEFT,4234.87,Debit,62042.22,Utilities,Delhi,700,0,No loan,0.0,Success,Web,Verified,0,14
TXN000002242,CUST064947,2019-01-08,14:31,Salary,UPI,694.65,Credit,7004.02,Food & Dining,Maharashtra,376,1,Education,4371.83,Success,ATM,Verified,0,14
TXN000002243,CUST061333,2019-01-08,13:25,Savings,IMPS,2909.08,Debit,128564.94,Entertainment,Tamil Nadu,779,1,Personal,20013.23,Success,Web,Verified,0,13
TXN000002244,CUST077795,2019-01-08,00:41,Savings,Auto_Debit,2535.47,Debit,15653.6,Government,Maharashtra,305,1,Unknown,2825.18,Pending,API,Verified,0,0
TXN000002245,CUST030842,2019-01-08,17:49,Salary,UPI,1007.05,Debit,13134.8,Travel,Maharashtra,616,1,Auto,4779.83,Success,POS_Terminal,Verified,0,17
TXN000002246,CUST048759,2019-01-08,04:26,Salary,UPI,1065.42,Debit,27707.84,Government,Tamil Nadu,377,1,Home,4292.67,Success,Web,Verified,0,4
TXN000002247,CUST076273,2019-01-08,05:50,Savings,UPI,3181.41,Credit,3931.32,Retail,Rajasthan,847,1,Home,7068.51,Success,Mobile_App,Verified,0,5
TXN000002248,CUST037644,2019-01-08,04:31,Salary,RTGS,168784.16,Credit,17658.11,Entertainment,Tamil Nadu,686,0,No loan,0.0,Success,Branch,Verified,0,4
TXN000002249,CUST050409,2019-01-08,22:11,NRI,NEFT,78271.34,Credit,6493.77,Investment,Gujarat,410,0,No loan,0.0,Success,Branch,Verified,0,22
TXN000002250,CUST043951,2019-01-08,04:38,Current,UPI,455.29,Credit,63327.76,Retail,Maharashtra,747,1,Personal,2858.1,Success,API,Verified,0,4
TXN000002251,CUST056850,2019-01-08,03:20,Current,POS,1354.56,Debit,29965.39,Food & Dining,Maharashtra,513,1,Personal,7894.27,Success,Branch,Verified,0,3
TXN000002252,CUST028045,2019-01-08,19:45,Salary,NEFT,18173.09,Credit,6682.47,Salary,Rajasthan,333,0,No loan,0.0,Reversed,Mobile_App,Verified,0,19
TXN000002253,CUST015998,2019-01-08,18:33,Salary,NEFT,9566.02,Credit,308043.47,Insurance,Gujarat,608,0,No loan,0.0,Success,Mobile_App,Verified,0,18
TXN000002254,CUST079752,2019-01-08,21:35,Current,Auto_Debit,4104.9,Debit,35545.47,Retail,UP,450,0,No loan,0.0,Success,Mobile_App,Verified,0,21
TXN000002255,CUST023912,2019-01-08,05:59,Salary,UPI,326.34,Debit,71744.82,Investment,Maharashtra,630,1,Education,5772.19,Success,POS_Terminal,Pending,0,5
TXN000002256,CUST055534,2019-01-08,12:40,Current,UPI,854.86,Debit,111777.93,E-Commerce,Maharashtra,331,0,No loan,0.0,Success,Mobile_App,Verified,0,12
TXN000002257,CUST014572,2019-01-08,18:58,Current,RTGS,61276.2,Credit,97925.24,Retail,Karnataka,621,0,No loan,0.0,Success,POS_Terminal,Verified,0,18
TXN000002258,CUST057942,2019-01-08,03:44,Salary,UPI,843.4,Debit,80458.43,Utilities,Maharashtra,578,0,No loan,0.0,Success,Web,Verified,0,3
TXN000002259,CUST058006,2019-01-08,16:13,Current,UPI,116.26,Credit,27969.75,Investment,Delhi,301,0,No loan,0.0,Success,Mobile_App,Verified,0,16
TXN000002260,CUST058713,2019-01-08,11:41,Current,IMPS,65939.1,Credit,30273.35,Peer Transfer,Rajasthan,311,1,Home,4071.91,Success,Web,Verified,0,11
TXN000002261,CUST043542,2019-01-08,03:04,Current,ATM_Withdrawal,500.0,Debit,65124.03,Food & Dining,Telangana,747,0,No loan,0.0,Success,Branch,Verified,0,3
TXN000002262,CUST023388,2019-01-08,09:36,Fixed Deposit,Cheque,213991.19,Credit,35055.72,Healthcare,Punjab,643,0,No loan,0.0,Success,ATM,Verified,0,9
TXN000002263,CUST048909,2019-01-08,00:44,Fixed Deposit,NEFT,153380.87,Credit,18858.56,Travel,Maharashtra,436,0,No loan,0.0,Success,Branch,Verified,0,0
TXN000002264,CUST013058,2019-01-08,21:45,Salary,IMPS,1088.73,Debit,274224.15,Retail,Tamil Nadu,352,1,Auto,9335.02,Success,Mobile_App,Verified,0,21
TXN000002265,CUST064029,2019-01-08,00:03,Savings,UPI,285.21,Credit,11665.54,Food & Dining,Telangana,567,0,No loan,0.0,Success,API,Verified,0,0
TXN000002266,CUST055732,2019-01-08,18:35,Current,IMPS,30082.14,Debit,6274.96,Peer Transfer,Rajasthan,791,0,No loan,0.0,Success,Web,Verified,0,18
TXN000002267,CUST024859,2019-01-08,17:13,Salary,RTGS,223628.3,Debit,2483.44,Utilities,Karnataka,630,1,Unknown,10457.14,Success,Mobile_App,Verified,0,17
TXN000002268,CUST048690,2019-01-08,23:01,Current,Net_Banking,34208.29,Debit,88346.45,Peer Transfer,West Bengal,731,0,No loan,0.0,Success,Mobile_App,Verified,0,23
TXN000002269,CUST044639,2019-01-08,15:05,Salary,POS,815.97,Debit,29126.03,Retail,Maharashtra,591,0,No loan,0.0,Success,ATM,Verified,0,15
TXN000002270,CUST046487,2019-01-08,09:55,Savings,UPI,658.99,Credit,2862.33,Healthcare,West Bengal,601,1,Education,2957.41,Success,Web,Verified,0,9
TXN000002271,CUST020568,2019-01-08,21:57,Savings,UPI,1731.88,Credit,39388.67,Retail,West Bengal,711,0,No loan,0.0,Success,Mobile_App,Verified,0,21
TXN000002272,CUST029740,2019-01-08,08:50,Savings,Net_Banking,2804.1,Credit,86006.47,Salary,Punjab,451,1,Personal,4493.54,Success,ATM,Pending,0,8
TXN000002273,CUST057805,2019-01-08,02:07,Savings,Auto_Debit,2957.93,Debit,18715.19,Food & Dining,Punjab,422,0,No loan,0.0,Success,Mobile_App,Verified,0,2
TXN000002274,CUST003755,2019-01-08,00:47,Salary,IMPS,688.19,Debit,11115.25,E-Commerce,Tamil Nadu,483,0,No loan,0.0,Success,ATM,Expired,0,0
TXN000002275,CUST027045,2019-01-08,20:26,Fixed Deposit,POS,1534.6,Debit,69730.64,Entertainment,Maharashtra,622,0,No loan,0.0,Success,Mobile_App,Verified,0,20
TXN000002276,CUST067261,2019-01-08,03:46,Current,UPI,546.51,Debit,67058.16,Entertainment,Telangana,407,1,Personal,2610.01,Success,POS_Terminal,Verified,0,3
TXN000002277,CUST066913,2019-01-08,22:37,Fixed Deposit,NEFT,37069.81,Debit,6539.78,Travel,Tamil Nadu,574,0,No loan,0.0,Success,Mobile_App,Verified,0,22
TXN000002278,CUST008707,2019-01-08,11:15,NRI,NEFT,6505.66,Credit,33588.61,E-Commerce,Rajasthan,762,1,Business,8275.23,Success,Mobile_App,Verified,0,11
TXN000002279,CUST008895,2019-01-08,03:29,Current,NEFT,9451.58,Debit,31559.53,Entertainment,Gujarat,597,0,No loan,0.0,Success,Web,Verified,0,3
TXN000002280,CUST018038,2019-01-08,07:02,Savings,Cheque,27154.63,Credit,4864.57,Government,Rajasthan,367,0,No loan,0.0,Success,Mobile_App,Verified,0,7
TXN000002281,CUST051613,2019-01-08,15:09,NRI,NEFT,19021.67,Credit,80665.88,Peer Transfer,Telangana,571,0,No loan,0.0,Success,Web,Verified,0,15
TXN000002282,CUST029726,2019-01-08,14:58,NRI,UPI,2560.26,Debit,275321.83,Government,Karnataka,661,0,No loan,0.0,Success,Mobile_App,Verified,0,14
TXN000002283,CUST005927,2019-01-08,13:28,Savings,ATM_Withdrawal,500.0,Debit,139752.87,E-Commerce,Tamil Nadu,389,1,Education,7590.57,Success,Mobile_App,Verified,0,13
TXN000002284,CUST009497,2019-01-08,04:55,Salary,ATM_Withdrawal,2000.0,Debit,283362.09,Retail,Karnataka,404,1,Business,8675.01,Failed,Web,Verified,0,4
TXN000002285,CUST056448,2019-01-08,05:54,Savings,IMPS,6318.96,Credit,128706.92,Peer Transfer,Maharashtra,415,0,No loan,0.0,Success,Web,Verified,0,5
TXN000002286,CUST029807,2019-01-08,01:38,Savings,POS,779.85,Debit,17971.49,Real Estate,Punjab,554,1,Business,5621.09,Success,Mobile_App,Verified,0,1
TXN000002287,CUST041322,2019-01-08,14:20,Current,UPI,5008.06,Credit,180483.91,E-Commerce,Rajasthan,834,0,No loan,0.0,Success,API,Verified,0,14
TXN000002288,CUST065096,2019-01-08,13:47,NRI,UPI,823.65,Debit,2476.29,Salary,Karnataka,587,0,No loan,0.0,Success,POS_Terminal,Verified,0,13
TXN000002289,CUST022657,2019-01-08,03:00,Current,Credit_Card,1325.46,Debit,113369.35,Travel,Tamil Nadu,315,0,No loan,0.0,Success,POS_Terminal,Verified,0,3
TXN000002290,CUST055148,2019-01-08,10:39,Salary,UPI,1691.78,Credit,32945.65,Healthcare,Karnataka,397,1,Home,5431.68,Success,ATM,Verified,0,10
TXN000002291,CUST049667,2019-01-08,07:49,Savings,Auto_Debit,626.67,Debit,10719.27,Fuel,Delhi,378,0,No loan,0.0,Success,Mobile_App,Verified,0,7
TXN000002292,CUST038788,2019-01-08,08:23,Savings,POS,1124.34,Debit,16433.85,Travel,Punjab,894,1,Auto,2922.22,Success,POS_Terminal,Verified,0,8
TXN000002293,CUST062947,2019-01-08,00:48,Current,Net_Banking,15490.68,Debit,12346.14,Salary,Maharashtra,890,0,No loan,0.0,Success,API,Verified,0,0
TXN000002294,CUST021728,2019-01-08,06:52,Savings,POS,35438.35,Debit,47551.01,Healthcare,Karnataka,459,1,Auto,5856.74,Success,Mobile_App,Verified,0,6
TXN000002295,CUST068057,2019-01-08,23:33,Current,Cheque,32640.8,Debit,31661.47,Peer Transfer,Maharashtra,847,0,No loan,0.0,Success,Mobile_App,Verified,0,23
TXN000002296,CUST003082,2019-01-08,04:20,Savings,POS,298.79,Debit,17383.49,Fuel,Gujarat,312,1,Gold,26552.25,Success,POS_Terminal,Verified,0,4
TXN000002297,CUST034197,2019-01-08,18:13,Current,Net_Banking,13819.71,Credit,29514.91,Entertainment,Delhi,799,0,No loan,0.0,Failed,Mobile_App,Verified,0,18
TXN000002298,CUST036736,2019-01-08,04:46,Savings,NEFT,5765.55,Debit,77142.92,Food & Dining,Delhi,432,0,No loan,0.0,Pending,Web,Verified,0,4
TXN000002299,CUST079579,2019-01-08,23:37,Current,UPI,728.07,Debit,150745.96,Retail,Karnataka,717,1,Home,14436.24,Success,POS_Terminal,Verified,0,23
TXN000002300,CUST025499,2019-01-08,23:38,Savings,ATM_Withdrawal,10000.0,Debit,15738.71,Travel,Maharashtra,589,0,No loan,0.0,Success,Mobile_App,Pending,1,23
TXN000002301,CUST076866,2019-01-08,05:06,Salary,UPI,1101.08,Debit,42250.69,Salary,Rajasthan,353,1,Personal,1836.2,Success,API,Verified,0,5
TXN000002302,CUST031657,2019-01-08,00:08,Current,ATM_Withdrawal,1000.0,Debit,42252.73,Fuel,Karnataka,544,0,No loan,0.0,Success,Mobile_App,Expired,0,0
TXN000002303,CUST067696,2019-01-08,15:16,Current,ATM_Withdrawal,1000.0,Debit,19894.14,Food & Dining,Delhi,742,1,Personal,1618.42,Success,Branch,Verified,0,15
TXN000002304,CUST037901,2019-01-08,16:54,Current,ATM_Withdrawal,3000.0,Debit,18607.99,E-Commerce,Karnataka,476,1,Education,14813.81,Success,Mobile_App,Verified,0,16
TXN000002305,CUST047702,2019-01-08,11:22,NRI,Net_Banking,3778.8,Debit,39616.07,Utilities,Maharashtra,379,0,No loan,0.0,Success,Web,Verified,0,11
TXN000002306,CUST019034,2019-01-08,00:37,Current,IMPS,16456.43,Debit,25918.79,Insurance,Karnataka,536,0,No loan,0.0,Success,ATM,Expired,0,0
TXN000002307,CUST010806,2019-01-08,02:00,Savings,ATM_Withdrawal,1000.0,Debit,38705.49,E-Commerce,Tamil Nadu,800,0,No loan,0.0,Success,Mobile_App,Verified,0,2
TXN000002308,CUST035852,2019-01-08,08:29,Savings,Credit_Card,3599.65,Debit,66669.99,Healthcare,Karnataka,355,0,No loan,0.0,Success,Web,Verified,0,8
TXN000002309,CUST026833,2019-01-08,01:35,Current,Auto_Debit,16226.48,Debit,725979.41,Travel,Karnataka,550,0,No loan,0.0,Success,Mobile_App,Verified,0,1
TXN000002310,CUST063438,2019-01-08,08:44,Salary,UPI,309.3,Debit,162027.25,Retail,Gujarat,389,1,Auto,2664.23,Success,Mobile_App,Verified,0,8
TXN000002311,CUST013945,2019-01-08,13:33,Salary,POS,654.59,Debit,90083.8,Utilities,Karnataka,535,1,Unknown,2408.69,Success,ATM,Verified,0,13
TXN000002312,CUST019874,2019-01-08,15:47,NRI,Auto_Debit,470.73,Debit,6543.36,Entertainment,Gujarat,628,0,No loan,0.0,Success,POS_Terminal,Verified,0,15
TXN000002313,CUST040373,2019-01-08,21:56,NRI,Auto_Debit,2856.17,Debit,30796.0,Retail,Karnataka,521,0,No loan,0.0,Success,Web,Pending,0,21
TXN000002314,CUST015380,2019-01-08,15:58,Current,NEFT,30696.38,Debit,30251.14,Healthcare,Gujarat,408,1,Business,3276.3,Success,Mobile_App,Verified,0,15
TXN000002315,CUST036752,2019-01-08,01:32,Savings,UPI,1208.2,Credit,2667.64,Salary,Karnataka,670,0,No loan,0.0,Success,Web,Verified,0,1
TXN000002316,CUST005111,2019-01-08,13:44,Savings,NEFT,8646.97,Debit,3443.2,Investment,West Bengal,444,0,No loan,0.0,Success,Mobile_App,Verified,0,13
TXN000002317,CUST054342,2019-01-08,16:04,Savings,ATM_Withdrawal,2000.0,Debit,38239.67,Travel,Karnataka,529,0,No loan,0.0,Success,Mobile_App,Verified,0,16
TXN000002318,CUST012088,2019-01-08,13:48,Fixed Deposit,IMPS,1243.21,Debit,16358.66,Peer Transfer,Delhi,341,1,Unknown,1498.19,Success,Mobile_App,Expired,1,13
TXN000002319,CUST023763,2019-01-08,02:54,Savings,Net_Banking,209.41,Debit,64606.9,Utilities,Tamil Nadu,713,0,No loan,0.0,Success,POS_Terminal,Verified,0,2
TXN000002320,CUST009597,2019-01-08,18:11,Savings,POS,864.7,Debit,180086.58,Food & Dining,Tamil Nadu,760,0,No loan,0.0,Success,Web,Pending,0,18
TXN000002321,CUST018314,2019-01-08,11:06,Savings,UPI,486.89,Credit,109717.8,Entertainment,Punjab,404,1,Auto,5571.36,Success,Web,Verified,0,11
TXN000002322,CUST066550,2019-01-08,20:05,Current,RTGS,76249.9,Credit,61079.11,Food & Dining,Maharashtra,605,1,Home,6148.77,Success,API,Verified,0,20
TXN000002323,CUST023706,2019-01-08,18:28,Savings,ATM_Withdrawal,500.0,Debit,25110.93,Food & Dining,Delhi,767,1,Home,2146.43,Reversed,Mobile_App,Verified,0,18
TXN000002324,CUST067365,2019-01-08,01:38,Savings,RTGS,480024.93,Credit,73387.21,Peer Transfer,Tamil Nadu,718,0,No loan,0.0,Success,ATM,Verified,0,1
TXN000002325,CUST073446,2019-01-08,06:23,Savings,RTGS,275175.33,Credit,22877.95,Education,Delhi,840,0,No loan,0.0,Success,Mobile_App,Verified,0,6
TXN000002326,CUST078646,2019-01-08,06:04,Savings,ATM_Withdrawal,2000.0,Debit,374932.36,E-Commerce,Maharashtra,421,1,Home,3102.33,Success,Mobile_App,Verified,0,6
TXN000002327,CUST002024,2019-01-08,23:43,Current,UPI,1768.82,Debit,49730.78,Real Estate,Maharashtra,585,0,No loan,0.0,Success,API,Verified,0,23
TXN000002328,CUST059797,2019-01-08,07:44,NRI,RTGS,275977.97,Debit,8774.09,Utilities,Delhi,636,0,No loan,0.0,Success,API,Verified,0,7
TXN000002329,CUST064430,2019-01-08,15:25,Current,NEFT,45119.56,Debit,31697.88,Travel,Maharashtra,706,0,No loan,0.0,Success,Mobile_App,Verified,0,15
TXN000002330,CUST061628,2019-01-08,06:36,Savings,POS,1825.56,Debit,15295.28,Entertainment,Gujarat,613,0,No loan,0.0,Success,Mobile_App,Verified,0,6
TXN000002331,CUST033849,2019-01-08,01:52,Savings,Auto_Debit,1447.02,Debit,6072.93,Travel,Maharashtra,541,0,No loan,0.0,Success,ATM,Verified,0,1
TXN000002332,CUST037805,2019-01-08,13:31,Salary,NEFT,10304.61,Credit,41436.89,Retail,Gujarat,782,0,No loan,0.0,Pending,Web,Verified,0,13
TXN000002333,CUST015380,2019-01-08,00:03,Savings,UPI,399.9,Credit,17590.85,Government,Maharashtra,715,0,No loan,0.0,Reversed,ATM,Expired,0,0
TXN000002334,CUST059665,2019-01-08,08:31,Savings,Net_Banking,4440.36,Debit,38363.95,Real Estate,Gujarat,705,0,No loan,0.0,Success,Mobile_App,Pending,0,8
TXN000002335,CUST027767,2019-01-08,10:03,Savings,ATM_Withdrawal,2000.0,Debit,3511.72,Travel,Tamil Nadu,392,0,No loan,0.0,Success,Mobile_App,Verified,0,10
TXN000002336,CUST068100,2019-01-08,11:05,Savings,Cheque,515621.85,Debit,28746.12,Investment,Delhi,583,0,No loan,0.0,Success,Web,Verified,0,11
TXN000002337,CUST036061,2019-01-08,17:30,Savings,NEFT,8102.22,Credit,11502.28,Peer Transfer,Punjab,470,1,Personal,6739.46,Success,Mobile_App,Verified,0,17
TXN000002338,CUST069123,2019-01-08,12:36,Savings,Cheque,73662.68,Debit,26525.28,Healthcare,West Bengal,823,0,No loan,0.0,Success,POS_Terminal,Pending,0,12
TXN000002339,CUST016088,2019-01-08,23:30,Salary,Net_Banking,7956.19,Debit,8823.45,Fuel,Tamil Nadu,334,0,No loan,0.0,Success,Mobile_App,Verified,0,23
TXN000002340,CUST048869,2019-01-08,06:30,Savings,POS,740.95,Debit,49136.68,Food & Dining,Maharashtra,752,1,Personal,1568.45,Success,API,Verified,0,6
TXN000002341,CUST023226,2019-01-08,12:41,Current,Cheque,7323.59,Debit,130270.76,Utilities,Telangana,738,0,No loan,0.0,Success,Web,Verified,0,12
TXN000002342,CUST006644,2019-01-08,15:32,Current,IMPS,12836.06,Credit,83567.0,Healthcare,Karnataka,853,0,No loan,0.0,Success,API,Verified,0,15
TXN000002343,CUST036728,2019-01-08,05:14,Salary,POS,773.05,Debit,194733.83,Utilities,Maharashtra,387,1,Auto,13575.16,Success,Mobile_App,Verified,0,5
TXN000002344,CUST011006,2019-01-08,19:58,Current,IMPS,2301.03,Debit,20767.73,Salary,Karnataka,631,0,No loan,0.0,Success,Mobile_App,Verified,0,19
TXN000002345,CUST065698,2019-01-08,06:26,Savings,UPI,22.05,Credit,33565.54,Government,Tamil Nadu,635,0,No loan,0.0,Success,Web,Verified,0,6
TXN000002346,CUST016030,2019-01-08,02:43,Fixed Deposit,IMPS,492.57,Debit,61143.84,Retail,Punjab,303,1,Home,2373.65,Success,API,Verified,0,2
TXN000002347,CUST014227,2019-01-08,17:51,Current,UPI,391.92,Credit,23563.53,Utilities,Telangana,321,0,No loan,0.0,Failed,ATM,Verified,0,17
TXN000002348,CUST063647,2019-01-08,07:14,Salary,ATM_Withdrawal,2000.0,Debit,106476.47,Utilities,Karnataka,660,0,No loan,0.0,Success,Web,Verified,0,7
TXN000002349,CUST060604,2019-01-08,05:23,NRI,NEFT,8090.22,Debit,62087.89,Healthcare,Delhi,598,0,No loan,0.0,Success,Mobile_App,Verified,0,5
TXN000002350,CUST028732,2019-01-08,22:01,Salary,IMPS,8564.25,Credit,13133.99,E-Commerce,West Bengal,461,0,No loan,0.0,Success,Branch,Verified,0,22
TXN000002351,CUST068927,2019-01-08,09:32,NRI,UPI,533.09,Credit,229500.27,Healthcare,Maharashtra,316,0,No loan,0.0,Success,POS_Terminal,Verified,0,9
TXN000002352,CUST005998,2019-01-08,00:26,Savings,IMPS,6331.79,Credit,4694.1,Food & Dining,Gujarat,417,0,No loan,0.0,Success,Mobile_App,Verified,0,0
TXN000002353,CUST055507,2019-01-08,02:18,Salary,UPI,705.73,Debit,17679.89,Travel,Tamil Nadu,896,1,Personal,4230.19,Success,Web,Verified,0,2
TXN000002354,CUST078230,2019-01-08,23:36,NRI,POS,571.5,Debit,18031.73,Government,UP,594,0,No loan,0.0,Success,Mobile_App,Verified,0,23
TXN000002355,CUST049816,2019-01-08,03:31,Salary,POS,152.93,Debit,46186.99,Food & Dining,Maharashtra,488,1,Home,2898.37,Success,Mobile_App,Verified,0,3
TXN000002356,CUST042093,2019-01-08,07:31,Current,NEFT,11457.36,Credit,37213.48,E-Commerce,Maharashtra,891,1,Education,3055.31,Success,POS_Terminal,Verified,0,7
TXN000002357,CUST062540,2019-01-08,08:52,Current,ATM_Withdrawal,1000.0,Debit,133528.61,Food & Dining,West Bengal,832,0,No loan,0.0,Success,Web,Verified,0,8
TXN000002358,CUST066078,2019-01-08,11:28,Savings,Cheque,2398.3,Debit,34403.19,Food & Dining,Maharashtra,672,0,No loan,0.0,Failed,Web,Expired,0,11
TXN000002359,CUST021818,2019-01-08,06:29,Current,Credit_Card,18780.51,Debit,64330.73,Food & Dining,Karnataka,456,1,Unknown,6234.37,Success,ATM,Verified,0,6
TXN000002360,CUST037862,2019-01-08,15:44,Savings,ATM_Withdrawal,1000.0,Debit,33309.22,Healthcare,Karnataka,539,0,No loan,0.0,Success,Mobile_App,Verified,0,15
TXN000002361,CUST013429,2019-01-08,11:10,Savings,UPI,210.9,Debit,33869.34,Food & Dining,West Bengal,765,0,No loan,0.0,Success,Mobile_App,Verified,0,11
TXN000002362,CUST043935,2019-01-08,19:56,Salary,IMPS,5026.01,Credit,6442.17,E-Commerce,Telangana,840,0,No loan,0.0,Success,ATM,Verified,0,19
TXN000002363,CUST010259,2019-01-08,09:17,Salary,UPI,143.44,Debit,33585.24,Government,Gujarat,854,0,No loan,0.0,Success,Mobile_App,Pending,0,9
TXN000002364,CUST057776,2019-01-08,21:16,Current,Net_Banking,52480.93,Debit,58953.26,Travel,Telangana,408,0,No loan,0.0,Success,Web,Expired,0,21
TXN000002365,CUST005470,2019-01-08,07:32,Savings,RTGS,338434.76,Debit,32017.53,Travel,Karnataka,848,0,No loan,0.0,Success,Mobile_App,Verified,0,7
TXN000002366,CUST028855,2019-01-08,17:57,Salary,UPI,3117.27,Credit,8878.28,Entertainment,Maharashtra,444,0,No loan,0.0,Success,Mobile_App,Verified,0,17
TXN000002367,CUST006257,2019-01-08,07:54,Salary,IMPS,5249.22,Debit,9084.78,E-Commerce,Maharashtra,580,0,No loan,0.0,Success,Mobile_App,Verified,0,7
TXN000002368,CUST076257,2019-01-08,00:46,Savings,UPI,1535.96,Debit,50991.38,E-Commerce,Telangana,422,0,No loan,0.0,Success,Web,Verified,0,0
TXN000002369,CUST033938,2019-01-08,19:41,Savings,NEFT,33698.45,Debit,21398.4,Salary,Telangana,449,1,Home,5341.0,Success,Mobile_App,Verified,0,19
TXN000002370,CUST001652,2019-01-08,11:08,Current,RTGS,204021.79,Credit,80292.89,Insurance,Gujarat,635,0,No loan,0.0,Success,API,Verified,0,11
TXN000002371,CUST050289,2019-01-08,09:19,Current,UPI,279.1,Debit,27420.6,Retail,Delhi,699,0,No loan,0.0,Success,POS_Terminal,Verified,0,9
TXN000002372,CUST025052,2019-01-08,05:55,Salary,UPI,3498.24,Debit,3832.76,Insurance,Tamil Nadu,855,0,No loan,0.0,Success,Branch,Verified,0,5
TXN000002373,CUST027387,2019-01-08,03:42,Salary,RTGS,236844.62,Credit,23678.9,Government,Maharashtra,504,0,No loan,0.0,Success,API,Pending,0,3
TXN000002374,CUST075055,2019-01-08,04:38,NRI,UPI,190.39,Debit,24363.63,Education,West Bengal,661,1,Gold,5986.39,Success,Branch,Verified,0,4
TXN000002375,CUST016185,2019-01-08,21:55,Savings,IMPS,856.94,Credit,650641.9,E-Commerce,Maharashtra,356,0,No loan,0.0,Success,ATM,Verified,0,21
TXN000002376,CUST033788,2019-01-08,16:09,Fixed Deposit,NEFT,71140.13,Debit,23364.09,E-Commerce,Delhi,610,1,Business,14719.88,Failed,Web,Verified,0,16
TXN000002377,CUST021622,2019-01-08,13:36,Savings,ATM_Withdrawal,2000.0,Debit,2719.34,Healthcare,Karnataka,367,0,No loan,0.0,Success,Web,Verified,0,13
TXN000002378,CUST075565,2019-01-08,05:10,Current,ATM_Withdrawal,2000.0,Debit,167881.9,E-Commerce,Gujarat,815,1,Unknown,18814.18,Success,Mobile_App,Pending,0,5
TXN000002379,CUST077985,2019-01-08,09:44,Savings,UPI,76.71,Credit,68604.52,Government,Delhi,485,0,No loan,0.0,Success,Mobile_App,Verified,0,9
TXN000002380,CUST059793,2019-01-08,00:41,NRI,NEFT,32899.87,Credit,13375.72,Food & Dining,UP,583,1,Education,2084.32,Success,Mobile_App,Verified,0,0
TXN000002381,CUST045254,2019-01-08,09:36,Fixed Deposit,UPI,2448.18,Debit,16351.49,Travel,UP,889,0,No loan,0.0,Success,Mobile_App,Verified,0,9
TXN000002382,CUST034052,2019-01-08,03:48,Current,UPI,278.52,Debit,17541.09,E-Commerce,UP,374,1,Education,2310.64,Success,Mobile_App,Pending,0,3
TXN000002383,CUST049812,2019-01-08,22:52,Savings,UPI,497.97,Credit,77038.19,Insurance,Gujarat,369,1,Home,4173.97,Success,API,Verified,0,22
TXN000002384,CUST030448,2019-01-08,19:35,Savings,NEFT,5982.14,Debit,23198.8,Healthcare,Maharashtra,410,0,No loan,0.0,Success,API,Pending,0,19
TXN000002385,CUST030255,2019-01-08,07:06,Current,NEFT,8792.65,Credit,19685.01,Retail,Karnataka,552,0,No loan,0.0,Success,Web,Pending,0,7
TXN000002386,CUST057419,2019-01-08,16:57,Savings,NEFT,33237.47,Credit,4102.62,E-Commerce,Gujarat,342,1,Unknown,11690.77,Success,ATM,Verified,0,16
TXN000002387,CUST014473,2019-01-08,23:18,Savings,UPI,1177.69,Credit,98068.53,Food & Dining,Karnataka,786,1,Personal,4146.97,Success,Mobile_App,Verified,0,23
TXN000002388,CUST003472,2019-01-08,08:23,Savings,IMPS,17736.55,Debit,5682.33,Travel,Gujarat,470,0,No loan,0.0,Success,Mobile_App,Verified,0,8
TXN000002389,CUST008330,2019-01-08,07:40,Salary,UPI,657.69,Debit,9010.81,Travel,Tamil Nadu,496,1,Personal,8350.28,Success,Mobile_App,Verified,0,7
TXN000002390,CUST034866,2019-01-08,09:48,Fixed Deposit,RTGS,24584.92,Debit,104128.26,E-Commerce,Karnataka,732,0,No loan,0.0,Success,Mobile_App,Verified,0,9
TXN000002391,CUST046851,2019-01-08,18:33,Salary,UPI,74.06,Debit,256526.54,Insurance,Delhi,847,0,No loan,0.0,Success,ATM,Verified,0,18
TXN000002392,CUST054221,2019-01-08,12:04,Current,ATM_Withdrawal,2000.0,Debit,8711.31,Fuel,Rajasthan,875,0,No loan,0.0,Success,Web,Pending,0,12
TXN000002393,CUST006398,2019-01-08,00:55,Savings,UPI,525.04,Debit,32419.06,Fuel,Gujarat,742,0,No loan,0.0,Success,POS_Terminal,Verified,0,0
TXN000002394,CUST035526,2019-01-08,18:11,Current,UPI,942.03,Debit,111260.63,Peer Transfer,Karnataka,565,0,No loan,0.0,Success,Mobile_App,Verified,0,18
TXN000002395,CUST053073,2019-01-08,04:25,Fixed Deposit,Credit_Card,361.84,Debit,8165.1,Food & Dining,Tamil Nadu,489,0,No loan,0.0,Success,Web,Verified,0,4
TXN000002396,CUST023285,2019-01-08,21:57,Savings,IMPS,304.81,Debit,23663.6,Real Estate,Punjab,375,0,No loan,0.0,Success,POS_Terminal,Verified,0,21
TXN000002397,CUST061331,2019-01-08,00:04,Salary,ATM_Withdrawal,2000.0,Debit,144614.52,E-Commerce,Gujarat,475,1,Personal,33681.48,Success,API,Verified,0,0
TXN000002398,CUST025123,2019-01-08,11:46,Salary,IMPS,417.71,Debit,27436.53,Fuel,Gujarat,891,1,Auto,12662.01,Success,Web,Pending,0,11
TXN000002399,CUST070554,2019-01-08,08:46,Salary,UPI,790.11,Credit,4902.41,Salary,Karnataka,541,1,Personal,5574.75,Success,POS_Terminal,Verified,0,8
TXN000002400,CUST062813,2019-01-08,18:33,Savings,UPI,92.71,Debit,4588.42,Food & Dining,Telangana,507,0,No loan,0.0,Success,Mobile_App,Verified,0,18
TXN000002401,CUST008000,2019-01-08,08:35,Current,POS,1179.61,Debit,17422.79,Retail,Karnataka,432,0,No loan,0.0,Success,POS_Terminal,Verified,0,8
TXN000002402,CUST022437,2019-01-08,22:03,Savings,RTGS,536520.79,Credit,6285.97,Insurance,Delhi,326,0,No loan,0.0,Success,ATM,Verified,0,22
TXN000002403,CUST042964,2019-01-08,22:28,Current,NEFT,9142.81,Debit,76652.45,E-Commerce,Maharashtra,561,0,No loan,0.0,Success,API,Verified,0,22
TXN000002404,CUST002097,2019-01-08,07:50,Salary,POS,1985.33,Debit,40486.75,Food & Dining,Tamil Nadu,347,0,No loan,0.0,Success,Branch,Verified,0,7
TXN000002405,CUST025280,2019-01-08,03:34,Savings,POS,840.51,Debit,17764.61,Travel,Karnataka,758,0,No loan,0.0,Success,Mobile_App,Verified,0,3
TXN000002406,CUST026202,2019-01-08,19:05,Current,UPI,1744.26,Credit,17722.63,E-Commerce,Tamil Nadu,337,0,No loan,0.0,Success,Web,Verified,0,19
TXN000002407,CUST019716,2019-01-08,20:20,Salary,UPI,684.05,Debit,96266.46,Travel,Karnataka,540,0,No loan,0.0,Success,ATM,Verified,0,20
TXN000002408,CUST029310,2019-01-08,06:51,Salary,RTGS,78787.58,Credit,26905.48,Investment,Karnataka,527,0,No loan,0.0,Success,POS_Terminal,Verified,0,6
TXN000002409,CUST015079,2019-01-08,13:21,Savings,UPI,3072.5,Debit,21088.58,Travel,West Bengal,381,1,Home,3362.68,Success,Mobile_App,Verified,0,13
TXN000002410,CUST056615,2019-01-08,22:33,Savings,NEFT,111847.24,Credit,54833.33,Fuel,Rajasthan,491,0,No loan,0.0,Success,API,Verified,0,22
TXN000002411,CUST005106,2019-01-08,18:35,Current,Net_Banking,39913.35,Debit,18446.76,Utilities,Gujarat,369,0,No loan,0.0,Success,Mobile_App,Verified,0,18
TXN000002412,CUST002840,2019-01-08,14:37,Savings,IMPS,32160.11,Debit,35964.84,Education,Rajasthan,777,1,Education,5094.09,Success,API,Verified,0,14
TXN000002413,CUST068921,2019-01-08,04:19,Savings,IMPS,2252.39,Debit,89404.33,E-Commerce,Gujarat,519,1,Business,1341.08,Success,POS_Terminal,Verified,0,4
TXN000002414,CUST043620,2019-01-08,16:06,NRI,ATM_Withdrawal,2000.0,Debit,5919.79,Real Estate,Gujarat,613,0,No loan,0.0,Success,Mobile_App,Verified,0,16
TXN000002415,CUST042822,2019-01-08,07:08,Salary,NEFT,11426.75,Debit,521534.39,Food & Dining,Tamil Nadu,892,0,No loan,0.0,Success,Mobile_App,Verified,0,7
TXN000002416,CUST013494,2019-01-08,23:14,Salary,UPI,1709.97,Debit,651848.12,Food & Dining,West Bengal,725,0,No loan,0.0,Success,POS_Terminal,Verified,0,23
TXN000002417,CUST017070,2019-01-08,09:53,Savings,NEFT,15554.32,Credit,45064.45,Government,Maharashtra,888,0,No loan,0.0,Success,Web,Expired,0,9
TXN000002418,CUST007532,2019-01-08,07:21,Salary,UPI,20.38,Debit,37392.63,Retail,Delhi,600,0,No loan,0.0,Success,Mobile_App,Verified,0,7
TXN000002419,CUST037052,2019-01-08,08:32,NRI,ATM_Withdrawal,2000.0,Debit,46251.33,Retail,West Bengal,548,1,Business,23043.71,Success,Web,Verified,0,8
TXN000002420,CUST007737,2019-01-08,08:18,Savings,UPI,760.93,Debit,10036.53,Salary,Karnataka,642,1,Gold,6729.82,Success,API,Verified,0,8
TXN000002421,CUST007711,2019-01-08,04:52,Fixed Deposit,POS,264.97,Debit,124158.68,Peer Transfer,Rajasthan,615,1,Auto,14266.61,Success,API,Verified,0,4
TXN000002422,CUST067156,2019-01-08,16:37,Salary,IMPS,1601.43,Debit,35919.18,Investment,Delhi,781,0,No loan,0.0,Failed,Branch,Verified,0,16
TXN000002423,CUST013976,2019-01-08,16:19,Savings,IMPS,2615.61,Credit,137461.09,Retail,Delhi,313,0,No loan,0.0,Success,Mobile_App,Expired,0,16
TXN000002424,CUST062425,2019-01-08,18:01,Savings,ATM_Withdrawal,500.0,Debit,15060.73,Investment,Karnataka,665,1,Unknown,5454.61,Success,Web,Verified,0,18
TXN000002425,CUST045604,2019-01-09,08:16,NRI,UPI,354.28,Credit,70623.74,Healthcare,Maharashtra,311,1,Unknown,2454.7,Success,POS_Terminal,Verified,0,8
TXN000002426,CUST023253,2019-01-09,05:44,Current,Credit_Card,7120.08,Debit,359840.29,Education,Delhi,452,0,No loan,0.0,Success,Web,Verified,0,5
TXN000002427,CUST001432,2019-01-09,07:15,NRI,UPI,353.07,Debit,85995.97,Travel,Maharashtra,851,0,No loan,0.0,Success,Web,Verified,0,7
TXN000002428,CUST074604,2019-01-09,03:45,Savings,UPI,663.56,Credit,82911.31,Salary,Maharashtra,769,1,Auto,6246.75,Success,ATM,Verified,0,3
TXN000002429,CUST037482,2019-01-09,06:08,Salary,UPI,672.9,Credit,288447.91,E-Commerce,Maharashtra,420,1,Personal,13587.0,Success,Branch,Verified,0,6
TXN000002430,CUST009558,2019-01-09,15:01,Fixed Deposit,UPI,271.5,Debit,16238.08,Insurance,Delhi,803,0,No loan,0.0,Success,POS_Terminal,Verified,0,15
TXN000002431,CUST074972,2019-01-09,02:19,Savings,Auto_Debit,2450.66,Debit,98527.75,Real Estate,Maharashtra,644,0,No loan,0.0,Success,Web,Verified,0,2
TXN000002432,CUST000163,2019-01-09,16:12,Salary,RTGS,1573240.51,Credit,20234.36,Peer Transfer,Karnataka,786,0,No loan,0.0,Failed,Mobile_App,Verified,0,16
TXN000002433,CUST034743,2019-01-09,14:03,Current,POS,812.03,Debit,18008.0,E-Commerce,Maharashtra,622,1,Home,4338.13,Success,POS_Terminal,Pending,0,14
TXN000002434,CUST019676,2019-01-09,17:47,Savings,UPI,315.28,Credit,44621.07,Retail,Delhi,401,0,No loan,0.0,Success,Mobile_App,Verified,0,17
TXN000002435,CUST073998,2019-01-09,04:39,Current,UPI,860.15,Credit,15893.36,Food & Dining,Delhi,856,0,No loan,0.0,Success,Branch,Verified,0,4
TXN000002436,CUST017016,2019-01-09,08:35,Fixed Deposit,UPI,2710.9,Credit,673619.07,Healthcare,Tamil Nadu,673,1,Education,4948.48,Success,Mobile_App,Verified,0,8
TXN000002437,CUST050058,2019-01-09,07:25,Current,UPI,4198.36,Credit,55394.76,Salary,Gujarat,563,1,Personal,6099.18,Success,ATM,Verified,0,7
TXN000002438,CUST032592,2019-01-09,06:42,Savings,POS,150.32,Debit,23843.05,Government,West Bengal,852,0,No loan,0.0,Success,Web,Verified,0,6
TXN000002439,CUST009834,2019-01-09,10:33,Current,POS,655.29,Debit,25443.96,Healthcare,Gujarat,371,1,Business,2617.7,Success,Web,Verified,0,10
TXN000002440,CUST007897,2019-01-09,11:34,Savings,POS,1886.19,Debit,285896.59,Retail,Maharashtra,441,0,No loan,0.0,Success,Web,Verified,0,11
TXN000002441,CUST032973,2019-01-09,08:35,Current,RTGS,166223.34,Debit,80528.64,Real Estate,Tamil Nadu,689,0,No loan,0.0,Success,Web,Verified,0,8
TXN000002442,CUST049734,2019-01-09,15:11,Fixed Deposit,UPI,332.0,Credit,126255.55,E-Commerce,Maharashtra,446,0,No loan,0.0,Success,Branch,Pending,0,15
TXN000002443,CUST041801,2019-01-09,02:38,Salary,POS,851.76,Debit,29310.42,Travel,Maharashtra,524,1,Education,14867.81,Failed,Branch,Verified,0,2
TXN000002444,CUST005348,2019-01-09,02:10,Savings,UPI,2679.2,Debit,11714.64,Food & Dining,Karnataka,546,0,No loan,0.0,Success,ATM,Verified,0,2
TXN000002445,CUST059064,2019-01-09,02:00,Current,Net_Banking,8122.02,Debit,167290.1,Utilities,Rajasthan,731,0,No loan,0.0,Success,Web,Pending,0,2
TXN000002446,CUST002644,2019-01-09,16:59,Salary,NEFT,24096.99,Credit,7650.29,E-Commerce,Karnataka,738,0,No loan,0.0,Success,Web,Verified,0,16
TXN000002447,CUST040786,2019-01-09,10:02,Savings,IMPS,91.19,Debit,15126.23,Food & Dining,West Bengal,731,0,No loan,0.0,Success,ATM,Verified,0,10
TXN000002448,CUST018682,2019-01-09,09:35,Savings,UPI,2071.92,Credit,76676.74,Peer Transfer,West Bengal,347,1,Personal,8188.87,Success,Mobile_App,Verified,0,9
TXN000002449,CUST050027,2019-01-09,13:41,Savings,NEFT,4201.95,Credit,7886.49,Investment,Karnataka,351,0,No loan,0.0,Success,API,Expired,0,13
TXN000002450,CUST015893,2019-01-09,13:35,Current,Auto_Debit,700.58,Debit,169961.13,Salary,Delhi,432,0,No loan,0.0,Success,API,Verified,0,13
TXN000002451,CUST047300,2019-01-09,17:58,Savings,Credit_Card,9911.82,Debit,10061.44,Government,Karnataka,745,0,No loan,0.0,Success,POS_Terminal,Verified,0,17
TXN000002452,CUST017074,2019-01-09,10:58,Current,ATM_Withdrawal,10000.0,Debit,19936.52,Healthcare,Telangana,779,0,No loan,0.0,Success,Mobile_App,Verified,0,10
TXN000002453,CUST030683,2019-01-09,23:11,NRI,POS,361.07,Debit,84651.62,Travel,Gujarat,528,0,No loan,0.0,Success,POS_Terminal,Verified,0,23
TXN000002454,CUST014290,2019-01-09,07:53,Savings,NEFT,46920.92,Debit,56412.58,Healthcare,Gujarat,823,1,Gold,14678.53,Success,ATM,Verified,0,7
TXN000002455,CUST007928,2019-01-09,22:25,NRI,ATM_Withdrawal,500.0,Debit,11809.29,Peer Transfer,Delhi,759,0,No loan,0.0,Success,Web,Verified,0,22
TXN000002456,CUST048331,2019-01-09,02:30,Savings,IMPS,3435.75,Debit,10743.43,Entertainment,Telangana,852,0,No loan,0.0,Success,Mobile_App,Verified,0,2
TXN000002457,CUST066708,2019-01-09,03:57,Savings,ATM_Withdrawal,1000.0,Debit,32168.2,Fuel,Maharashtra,507,1,Unknown,4414.12,Success,Branch,Verified,0,3
TXN000002458,CUST077455,2019-01-09,23:50,Current,Cheque,6862.96,Credit,462255.68,Education,Rajasthan,397,1,Personal,1642.62,Success,Mobile_App,Verified,0,23
TXN000002459,CUST065429,2019-01-09,07:07,Salary,ATM_Withdrawal,5000.0,Debit,18956.99,Education,Maharashtra,869,0,No loan,0.0,Success,Web,Verified,0,7
TXN000002460,CUST050602,2019-01-09,05:05,Current,UPI,610.6,Debit,4806.25,E-Commerce,Karnataka,724,0,No loan,0.0,Success,API,Verified,0,5
TXN000002461,CUST077466,2019-01-09,23:14,Savings,RTGS,43699.62,Debit,65258.24,Real Estate,Delhi,565,0,No loan,0.0,Success,Mobile_App,Verified,0,23
TXN000002462,CUST002540,2019-01-09,14:14,Current,Cheque,315637.91,Debit,55438.58,Government,UP,573,1,Personal,4903.24,Success,API,Verified,0,14
TXN000002463,CUST022670,2019-01-09,18:17,Savings,NEFT,13467.56,Debit,8724.48,Investment,Tamil Nadu,366,0,No loan,0.0,Success,POS_Terminal,Verified,0,18
TXN000002464,CUST070969,2019-01-09,09:12,Fixed Deposit,IMPS,6544.22,Credit,34159.64,Salary,Delhi,450,1,Auto,3564.02,Success,Branch,Verified,0,9
TXN000002465,CUST020645,2019-01-09,12:26,Current,UPI,1435.71,Debit,18821.06,Utilities,Maharashtra,558,0,No loan,0.0,Success,Mobile_App,Verified,0,12
TXN000002466,CUST018746,2019-01-09,07:29,Salary,POS,592.59,Debit,10743.65,Utilities,Rajasthan,694,0,No loan,0.0,Success,ATM,Verified,0,7
TXN000002467,CUST028229,2019-01-09,05:53,Savings,POS,272.54,Debit,14750.82,Healthcare,West Bengal,553,0,No loan,0.0,Failed,POS_Terminal,Pending,0,5
TXN000002468,CUST034522,2019-01-09,04:48,Salary,Cheque,71532.86,Debit,105123.37,Investment,Maharashtra,758,0,No loan,0.0,Success,ATM,Verified,0,4
TXN000002469,CUST026929,2019-01-09,16:44,Savings,NEFT,9196.95,Debit,13175.28,Investment,Gujarat,774,1,Education,18484.11,Success,ATM,Verified,0,16
TXN000002470,CUST018323,2019-01-09,03:21,Savings,UPI,460.47,Debit,11007.21,Entertainment,UP,476,0,No loan,0.0,Success,POS_Terminal,Verified,0,3
TXN000002471,CUST057715,2019-01-09,08:20,NRI,RTGS,136640.38,Debit,37964.11,Entertainment,West Bengal,364,0,No loan,0.0,Success,Mobile_App,Verified,0,8
TXN000002472,CUST062293,2019-01-09,14:34,Savings,NEFT,9592.46,Credit,73835.36,Utilities,West Bengal,889,0,No loan,0.0,Success,Mobile_App,Verified,0,14
TXN000002473,CUST029056,2019-01-09,09:17,Salary,UPI,3472.36,Debit,79760.96,Retail,Delhi,374,0,No loan,0.0,Success,Web,Verified,0,9
TXN000002474,CUST042892,2019-01-09,17:48,Salary,UPI,714.58,Debit,42776.53,Travel,Maharashtra,852,0,No loan,0.0,Failed,Mobile_App,Verified,0,17
TXN000002475,CUST006589,2019-01-09,18:21,Current,UPI,5317.82,Debit,32473.75,E-Commerce,Gujarat,692,0,No loan,0.0,Success,POS_Terminal,Verified,0,18
TXN000002476,CUST006305,2019-01-09,09:31,Current,UPI,1485.63,Debit,139420.73,Salary,Maharashtra,329,0,No loan,0.0,Success,Web,Verified,0,9
TXN000002477,CUST007346,2019-01-09,05:11,Savings,IMPS,10830.56,Debit,14762.44,Food & Dining,Maharashtra,307,1,Education,5240.25,Success,POS_Terminal,Verified,0,5
TXN000002478,CUST029301,2019-01-09,03:47,Current,NEFT,1647.46,Credit,16227.18,Insurance,Karnataka,369,0,No loan,0.0,Success,API,Verified,0,3
TXN000002479,CUST024260,2019-01-09,01:04,Salary,UPI,5610.06,Debit,23533.75,Investment,Maharashtra,869,0,No loan,0.0,Success,Branch,Verified,1,1
TXN000002480,CUST015353,2019-01-09,15:41,Savings,UPI,108.49,Debit,51163.16,Retail,Maharashtra,689,1,Personal,3932.52,Success,Web,Verified,0,15
TXN000002481,CUST033366,2019-01-09,18:21,Savings,UPI,133.17,Debit,50513.91,Fuel,Tamil Nadu,352,0,No loan,0.0,Pending,ATM,Verified,0,18
TXN000002482,CUST019447,2019-01-09,12:45,NRI,ATM_Withdrawal,2000.0,Debit,5219.18,Insurance,Punjab,548,0,No loan,0.0,Success,Mobile_App,Pending,0,12
TXN000002483,CUST002337,2019-01-09,16:50,Salary,UPI,234.29,Debit,4938.43,E-Commerce,Telangana,740,0,No loan,0.0,Success,Web,Verified,0,16
TXN000002484,CUST062033,2019-01-09,12:28,Current,UPI,18.36,Credit,122174.71,Utilities,Maharashtra,653,0,No loan,0.0,Success,Mobile_App,Verified,0,12
TXN000002485,CUST075416,2019-01-09,00:50,Savings,Cheque,18487.89,Debit,52716.56,Utilities,Telangana,393,0,No loan,0.0,Success,API,Verified,0,0
TXN000002486,CUST007522,2019-01-09,16:19,Salary,UPI,386.65,Debit,35444.16,Fuel,Tamil Nadu,384,0,No loan,0.0,Success,Web,Pending,0,16
TXN000002487,CUST071708,2019-01-09,20:59,Current,POS,697.14,Debit,57070.86,Travel,Gujarat,332,1,Auto,5217.98,Success,Web,Verified,0,20
TXN000002488,CUST023482,2019-01-09,20:04,Savings,NEFT,10217.39,Credit,15537.55,Government,Punjab,357,0,No loan,0.0,Success,API,Verified,0,20
TXN000002489,CUST018475,2019-01-09,20:31,Savings,NEFT,24550.46,Debit,48765.84,Education,West Bengal,814,0,No loan,0.0,Success,Mobile_App,Verified,0,20
TXN000002490,CUST046761,2019-01-09,09:04,Salary,Net_Banking,14575.49,Debit,93103.43,Peer Transfer,Gujarat,352,0,No loan,0.0,Success,ATM,Verified,0,9
TXN000002491,CUST055719,2019-01-09,15:07,Current,Net_Banking,19439.82,Credit,9069.85,E-Commerce,Maharashtra,446,1,Home,4417.48,Success,ATM,Verified,0,15
TXN000002492,CUST044630,2019-01-09,16:11,Savings,RTGS,252470.81,Debit,87919.59,Investment,Maharashtra,817,0,No loan,0.0,Success,Web,Expired,0,16
TXN000002493,CUST045233,2019-01-09,11:42,Current,UPI,767.47,Credit,7517.48,Retail,Gujarat,723,0,No loan,0.0,Success,Mobile_App,Verified,0,11
TXN000002494,CUST067170,2019-01-09,21:14,Savings,Auto_Debit,3973.71,Debit,6327.84,Education,West Bengal,743,0,No loan,0.0,Success,Web,Expired,0,21
TXN000002495,CUST050670,2019-01-09,22:23,Savings,IMPS,3444.19,Credit,33782.39,Investment,Karnataka,895,0,No loan,0.0,Success,Web,Verified,0,22
TXN000002496,CUST078022,2019-01-09,13:02,Savings,Auto_Debit,643.52,Debit,25638.92,Retail,Rajasthan,447,0,No loan,0.0,Success,Mobile_App,Verified,0,13
TXN000002497,CUST069185,2019-01-09,04:55,Salary,NEFT,23509.73,Credit,13565.38,Education,Gujarat,756,0,No loan,0.0,Reversed,Mobile_App,Verified,0,4
TXN000002498,CUST047946,2019-01-09,11:48,Savings,IMPS,4946.75,Credit,28504.68,E-Commerce,Tamil Nadu,892,0,No loan,0.0,Success,Mobile_App,Verified,0,11
TXN000002499,CUST013141,2019-01-09,07:10,Fixed Deposit,IMPS,4794.65,Credit,54009.23,Travel,Rajasthan,796,0,No loan,0.0,Success,Branch,Verified,0,7
TXN000002500,CUST014358,2019-01-09,16:49,Savings,NEFT,1393.72,Credit,58222.56,Travel,Tamil Nadu,674,0,No loan,0.0,Success,Mobile_App,Pending,0,16
TXN000002501,CUST068674,2019-01-09,23:26,Current,UPI,773.03,Credit,16834.84,Salary,Maharashtra,864,1,Unknown,3164.15,Success,Mobile_App,Pending,0,23
TXN000002502,CUST065634,2019-01-09,13:19,Salary,ATM_Withdrawal,2000.0,Debit,334022.78,Peer Transfer,Tamil Nadu,756,0,No loan,0.0,Success,Mobile_App,Verified,0,13
TXN000002503,CUST076944,2019-01-09,04:57,Salary,ATM_Withdrawal,2000.0,Debit,44320.49,Salary,Karnataka,369,0,No loan,0.0,Success,API,Expired,0,4
TXN000002504,CUST078259,2019-01-09,10:07,NRI,IMPS,821.24,Credit,13305.55,Salary,Maharashtra,707,0,No loan,0.0,Success,Mobile_App,Verified,0,10
TXN000002505,CUST012925,2019-01-09,11:58,Current,ATM_Withdrawal,2000.0,Debit,62103.63,E-Commerce,Delhi,512,0,No loan,0.0,Success,ATM,Verified,0,11
TXN000002506,CUST069287,2019-01-09,03:19,Savings,NEFT,16330.01,Credit,3860.34,Utilities,Karnataka,347,1,Home,2186.12,Success,ATM,Verified,0,3
TXN000002507,CUST074072,2019-01-09,06:24,Savings,POS,11159.84,Debit,22291.68,Salary,Karnataka,669,1,Home,6145.46,Success,ATM,Verified,0,6
TXN000002508,CUST057327,2019-01-09,02:28,Savings,IMPS,2799.87,Debit,96799.5,Entertainment,Maharashtra,615,1,Unknown,10019.8,Success,API,Verified,0,2
TXN000002509,CUST030652,2019-01-09,21:32,Savings,Auto_Debit,1712.74,Debit,32380.67,Retail,UP,582,0,No loan,0.0,Success,Mobile_App,Verified,0,21
TXN000002510,CUST070203,2019-01-09,16:45,Savings,Auto_Debit,3316.52,Debit,19658.61,Education,Maharashtra,514,0,No loan,0.0,Success,Branch,Verified,0,16
TXN000002511,CUST048778,2019-01-09,23:11,Savings,ATM_Withdrawal,1000.0,Debit,214212.11,Retail,Gujarat,360,0,No loan,0.0,Success,Mobile_App,Verified,0,23
TXN000002512,CUST016995,2019-01-09,13:27,Salary,UPI,875.78,Debit,116832.97,Salary,Maharashtra,899,0,No loan,0.0,Success,Branch,Verified,0,13
TXN000002513,CUST067264,2019-01-09,15:29,Savings,ATM_Withdrawal,5000.0,Debit,2714.18,Healthcare,Maharashtra,865,1,Auto,11011.15,Success,Web,Verified,0,15
TXN000002514,CUST059635,2019-01-09,15:11,Current,Net_Banking,198781.37,Debit,4115.17,Investment,Punjab,866,0,No loan,0.0,Success,Mobile_App,Verified,0,15
TXN000002515,CUST010801,2019-01-09,12:45,Current,IMPS,1972.98,Debit,52766.44,Healthcare,Gujarat,393,0,No loan,0.0,Reversed,ATM,Pending,0,12
TXN000002516,CUST037824,2019-01-09,04:01,Current,UPI,608.52,Debit,10441.56,Travel,West Bengal,889,0,No loan,0.0,Success,Branch,Verified,0,4
TXN000002517,CUST063879,2019-01-09,13:07,Savings,Auto_Debit,3484.28,Debit,73106.83,Real Estate,Karnataka,757,1,Personal,938.81,Success,Web,Verified,0,13
TXN000002518,CUST018709,2019-01-09,04:58,Current,UPI,102.33,Credit,1220.11,Food & Dining,Telangana,648,0,No loan,0.0,Success,ATM,Verified,0,4
TXN000002519,CUST012820,2019-01-09,23:10,Fixed Deposit,UPI,506.74,Credit,88031.74,Insurance,West Bengal,353,1,Education,4697.05,Success,ATM,Verified,0,23
TXN000002520,CUST074906,2019-01-09,07:33,NRI,IMPS,10491.53,Debit,12578.12,Food & Dining,Karnataka,568,1,Home,4736.8,Success,Web,Verified,0,7
TXN000002521,CUST063871,2019-01-09,21:49,Current,IMPS,1065.01,Debit,19874.58,Travel,Delhi,483,0,No loan,0.0,Success,Web,Pending,0,21
TXN000002522,CUST009284,2019-01-09,11:36,Savings,IMPS,18866.33,Debit,18319.54,Salary,Gujarat,314,1,Business,3806.55,Success,Web,Verified,0,11
TXN000002523,CUST030574,2019-01-09,20:52,NRI,Auto_Debit,592.69,Debit,83681.99,Government,Karnataka,818,1,Personal,2163.42,Success,Mobile_App,Verified,0,20
TXN000002524,CUST078708,2019-01-09,23:48,NRI,Cheque,17428.87,Credit,568217.84,Entertainment,West Bengal,615,0,No loan,0.0,Success,Branch,Verified,0,23
TXN000002525,CUST030934,2019-01-09,01:25,NRI,UPI,2635.78,Debit,29661.48,Travel,West Bengal,730,1,Auto,9428.46,Success,ATM,Verified,0,1
TXN000002526,CUST005775,2019-01-09,15:41,Savings,POS,937.39,Debit,62051.26,Travel,UP,533,0,No loan,0.0,Success,Web,Verified,0,15
TXN000002527,CUST072056,2019-01-09,17:48,Savings,Cheque,120312.77,Debit,13621.93,Retail,Maharashtra,494,1,Auto,3866.34,Failed,Mobile_App,Verified,0,17
TXN000002528,CUST010984,2019-01-09,02:53,Salary,ATM_Withdrawal,500.0,Debit,52941.73,Utilities,Maharashtra,309,0,No loan,0.0,Success,ATM,Verified,0,2
TXN000002529,CUST018134,2019-01-09,01:07,Savings,ATM_Withdrawal,1000.0,Debit,26291.88,Utilities,Telangana,898,1,Business,6058.28,Success,Mobile_App,Verified,0,1
TXN000002530,CUST014940,2019-01-09,18:14,Salary,NEFT,3289.14,Debit,88987.74,Travel,Rajasthan,372,1,Personal,13840.92,Success,Mobile_App,Verified,0,18
TXN000002531,CUST000782,2019-01-09,03:43,Salary,ATM_Withdrawal,2000.0,Debit,120266.97,Education,Telangana,835,0,No loan,0.0,Success,Web,Pending,0,3
TXN000002532,CUST056701,2019-01-09,19:08,Salary,IMPS,2389.23,Debit,12144.88,Investment,Tamil Nadu,882,1,Business,5117.17,Success,Web,Verified,0,19
TXN000002533,CUST027625,2019-01-09,01:20,Savings,Net_Banking,12430.17,Credit,119123.12,Peer Transfer,Tamil Nadu,490,1,Business,5694.08,Success,Branch,Verified,0,1
TXN000002534,CUST006824,2019-01-09,20:46,Current,POS,5961.65,Debit,29984.71,Food & Dining,Tamil Nadu,451,0,No loan,0.0,Success,API,Verified,0,20
TXN000002535,CUST018490,2019-01-09,01:21,Savings,Net_Banking,107320.51,Debit,12757.94,E-Commerce,Gujarat,884,0,No loan,0.0,Success,Mobile_App,Verified,0,1
TXN000002536,CUST039962,2019-01-09,00:42,Savings,ATM_Withdrawal,1000.0,Debit,197018.61,Peer Transfer,Delhi,387,0,No loan,0.0,Success,Mobile_App,Verified,0,0
TXN000002537,CUST029119,2019-01-09,16:42,Savings,UPI,720.98,Debit,50784.51,Utilities,Punjab,794,1,Personal,2179.09,Success,Mobile_App,Expired,0,16
TXN000002538,CUST022264,2019-01-09,08:15,Savings,IMPS,73698.99,Credit,28404.5,Food & Dining,Punjab,701,0,No loan,0.0,Success,Mobile_App,Verified,0,8
TXN000002539,CUST013566,2019-01-09,11:43,Savings,ATM_Withdrawal,500.0,Debit,396023.72,Food & Dining,Karnataka,660,0,No loan,0.0,Success,POS_Terminal,Pending,0,11
TXN000002540,CUST020355,2019-01-09,13:33,Savings,RTGS,163910.45,Debit,38360.69,Peer Transfer,Delhi,525,0,No loan,0.0,Success,Mobile_App,Verified,0,13
TXN000002541,CUST042952,2019-01-09,14:19,Savings,POS,6384.32,Debit,106255.04,Food & Dining,Delhi,799,1,Personal,13909.34,Success,POS_Terminal,Verified,0,14
TXN000002542,CUST023649,2019-01-09,06:57,Savings,POS,1130.14,Debit,104968.7,Investment,Maharashtra,728,1,Business,5467.48,Success,Branch,Verified,0,6
TXN000002543,CUST050730,2019-01-09,15:57,Savings,NEFT,58469.77,Debit,248782.33,Real Estate,Gujarat,366,1,Business,14300.8,Success,Web,Verified,0,15
TXN000002544,CUST041972,2019-01-09,07:09,Salary,NEFT,3516.11,Debit,178797.77,Utilities,Telangana,648,0,No loan,0.0,Success,ATM,Verified,0,7
TXN000002545,CUST018659,2019-01-09,02:55,Fixed Deposit,UPI,2824.96,Debit,22979.11,Real Estate,West Bengal,493,0,No loan,0.0,Success,Web,Verified,0,2
TXN000002546,CUST021254,2019-01-09,03:46,NRI,UPI,358.15,Debit,10753.04,Real Estate,Punjab,320,0,No loan,0.0,Success,ATM,Verified,0,3
TXN000002547,CUST064167,2019-01-09,08:32,Salary,Cheque,100161.08,Credit,39750.15,Utilities,Maharashtra,423,1,Business,2554.18,Failed,POS_Terminal,Pending,0,8
TXN000002548,CUST048564,2019-01-09,13:15,Current,UPI,557.4,Credit,2637.18,Salary,Karnataka,867,0,No loan,0.0,Success,Web,Verified,0,13
TXN000002549,CUST026391,2019-01-09,09:39,Salary,ATM_Withdrawal,3000.0,Debit,406002.32,Entertainment,Telangana,760,1,Business,5099.43,Success,Mobile_App,Verified,0,9
TXN000002550,CUST051579,2019-01-09,06:30,Current,UPI,680.62,Credit,74438.74,Peer Transfer,Delhi,331,1,Auto,15481.17,Success,API,Verified,0,6
TXN000002551,CUST079026,2019-01-09,21:58,Salary,UPI,510.79,Credit,60782.31,Utilities,Maharashtra,513,0,No loan,0.0,Success,ATM,Pending,0,21
TXN000002552,CUST032659,2019-01-09,05:26,Salary,ATM_Withdrawal,2000.0,Debit,178241.35,Food & Dining,Maharashtra,855,1,Home,5383.48,Success,Mobile_App,Verified,0,5
TXN000002553,CUST006853,2019-01-09,11:50,Current,UPI,1134.98,Credit,77474.63,Retail,Karnataka,622,0,No loan,0.0,Success,Web,Verified,0,11
TXN000002554,CUST002552,2019-01-09,09:43,Savings,POS,2474.78,Debit,68763.85,Utilities,Maharashtra,302,1,Gold,4572.14,Failed,Web,Verified,0,9
TXN000002555,CUST071948,2019-01-09,04:51,Current,Net_Banking,22943.5,Debit,6080.14,E-Commerce,Karnataka,859,0,No loan,0.0,Success,Web,Verified,0,4
TXN000002556,CUST061002,2019-01-09,04:16,Savings,NEFT,24961.09,Credit,108074.18,Retail,Telangana,565,0,No loan,0.0,Success,Web,Pending,0,4
TXN000002557,CUST049160,2019-01-09,19:49,Current,IMPS,4148.25,Debit,130202.72,Entertainment,UP,840,1,Education,5142.23,Success,POS_Terminal,Verified,0,19
TXN000002558,CUST051708,2019-01-09,09:11,Current,UPI,514.69,Debit,10511.27,Entertainment,Karnataka,771,0,No loan,0.0,Success,POS_Terminal,Verified,0,9
TXN000002559,CUST033244,2019-01-09,14:34,Current,RTGS,1551504.76,Debit,50198.46,Fuel,Delhi,343,1,Home,4088.36,Success,Branch,Verified,0,14
TXN000002560,CUST021801,2019-01-09,03:11,Salary,Net_Banking,7477.92,Debit,67697.22,Entertainment,Tamil Nadu,521,0,No loan,0.0,Success,Branch,Pending,0,3
TXN000002561,CUST075940,2019-01-09,03:30,Current,POS,118.24,Debit,38774.16,Fuel,Karnataka,672,0,No loan,0.0,Failed,API,Verified,0,3
TXN000002562,CUST057829,2019-01-09,20:10,Current,POS,352.16,Debit,37654.06,Healthcare,Maharashtra,497,1,Home,910.76,Success,Mobile_App,Verified,0,20
TXN000002563,CUST007240,2019-01-09,19:45,Savings,POS,245.93,Debit,19278.83,Real Estate,Rajasthan,871,0,No loan,0.0,Success,Mobile_App,Pending,0,19
TXN000002564,CUST006711,2019-01-09,20:05,Savings,Net_Banking,18635.89,Credit,24276.5,Insurance,Karnataka,807,0,No loan,0.0,Success,Web,Expired,0,20
TXN000002565,CUST021385,2019-01-09,23:25,Current,Credit_Card,1070.68,Debit,64680.8,Government,Karnataka,303,1,Business,8910.03,Success,Mobile_App,Verified,0,23
TXN000002566,CUST021039,2019-01-09,19:05,Savings,Net_Banking,3549.52,Credit,11067.4,Government,Rajasthan,886,1,Home,7925.29,Success,Web,Verified,0,19
TXN000002567,CUST040847,2019-01-09,00:05,Current,UPI,256.69,Credit,57918.66,Food & Dining,Karnataka,533,1,Education,6630.86,Reversed,API,Pending,0,0
TXN000002568,CUST067822,2019-01-09,12:37,Current,Net_Banking,9275.36,Credit,20190.46,Travel,Rajasthan,407,0,No loan,0.0,Success,Mobile_App,Verified,0,12
TXN000002569,CUST037992,2019-01-09,10:58,Savings,NEFT,23043.41,Debit,8545.65,Travel,West Bengal,462,0,No loan,0.0,Success,Branch,Verified,0,10
TXN000002570,CUST079058,2019-01-09,10:45,Fixed Deposit,RTGS,367099.98,Debit,614728.53,Healthcare,Delhi,449,0,No loan,0.0,Success,Mobile_App,Verified,0,10
TXN000002571,CUST006972,2019-01-09,22:25,Current,UPI,4114.2,Debit,30886.9,Travel,Telangana,801,1,Auto,5265.0,Success,Web,Verified,0,22
TXN000002572,CUST029140,2019-01-09,20:12,Current,UPI,335.2,Credit,73380.51,Travel,West Bengal,589,0,No loan,0.0,Failed,POS_Terminal,Verified,0,20
TXN000002573,CUST077068,2019-01-09,11:31,Savings,NEFT,6056.71,Credit,55430.64,Retail,Maharashtra,695,0,No loan,0.0,Reversed,Mobile_App,Verified,0,11
TXN000002574,CUST037712,2019-01-09,19:31,Savings,UPI,8438.43,Debit,23983.12,Utilities,West Bengal,626,1,Personal,10180.03,Success,Mobile_App,Verified,0,19
TXN000002575,CUST006531,2019-01-09,12:53,Current,UPI,294.27,Debit,61407.05,Insurance,Karnataka,486,0,No loan,0.0,Success,Mobile_App,Verified,0,12
TXN000002576,CUST011117,2019-01-09,19:52,Salary,UPI,802.64,Credit,12787.37,Retail,Maharashtra,744,0,No loan,0.0,Success,ATM,Pending,0,19
TXN000002577,CUST065795,2019-01-09,15:51,Savings,UPI,140.6,Debit,47218.33,Retail,Tamil Nadu,330,0,No loan,0.0,Success,Mobile_App,Verified,0,15
TXN000002578,CUST000283,2019-01-09,14:00,Salary,ATM_Withdrawal,3000.0,Debit,48952.32,Travel,Maharashtra,586,1,Personal,6649.23,Success,Branch,Verified,0,14
TXN000002579,CUST079474,2019-01-09,15:07,Current,NEFT,9813.33,Credit,35602.51,Healthcare,West Bengal,545,1,Home,6427.4,Success,POS_Terminal,Verified,0,15
TXN000002580,CUST001899,2019-01-09,06:40,Salary,Credit_Card,4065.91,Debit,86752.1,Retail,Telangana,684,0,No loan,0.0,Pending,API,Verified,0,6
TXN000002581,CUST004136,2019-01-09,22:31,Current,UPI,517.95,Credit,39556.46,Real Estate,Tamil Nadu,833,0,No loan,0.0,Success,Branch,Verified,0,22
TXN000002582,CUST006630,2019-01-09,03:18,Fixed Deposit,UPI,4149.06,Credit,5233.21,Retail,Karnataka,592,0,No loan,0.0,Failed,Mobile_App,Verified,0,3
TXN000002583,CUST065032,2019-01-09,14:29,Current,UPI,902.85,Credit,54762.13,Peer Transfer,Maharashtra,641,0,No loan,0.0,Success,API,Verified,0,14
TXN000002584,CUST033381,2019-01-09,17:18,Savings,ATM_Withdrawal,1000.0,Debit,83836.02,Salary,Karnataka,375,0,No loan,0.0,Success,Web,Pending,0,17
TXN000002585,CUST017072,2019-01-09,11:20,Salary,ATM_Withdrawal,5000.0,Debit,163392.48,Real Estate,Rajasthan,855,0,No loan,0.0,Success,Branch,Verified,0,11
TXN000002586,CUST020075,2019-01-09,05:52,Current,RTGS,53429.38,Debit,20458.47,Real Estate,Rajasthan,367,0,No loan,0.0,Success,Web,Verified,0,5
TXN000002587,CUST067844,2019-01-09,17:16,Savings,ATM_Withdrawal,1000.0,Debit,71963.84,Travel,Delhi,491,0,No loan,0.0,Reversed,Mobile_App,Verified,0,17
TXN000002588,CUST039902,2019-01-09,18:28,Savings,RTGS,170416.35,Debit,42735.55,Entertainment,Delhi,549,0,No loan,0.0,Success,POS_Terminal,Verified,0,18
TXN000002589,CUST011206,2019-01-09,14:17,Salary,NEFT,74320.53,Credit,88051.13,Salary,Maharashtra,786,0,No loan,0.0,Success,Mobile_App,Verified,0,14
TXN000002590,CUST055662,2019-01-09,04:15,Savings,UPI,110.57,Debit,24777.32,Utilities,Gujarat,803,0,No loan,0.0,Success,Mobile_App,Verified,0,4
TXN000002591,CUST005907,2019-01-09,22:27,Current,IMPS,387.6,Credit,78903.74,Retail,Maharashtra,485,0,No loan,0.0,Success,Mobile_App,Verified,0,22
TXN000002592,CUST002592,2019-01-09,05:09,NRI,NEFT,3888.24,Debit,4531.87,Salary,UP,359,0,No loan,0.0,Success,Web,Verified,0,5
TXN000002593,CUST062988,2019-01-09,14:52,Savings,UPI,3178.01,Credit,502040.69,Peer Transfer,Telangana,367,0,No loan,0.0,Success,Mobile_App,Verified,0,14
TXN000002594,CUST063371,2019-01-09,06:37,Salary,Net_Banking,2324.08,Debit,19529.25,Travel,Tamil Nadu,710,0,No loan,0.0,Success,Mobile_App,Verified,0,6
TXN000002595,CUST054401,2019-01-09,00:37,Savings,UPI,107.46,Debit,18894.68,Food & Dining,Gujarat,709,0,No loan,0.0,Success,ATM,Verified,0,0
TXN000002596,CUST025151,2019-01-09,02:38,Salary,NEFT,10650.49,Credit,24605.15,Peer Transfer,Delhi,659,0,No loan,0.0,Success,ATM,Pending,0,2
TXN000002597,CUST031853,2019-01-09,00:32,Current,IMPS,1516.01,Credit,56801.69,Salary,Maharashtra,743,0,No loan,0.0,Success,Mobile_App,Verified,0,0
TXN000002598,CUST042871,2019-01-09,07:00,Savings,UPI,637.97,Credit,20641.11,Travel,Tamil Nadu,708,1,Home,1597.66,Success,Web,Verified,0,7
TXN000002599,CUST052757,2019-01-09,01:13,Current,ATM_Withdrawal,2000.0,Debit,140841.99,Healthcare,Karnataka,407,0,No loan,0.0,Success,Branch,Verified,0,1
TXN000002600,CUST056482,2019-01-09,15:28,Savings,UPI,1720.49,Debit,64380.16,Utilities,Maharashtra,838,0,No loan,0.0,Success,ATM,Verified,0,15
TXN000002601,CUST001284,2019-01-09,20:42,Salary,POS,294.68,Debit,36311.69,Fuel,Maharashtra,488,0,No loan,0.0,Success,Web,Verified,0,20
TXN000002602,CUST033692,2019-01-09,10:43,Current,NEFT,3307.5,Credit,138919.81,Real Estate,Gujarat,550,0,No loan,0.0,Success,Mobile_App,Verified,0,10
TXN000002603,CUST001126,2019-01-09,17:51,Salary,NEFT,1260.67,Debit,434668.8,Salary,Tamil Nadu,399,1,Personal,6109.95,Success,Mobile_App,Verified,0,17
TXN000002604,CUST067066,2019-01-09,22:46,NRI,IMPS,9718.79,Credit,16976.66,Utilities,Tamil Nadu,306,1,Personal,1892.17,Reversed,POS_Terminal,Verified,0,22
TXN000002605,CUST026171,2019-01-09,07:09,Savings,Net_Banking,13729.37,Credit,9015.25,Healthcare,West Bengal,426,0,No loan,0.0,Success,Mobile_App,Expired,0,7
TXN000002606,CUST008439,2019-01-09,20:31,Savings,Credit_Card,4459.89,Debit,93203.09,Utilities,West Bengal,308,1,Personal,2533.42,Success,Branch,Verified,0,20
TXN000002607,CUST020096,2019-01-09,17:51,Savings,POS,521.93,Debit,21413.96,Travel,Maharashtra,780,0,No loan,0.0,Success,Web,Verified,0,17
TXN000002608,CUST016155,2019-01-09,14:29,Savings,NEFT,3406.37,Debit,90018.4,Entertainment,Tamil Nadu,579,0,No loan,0.0,Success,Web,Verified,0,14
TXN000002609,CUST008005,2019-01-09,06:32,Salary,Auto_Debit,3713.87,Debit,25129.76,Salary,Gujarat,835,0,No loan,0.0,Success,POS_Terminal,Verified,0,6
TXN000002610,CUST009753,2019-01-09,19:29,Savings,Net_Banking,10593.97,Credit,54856.55,Food & Dining,Tamil Nadu,509,0,No loan,0.0,Success,API,Pending,0,19
TXN000002611,CUST055427,2019-01-09,05:49,Savings,IMPS,6242.81,Credit,98332.54,Salary,Tamil Nadu,499,0,No loan,0.0,Success,ATM,Verified,0,5
TXN000002612,CUST026820,2019-01-09,20:52,Savings,POS,708.84,Debit,119695.92,E-Commerce,UP,570,0,No loan,0.0,Success,Mobile_App,Verified,0,20
TXN000002613,CUST024218,2019-01-09,07:14,NRI,IMPS,2263.32,Debit,83415.91,Insurance,Rajasthan,429,0,No loan,0.0,Success,Mobile_App,Verified,0,7
TXN000002614,CUST032995,2019-01-09,09:39,Current,NEFT,41302.73,Debit,4234.66,Investment,Telangana,660,0,No loan,0.0,Success,ATM,Verified,0,9
TXN000002615,CUST015037,2019-01-09,07:56,Salary,POS,698.5,Debit,184784.4,Peer Transfer,Telangana,770,1,Unknown,9284.07,Success,Mobile_App,Verified,0,7
TXN000002616,CUST077276,2019-01-09,02:46,Savings,Net_Banking,46157.62,Debit,204699.99,Retail,Telangana,338,1,Unknown,8720.6,Success,Web,Verified,0,2
TXN000002617,CUST049417,2019-01-09,04:59,NRI,Auto_Debit,4586.58,Debit,38501.14,Peer Transfer,UP,326,1,Business,9460.24,Success,Mobile_App,Verified,0,4
TXN000002618,CUST009588,2019-01-09,19:12,Savings,Net_Banking,19414.61,Debit,54038.51,Healthcare,Tamil Nadu,811,0,No loan,0.0,Success,Branch,Verified,0,19
TXN000002619,CUST000646,2019-01-09,14:26,Current,Auto_Debit,629.77,Debit,16980.49,Government,UP,608,0,No loan,0.0,Success,ATM,Verified,0,14
TXN000002620,CUST030931,2019-01-09,10:49,Savings,UPI,574.0,Debit,28464.05,Utilities,Maharashtra,344,1,Auto,5891.69,Success,ATM,Verified,0,10
TXN000002621,CUST030091,2019-01-09,15:49,Salary,POS,3033.42,Debit,115227.55,Entertainment,Maharashtra,386,0,No loan,0.0,Success,Web,Verified,0,15
TXN000002622,CUST052143,2019-01-09,07:50,Savings,ATM_Withdrawal,500.0,Debit,65104.92,Healthcare,Telangana,807,1,Home,4222.31,Success,Mobile_App,Verified,0,7
TXN000002623,CUST026476,2019-01-09,00:29,Salary,ATM_Withdrawal,5000.0,Debit,24902.84,Salary,Delhi,610,1,Unknown,1923.44,Success,Mobile_App,Verified,0,0
TXN000002624,CUST018889,2019-01-09,06:06,NRI,IMPS,7006.19,Credit,13040.86,Retail,West Bengal,820,0,No loan,0.0,Success,POS_Terminal,Verified,0,6
TXN000002625,CUST043733,2019-01-09,11:04,Savings,ATM_Withdrawal,5000.0,Debit,38135.97,Real Estate,Karnataka,671,1,Personal,5847.31,Success,API,Verified,0,11
TXN000002626,CUST046306,2019-01-09,08:08,Salary,POS,420.51,Debit,29252.23,Salary,Telangana,511,1,Gold,3872.27,Success,Mobile_App,Verified,0,8
TXN000002627,CUST046038,2019-01-09,01:52,NRI,RTGS,478303.34,Credit,12256.41,Entertainment,Delhi,893,0,No loan,0.0,Success,API,Pending,0,1
TXN000002628,CUST009347,2019-01-09,00:53,Savings,Cheque,6350.99,Credit,2910.99,E-Commerce,Tamil Nadu,423,0,No loan,0.0,Success,Mobile_App,Verified,0,0
TXN000002629,CUST000588,2019-01-09,01:27,Savings,NEFT,18275.12,Credit,24022.8,Travel,Maharashtra,404,0,No loan,0.0,Success,POS_Terminal,Verified,0,1
TXN000002630,CUST012764,2019-01-09,16:02,NRI,ATM_Withdrawal,2000.0,Debit,71707.87,Government,UP,479,1,Education,7039.71,Success,Mobile_App,Verified,0,16
TXN000002631,CUST059166,2019-01-09,21:01,Current,IMPS,574.75,Credit,152108.52,Government,Telangana,745,1,Auto,8828.39,Success,Web,Verified,0,21
TXN000002632,CUST069616,2019-01-09,06:19,Savings,IMPS,3024.65,Debit,5015.27,Government,Gujarat,529,0,No loan,0.0,Success,Mobile_App,Verified,0,6
TXN000002633,CUST036117,2019-01-09,07:21,Salary,IMPS,2801.39,Credit,69264.43,Salary,Gujarat,795,0,No loan,0.0,Success,Web,Verified,0,7
TXN000002634,CUST025557,2019-01-09,02:01,Savings,ATM_Withdrawal,500.0,Debit,64474.45,Retail,Punjab,834,0,No loan,0.0,Success,Web,Verified,0,2
TXN000002635,CUST059043,2019-01-09,15:35,Savings,Credit_Card,3387.43,Debit,46092.16,Salary,West Bengal,420,0,No loan,0.0,Success,Mobile_App,Verified,0,15
TXN000002636,CUST018100,2019-01-09,17:06,Fixed Deposit,NEFT,101394.18,Credit,8478.76,Travel,Delhi,357,0,No loan,0.0,Success,Branch,Verified,0,17
TXN000002637,CUST045097,2019-01-09,09:12,Savings,POS,586.67,Debit,30458.55,Peer Transfer,UP,322,1,Auto,1692.64,Success,Branch,Verified,0,9
TXN000002638,CUST071987,2019-01-09,19:36,Salary,ATM_Withdrawal,5000.0,Debit,690016.89,Government,Maharashtra,394,0,No loan,0.0,Success,Web,Verified,0,19
TXN000002639,CUST013231,2019-01-09,11:29,Savings,POS,6318.7,Debit,43870.65,Entertainment,Delhi,632,1,Business,7260.88,Success,ATM,Verified,0,11
TXN000002640,CUST029010,2019-01-09,04:38,Current,ATM_Withdrawal,10000.0,Debit,64132.46,Travel,Tamil Nadu,639,1,Business,7542.6,Success,Web,Verified,0,4
TXN000002641,CUST070970,2019-01-09,11:52,Salary,Auto_Debit,1120.28,Debit,896.91,E-Commerce,Telangana,659,0,No loan,0.0,Success,Branch,Verified,0,11
TXN000002642,CUST033867,2019-01-09,12:16,Current,NEFT,2373.21,Credit,21364.53,Investment,Gujarat,893,0,No loan,0.0,Success,Mobile_App,Verified,1,12
TXN000002643,CUST076976,2019-01-09,18:03,Current,UPI,9064.35,Credit,39606.47,E-Commerce,Tamil Nadu,480,0,No loan,0.0,Success,Mobile_App,Verified,0,18
TXN000002644,CUST041856,2019-01-09,04:31,Salary,UPI,216.73,Debit,1056.74,Food & Dining,Maharashtra,335,0,No loan,0.0,Success,ATM,Verified,0,4
TXN000002645,CUST006417,2019-01-09,19:13,Salary,ATM_Withdrawal,5000.0,Debit,2624.29,Utilities,Gujarat,667,0,No loan,0.0,Success,POS_Terminal,Verified,0,19
TXN000002646,CUST072517,2019-01-09,04:39,Fixed Deposit,ATM_Withdrawal,5000.0,Debit,2917.78,Government,Delhi,761,0,No loan,0.0,Success,Web,Verified,0,4
TXN000002647,CUST055916,2019-01-09,04:39,Salary,Auto_Debit,4441.94,Debit,20005.75,Food & Dining,Telangana,324,1,Education,8509.51,Success,Web,Verified,0,4
TXN000002648,CUST018059,2019-01-09,11:03,Current,POS,530.14,Debit,25912.18,Retail,Maharashtra,652,0,No loan,0.0,Success,Mobile_App,Pending,0,11
TXN000002649,CUST076638,2019-01-09,03:43,Salary,IMPS,2169.8,Debit,102424.0,Retail,Rajasthan,341,0,No loan,0.0,Success,Mobile_App,Expired,0,3
TXN000002650,CUST040719,2019-01-09,07:05,Current,UPI,278.7,Debit,79225.6,Food & Dining,UP,632,0,No loan,0.0,Success,ATM,Pending,0,7
TXN000002651,CUST032603,2019-01-09,08:47,Savings,Cheque,745618.98,Debit,14214.2,Government,Punjab,873,1,Business,9362.0,Success,Web,Verified,0,8
TXN000002652,CUST074659,2019-01-09,11:09,Fixed Deposit,Cheque,3571.11,Debit,30475.64,Healthcare,Karnataka,561,0,No loan,0.0,Success,Mobile_App,Verified,0,11
TXN000002653,CUST078113,2019-01-09,12:04,Savings,NEFT,7177.35,Debit,80116.65,Entertainment,West Bengal,847,1,Unknown,7037.58,Success,POS_Terminal,Pending,0,12
TXN000002654,CUST058068,2019-01-09,02:01,Salary,IMPS,2066.6,Credit,43586.58,Education,Rajasthan,814,0,No loan,0.0,Success,Mobile_App,Verified,0,2
TXN000002655,CUST027517,2019-01-09,07:44,Savings,RTGS,213478.76,Credit,28663.74,E-Commerce,Tamil Nadu,834,0,No loan,0.0,Success,POS_Terminal,Verified,0,7
TXN000002656,CUST001090,2019-01-09,04:40,Salary,UPI,998.71,Debit,85248.08,Utilities,Rajasthan,661,0,No loan,0.0,Success,Branch,Verified,0,4
TXN000002657,CUST037347,2019-01-09,12:15,Savings,ATM_Withdrawal,500.0,Debit,308439.69,Travel,Karnataka,703,1,Business,8151.44,Success,POS_Terminal,Verified,0,12
TXN000002658,CUST074664,2019-01-09,02:09,Current,IMPS,5056.15,Debit,3179.19,E-Commerce,Delhi,844,0,No loan,0.0,Success,Web,Verified,0,2
TXN000002659,CUST010488,2019-01-09,21:58,Current,Net_Banking,6893.66,Debit,21532.18,Government,West Bengal,885,0,No loan,0.0,Failed,Mobile_App,Verified,0,21
TXN000002660,CUST000156,2019-01-09,01:51,Savings,IMPS,5130.08,Debit,18814.29,Entertainment,Gujarat,794,0,No loan,0.0,Success,Branch,Verified,0,1
TXN000002661,CUST067495,2019-01-09,11:19,Current,UPI,79.78,Debit,97096.13,Entertainment,Telangana,569,0,No loan,0.0,Success,Mobile_App,Verified,0,11
TXN000002662,CUST076230,2019-01-09,19:36,Current,UPI,118.95,Debit,32728.02,Food & Dining,Delhi,409,0,No loan,0.0,Success,Web,Verified,0,19
TXN000002663,CUST038548,2019-01-09,21:57,NRI,UPI,644.1,Debit,116039.03,Investment,Delhi,527,0,No loan,0.0,Success,ATM,Verified,0,21
TXN000002664,CUST028796,2019-01-09,10:16,Savings,UPI,142.43,Credit,634157.97,Fuel,West Bengal,487,0,No loan,0.0,Success,Mobile_App,Verified,0,10
TXN000002665,CUST055297,2019-01-09,06:50,Savings,Net_Banking,3668.18,Debit,5970.59,Retail,Tamil Nadu,759,1,Personal,8794.88,Success,Mobile_App,Verified,0,6
TXN000002666,CUST021448,2019-01-09,08:45,Salary,ATM_Withdrawal,500.0,Debit,67922.69,Travel,Telangana,715,0,No loan,0.0,Success,Web,Verified,0,8
TXN000002667,CUST036599,2019-01-09,15:30,Savings,UPI,3326.76,Debit,16963.9,Government,Delhi,817,1,Auto,3067.43,Success,Web,Verified,0,15
TXN000002668,CUST041815,2019-01-09,00:09,Current,IMPS,289.36,Debit,366930.42,Government,Karnataka,359,0,No loan,0.0,Success,ATM,Verified,0,0
TXN000002669,CUST075331,2019-01-09,02:05,Savings,POS,1875.01,Debit,66717.22,Retail,UP,558,1,Education,3818.75,Success,POS_Terminal,Verified,0,2
TXN000002670,CUST063279,2019-01-09,04:51,Current,Net_Banking,265.22,Debit,45787.26,Investment,Maharashtra,323,0,No loan,0.0,Success,API,Verified,0,4
TXN000002671,CUST055078,2019-01-09,06:58,Fixed Deposit,RTGS,419866.57,Debit,131794.43,Salary,Maharashtra,795,1,Education,4681.59,Success,ATM,Verified,0,6
TXN000002672,CUST071907,2019-01-09,02:48,NRI,Net_Banking,5318.44,Credit,16039.59,Government,Gujarat,357,1,Business,1519.07,Success,ATM,Verified,0,2
TXN000002673,CUST009529,2019-01-09,08:58,Savings,UPI,933.03,Debit,164571.31,E-Commerce,Gujarat,467,1,Auto,6849.53,Success,Web,Verified,0,8
TXN000002674,CUST050101,2019-01-09,01:56,Savings,UPI,665.18,Debit,38510.89,Retail,Delhi,770,0,No loan,0.0,Success,Mobile_App,Verified,0,1
TXN000002675,CUST008180,2019-01-09,09:33,NRI,Auto_Debit,3979.8,Debit,3238.17,Travel,West Bengal,464,1,Education,4528.41,Success,API,Verified,0,9
TXN000002676,CUST048782,2019-01-09,05:16,Savings,IMPS,8746.02,Debit,67059.0,Government,Tamil Nadu,384,1,Education,3813.3,Success,Branch,Verified,0,5
TXN000002677,CUST055268,2019-01-09,12:59,Salary,POS,4548.41,Debit,182630.79,Healthcare,Maharashtra,460,1,Education,4998.72,Success,Mobile_App,Verified,0,12
TXN000002678,CUST023953,2019-01-09,22:54,Savings,IMPS,141600.29,Debit,179884.12,Entertainment,Tamil Nadu,803,0,No loan,0.0,Success,Mobile_App,Verified,0,22
TXN000002679,CUST053799,2019-01-09,05:06,Savings,RTGS,76297.32,Credit,7466.22,Retail,Karnataka,492,0,No loan,0.0,Success,ATM,Verified,0,5
TXN000002680,CUST050940,2019-01-09,19:43,Savings,NEFT,5286.17,Credit,32208.49,Entertainment,Maharashtra,469,0,No loan,0.0,Pending,Mobile_App,Verified,0,19
TXN000002681,CUST029517,2019-01-09,23:19,Savings,IMPS,989.85,Debit,397793.16,Salary,Telangana,428,0,No loan,0.0,Success,Web,Verified,0,23
TXN000002682,CUST056527,2019-01-09,12:44,NRI,ATM_Withdrawal,1000.0,Debit,25669.57,E-Commerce,Telangana,377,0,No loan,0.0,Success,Mobile_App,Verified,0,12
TXN000002683,CUST010450,2019-01-09,16:58,Savings,NEFT,21113.4,Debit,58635.26,Real Estate,Maharashtra,594,0,No loan,0.0,Success,Mobile_App,Verified,0,16
TXN000002684,CUST050291,2019-01-09,07:52,Savings,UPI,916.2,Credit,8697.74,E-Commerce,Delhi,705,0,No loan,0.0,Success,Mobile_App,Verified,0,7
TXN000002685,CUST072955,2019-01-09,00:30,Savings,UPI,49.46,Debit,12660.79,Retail,Maharashtra,632,0,No loan,0.0,Success,API,Verified,0,0
TXN000002686,CUST022747,2019-01-09,04:04,Salary,Credit_Card,308.79,Debit,156925.06,E-Commerce,Rajasthan,885,0,No loan,0.0,Success,Mobile_App,Verified,0,4
TXN000002687,CUST067991,2019-01-09,16:33,Savings,POS,586.71,Debit,11699.62,Salary,UP,622,0,No loan,0.0,Failed,Mobile_App,Verified,0,16
TXN000002688,CUST058811,2019-01-09,09:09,Savings,NEFT,33055.03,Credit,25774.5,Entertainment,Telangana,718,0,No loan,0.0,Success,Mobile_App,Verified,0,9
TXN000002689,CUST015224,2019-01-09,08:25,NRI,ATM_Withdrawal,5000.0,Debit,12431.84,Healthcare,Karnataka,825,0,No loan,0.0,Success,Mobile_App,Verified,0,8
TXN000002690,CUST072238,2019-01-09,22:39,Current,IMPS,5917.86,Debit,59395.56,Utilities,West Bengal,610,1,Unknown,11872.13,Success,Branch,Verified,0,22
TXN000002691,CUST002598,2019-01-09,19:45,Current,UPI,1358.02,Credit,1015.51,Food & Dining,Tamil Nadu,745,0,No loan,0.0,Success,POS_Terminal,Verified,0,19
TXN000002692,CUST065678,2019-01-09,02:20,Current,Cheque,7229.25,Debit,2877.44,Education,Tamil Nadu,653,0,No loan,0.0,Success,ATM,Verified,0,2
TXN000002693,CUST002660,2019-01-09,19:31,Savings,UPI,350.25,Credit,9064.18,Salary,Karnataka,693,0,No loan,0.0,Success,Mobile_App,Verified,0,19
TXN000002694,CUST074568,2019-01-09,15:53,Savings,NEFT,3474.75,Credit,275594.26,E-Commerce,Tamil Nadu,447,0,No loan,0.0,Success,POS_Terminal,Pending,0,15
TXN000002695,CUST015038,2019-01-09,18:40,Current,UPI,672.2,Debit,90356.61,Healthcare,Delhi,331,0,No loan,0.0,Success,Mobile_App,Verified,0,18
TXN000002696,CUST046739,2019-01-09,11:01,Salary,UPI,924.36,Credit,9641.08,E-Commerce,Maharashtra,379,1,Unknown,4807.02,Success,Web,Verified,0,11
TXN000002697,CUST071679,2019-01-09,16:33,Salary,IMPS,3698.76,Debit,9691.22,Peer Transfer,Rajasthan,385,1,Personal,2149.16,Success,API,Verified,0,16
TXN000002698,CUST012110,2019-01-09,18:05,Salary,IMPS,2784.6,Debit,3855.74,Entertainment,Punjab,724,1,Home,3379.1,Success,Web,Expired,0,18
TXN000002699,CUST022011,2019-01-09,06:03,Savings,IMPS,2737.25,Debit,46882.75,E-Commerce,Tamil Nadu,684,0,No loan,0.0,Success,ATM,Verified,0,6
TXN000002700,CUST008788,2019-01-09,01:03,Current,UPI,1386.17,Credit,179881.97,Government,Gujarat,677,1,Auto,7660.5,Success,Web,Verified,0,1
TXN000002701,CUST008473,2019-01-09,14:12,Current,UPI,2163.46,Debit,27405.9,Real Estate,Karnataka,496,0,No loan,0.0,Success,Web,Verified,0,14
TXN000002702,CUST023384,2019-01-09,13:36,Salary,Auto_Debit,3854.46,Debit,155073.38,Travel,Rajasthan,882,1,Auto,7132.81,Success,POS_Terminal,Pending,0,13
TXN000002703,CUST061710,2019-01-09,02:51,Salary,POS,7817.04,Debit,20839.33,E-Commerce,Maharashtra,810,0,No loan,0.0,Success,POS_Terminal,Verified,0,2
TXN000002704,CUST069786,2019-01-09,08:02,NRI,UPI,392.43,Credit,108757.38,Food & Dining,Maharashtra,890,1,Personal,1528.74,Success,ATM,Verified,0,8
TXN000002705,CUST034519,2019-01-09,02:25,Savings,IMPS,10797.67,Credit,3857.44,Education,Delhi,864,1,Education,5420.55,Success,Mobile_App,Verified,0,2
TXN000002706,CUST053910,2019-01-09,10:30,Savings,Cheque,388799.92,Debit,413406.6,Salary,West Bengal,837,0,No loan,0.0,Success,ATM,Verified,0,10
TXN000002707,CUST018352,2019-01-09,07:10,Current,NEFT,15283.46,Debit,21495.38,E-Commerce,Maharashtra,894,1,Personal,1075.81,Success,POS_Terminal,Verified,0,7
TXN000002708,CUST069625,2019-01-09,22:30,Current,UPI,847.3,Credit,35386.87,Food & Dining,Tamil Nadu,755,0,No loan,0.0,Pending,Web,Verified,0,22
TXN000002709,CUST053331,2019-01-09,03:57,Savings,POS,3655.48,Debit,41830.01,Insurance,Gujarat,305,0,No loan,0.0,Success,POS_Terminal,Expired,0,3
TXN000002710,CUST015283,2019-01-09,14:40,Savings,NEFT,1112.5,Credit,67314.64,Retail,Maharashtra,586,0,No loan,0.0,Success,Mobile_App,Verified,0,14
TXN000002711,CUST021779,2019-01-09,03:16,Current,Net_Banking,10196.94,Debit,362829.47,Entertainment,UP,603,1,Business,1745.42,Success,Mobile_App,Verified,0,3
TXN000002712,CUST024265,2019-01-09,23:23,Fixed Deposit,UPI,4170.36,Debit,34653.15,Investment,West Bengal,845,1,Auto,4542.97,Success,Mobile_App,Verified,0,23
TXN000002713,CUST059676,2019-01-09,07:54,Savings,UPI,709.12,Debit,151449.34,E-Commerce,Rajasthan,527,0,No loan,0.0,Success,ATM,Expired,0,7
TXN000002714,CUST005076,2019-01-09,22:05,Salary,UPI,196.82,Credit,1495.35,Retail,Karnataka,670,1,Personal,7414.12,Success,Branch,Verified,0,22
TXN000002715,CUST075949,2019-01-09,08:14,Savings,UPI,20453.18,Debit,6550.18,Retail,Karnataka,890,1,Education,7527.78,Success,POS_Terminal,Verified,0,8
TXN000002716,CUST048455,2019-01-09,22:31,Savings,UPI,408.53,Credit,7726.93,Food & Dining,Maharashtra,825,0,No loan,0.0,Success,Mobile_App,Verified,0,22
TXN000002717,CUST028366,2019-01-09,20:15,Savings,UPI,16146.83,Credit,29330.68,Retail,Delhi,760,0,No loan,0.0,Success,ATM,Verified,0,20
TXN000002718,CUST072767,2019-01-09,16:54,Savings,UPI,2313.14,Debit,36103.43,Utilities,West Bengal,853,1,Personal,5746.96,Success,Branch,Verified,0,16
TXN000002719,CUST048201,2019-01-09,09:11,Salary,IMPS,2173.38,Credit,101346.17,Retail,Telangana,419,1,Business,3707.0,Success,ATM,Verified,0,9
TXN000002720,CUST011003,2019-01-09,11:42,Current,IMPS,779.53,Debit,10274.6,Utilities,Karnataka,310,1,Auto,6542.06,Success,Web,Verified,0,11
TXN000002721,CUST013948,2019-01-09,23:40,Fixed Deposit,POS,954.05,Debit,123041.67,Utilities,Tamil Nadu,510,0,No loan,0.0,Success,Web,Verified,0,23
TXN000002722,CUST079223,2019-01-09,09:36,Current,NEFT,7338.74,Credit,116769.86,Utilities,Punjab,625,0,No loan,0.0,Pending,Mobile_App,Verified,0,9
TXN000002723,CUST078611,2019-01-09,04:16,Savings,UPI,5062.44,Credit,33663.67,E-Commerce,Delhi,827,0,No loan,0.0,Success,Web,Verified,0,4
TXN000002724,CUST052143,2019-01-09,14:00,Savings,NEFT,154982.7,Debit,18068.81,Investment,West Bengal,852,1,Business,2130.58,Success,Mobile_App,Verified,0,14
TXN000002725,CUST056308,2019-01-09,18:54,Savings,Auto_Debit,2978.41,Debit,181082.06,Real Estate,Delhi,306,0,No loan,0.0,Success,Web,Verified,0,18
TXN000002726,CUST004494,2019-01-09,10:17,Savings,UPI,94.66,Debit,131840.46,Retail,West Bengal,689,0,No loan,0.0,Success,Mobile_App,Verified,0,10
TXN000002727,CUST050086,2019-01-09,06:31,Fixed Deposit,RTGS,142006.98,Credit,39478.71,Utilities,Karnataka,860,1,Home,3190.42,Reversed,Web,Verified,0,6
TXN000002728,CUST034229,2019-01-09,17:50,Salary,NEFT,11401.51,Credit,86890.68,Peer Transfer,Rajasthan,884,0,No loan,0.0,Success,Branch,Verified,0,17
TXN000002729,CUST079677,2019-01-09,09:56,Salary,POS,2694.17,Debit,60774.19,Utilities,Maharashtra,738,0,No loan,0.0,Pending,Mobile_App,Verified,0,9
TXN000002730,CUST051876,2019-01-09,00:10,Savings,Credit_Card,539.39,Debit,879.75,Utilities,Telangana,368,0,No loan,0.0,Success,API,Verified,0,0
TXN000002731,CUST031656,2019-01-09,08:24,Savings,POS,3418.63,Debit,32358.02,Travel,Karnataka,617,0,No loan,0.0,Success,Web,Verified,0,8
TXN000002732,CUST043473,2019-01-09,04:05,Savings,NEFT,7441.62,Credit,8964.8,Utilities,Rajasthan,841,0,No loan,0.0,Success,Web,Verified,0,4
TXN000002733,CUST049438,2019-01-09,01:04,Current,NEFT,25290.88,Credit,228197.37,Real Estate,Tamil Nadu,330,1,Home,6434.21,Success,Mobile_App,Pending,0,1
TXN000002734,CUST049417,2019-01-09,18:27,Salary,POS,138.11,Debit,41125.9,Food & Dining,Delhi,300,0,No loan,0.0,Success,Web,Verified,0,18
TXN000002735,CUST059712,2019-01-09,01:31,Current,UPI,274.99,Debit,56489.73,Insurance,Maharashtra,895,1,Auto,2449.76,Success,API,Verified,0,1
TXN000002736,CUST006817,2019-01-09,04:59,Current,UPI,422.36,Credit,12232.27,Retail,Delhi,531,1,Home,13254.28,Success,API,Verified,0,4
TXN000002737,CUST077176,2019-01-09,09:00,Salary,POS,661.94,Debit,22746.83,Government,Karnataka,454,0,No loan,0.0,Success,Mobile_App,Verified,0,9
TXN000002738,CUST064308,2019-01-09,09:28,Savings,Cheque,55930.21,Credit,83224.21,E-Commerce,Maharashtra,575,0,No loan,0.0,Pending,Mobile_App,Verified,0,9
TXN000002739,CUST046734,2019-01-09,06:52,Current,Auto_Debit,659.34,Debit,41982.75,Healthcare,Rajasthan,474,0,No loan,0.0,Success,Web,Verified,0,6
TXN000002740,CUST011241,2019-01-09,11:24,Salary,UPI,420.09,Debit,168871.68,Food & Dining,Karnataka,589,0,No loan,0.0,Success,API,Verified,0,11
TXN000002741,CUST071364,2019-01-10,07:09,Savings,POS,624.83,Debit,73239.56,Government,Telangana,350,1,Education,8723.12,Success,Mobile_App,Pending,0,7
TXN000002742,CUST032763,2019-01-10,14:50,Fixed Deposit,Net_Banking,3274.18,Debit,156028.81,Salary,Rajasthan,418,1,Education,7665.48,Success,Mobile_App,Expired,0,14
TXN000002743,CUST008260,2019-01-10,03:08,Salary,Net_Banking,70794.96,Debit,60276.6,Peer Transfer,Maharashtra,852,1,Education,999.22,Success,ATM,Verified,0,3
TXN000002744,CUST050140,2019-01-10,08:13,Current,NEFT,29660.29,Credit,37207.04,Utilities,Tamil Nadu,733,0,No loan,0.0,Success,Mobile_App,Verified,0,8
TXN000002745,CUST014850,2019-01-10,07:01,Savings,POS,1073.37,Debit,43807.14,Retail,Rajasthan,788,0,No loan,0.0,Success,Mobile_App,Verified,0,7
TXN000002746,CUST054870,2019-01-10,05:48,NRI,NEFT,21397.66,Credit,95201.56,Salary,Karnataka,581,1,Personal,4342.89,Failed,Mobile_App,Verified,0,5
TXN000002747,CUST063096,2019-01-10,03:57,Savings,UPI,2464.69,Debit,103406.89,Healthcare,Telangana,560,0,No loan,0.0,Success,Mobile_App,Verified,0,3
TXN000002748,CUST070911,2019-01-10,17:58,Salary,UPI,209.95,Debit,37934.35,Travel,Maharashtra,377,1,Home,24392.73,Success,Mobile_App,Verified,0,17
TXN000002749,CUST023568,2019-01-10,23:45,Savings,POS,8703.55,Debit,7594.97,Salary,Tamil Nadu,588,0,No loan,0.0,Success,Web,Verified,0,23
TXN000002750,CUST035293,2019-01-10,17:07,Savings,POS,295.79,Debit,5288.77,Peer Transfer,Gujarat,722,1,Education,10278.24,Success,Mobile_App,Verified,0,17
TXN000002751,CUST074814,2019-01-10,13:30,Current,Cheque,8703.92,Debit,615884.52,Food & Dining,Maharashtra,448,1,Auto,47360.7,Success,Web,Verified,0,13
TXN000002752,CUST051632,2019-01-10,22:10,Savings,IMPS,16466.71,Debit,202655.36,Travel,Telangana,869,0,No loan,0.0,Success,Web,Verified,0,22
TXN000002753,CUST009886,2019-01-10,08:01,Fixed Deposit,UPI,697.69,Debit,14681.21,Utilities,Delhi,708,0,No loan,0.0,Success,ATM,Verified,0,8
TXN000002754,CUST059660,2019-01-10,22:33,NRI,UPI,1370.89,Credit,21376.92,E-Commerce,Karnataka,432,0,No loan,0.0,Success,Mobile_App,Verified,0,22
TXN000002755,CUST054307,2019-01-10,22:47,Salary,POS,316.15,Debit,16126.45,Investment,UP,441,1,Business,15188.88,Success,Mobile_App,Verified,0,22
TXN000002756,CUST066315,2019-01-10,05:33,Fixed Deposit,NEFT,44967.51,Debit,88350.69,Food & Dining,Gujarat,796,1,Personal,2808.87,Success,Mobile_App,Verified,0,5
TXN000002757,CUST065088,2019-01-10,21:21,Current,UPI,344.81,Credit,452318.31,Retail,Rajasthan,782,0,No loan,0.0,Success,POS_Terminal,Pending,0,21
TXN000002758,CUST029166,2019-01-10,00:35,NRI,UPI,1220.0,Debit,43369.75,Food & Dining,Karnataka,792,0,No loan,0.0,Success,Web,Verified,0,0
TXN000002759,CUST058930,2019-01-10,21:00,Current,ATM_Withdrawal,500.0,Debit,292972.18,Insurance,Tamil Nadu,628,0,No loan,0.0,Success,Mobile_App,Verified,0,21
TXN000002760,CUST067029,2019-01-10,16:04,Savings,UPI,628.11,Debit,55411.35,Entertainment,Rajasthan,427,1,Business,1421.22,Success,Mobile_App,Verified,0,16
TXN000002761,CUST049813,2019-01-10,11:30,Savings,UPI,369.74,Debit,46194.86,Salary,Delhi,865,0,No loan,0.0,Success,Mobile_App,Verified,0,11
TXN000002762,CUST050501,2019-01-10,03:18,Savings,NEFT,22241.77,Debit,11741.03,Travel,Rajasthan,476,1,Unknown,14471.75,Success,ATM,Expired,0,3
TXN000002763,CUST079152,2019-01-10,08:44,Salary,UPI,215.89,Debit,191650.98,Entertainment,Maharashtra,381,1,Auto,6678.9,Success,Web,Verified,0,8
TXN000002764,CUST058644,2019-01-10,19:57,Savings,UPI,209.82,Debit,4150.53,Retail,Karnataka,318,0,No loan,0.0,Success,Branch,Verified,0,19
TXN000002765,CUST044901,2019-01-10,17:07,NRI,UPI,1277.33,Debit,137772.27,Fuel,Tamil Nadu,792,0,No loan,0.0,Success,Mobile_App,Verified,0,17
TXN000002766,CUST042947,2019-01-10,18:24,Current,Cheque,11276.76,Debit,61541.38,Retail,Maharashtra,779,0,No loan,0.0,Success,Branch,Verified,0,18
TXN000002767,CUST007852,2019-01-10,09:16,NRI,UPI,3326.01,Debit,17764.79,Education,Gujarat,370,1,Personal,14420.46,Success,Web,Verified,0,9
TXN000002768,CUST016289,2019-01-10,10:34,NRI,UPI,1816.26,Debit,298386.55,Insurance,Gujarat,862,0,No loan,0.0,Success,ATM,Verified,0,10
TXN000002769,CUST072693,2019-01-10,13:42,Current,ATM_Withdrawal,500.0,Debit,9285.89,Food & Dining,Tamil Nadu,801,0,No loan,0.0,Success,Mobile_App,Verified,0,13
TXN000002770,CUST067581,2019-01-10,03:40,Savings,IMPS,1264.41,Credit,29992.73,Retail,Maharashtra,525,0,No loan,0.0,Success,ATM,Verified,0,3
TXN000002771,CUST007369,2019-01-10,18:51,Savings,RTGS,34082.89,Credit,7278.64,Insurance,Maharashtra,850,0,No loan,0.0,Failed,POS_Terminal,Verified,0,18
TXN000002772,CUST046404,2019-01-10,15:13,Savings,ATM_Withdrawal,3000.0,Debit,7322.27,Travel,Maharashtra,479,0,No loan,0.0,Success,Branch,Pending,0,15
TXN000002773,CUST009169,2019-01-10,08:58,NRI,Cheque,43996.76,Debit,86126.6,E-Commerce,Karnataka,353,0,No loan,0.0,Success,POS_Terminal,Verified,0,8
TXN000002774,CUST049880,2019-01-10,12:48,Current,RTGS,125219.74,Credit,45319.3,E-Commerce,Maharashtra,884,0,No loan,0.0,Success,Branch,Verified,0,12
TXN000002775,CUST059872,2019-01-10,00:00,Current,UPI,316.94,Debit,24946.05,E-Commerce,Tamil Nadu,774,1,Unknown,17701.67,Success,Mobile_App,Verified,0,0
TXN000002776,CUST032175,2019-01-10,23:36,Fixed Deposit,UPI,4400.91,Debit,42799.24,Fuel,Delhi,695,1,Home,2075.76,Success,ATM,Verified,0,23
TXN000002777,CUST006582,2019-01-10,06:29,Savings,ATM_Withdrawal,1000.0,Debit,130440.49,Peer Transfer,Gujarat,732,0,No loan,0.0,Success,POS_Terminal,Verified,0,6
TXN000002778,CUST071854,2019-01-10,02:51,NRI,Cheque,16897.91,Credit,116184.97,Utilities,Delhi,893,0,No loan,0.0,Success,ATM,Verified,0,2
TXN000002779,CUST064047,2019-01-10,04:12,Savings,Credit_Card,8613.86,Debit,62079.78,Healthcare,Gujarat,521,1,Auto,34846.38,Success,POS_Terminal,Verified,0,4
TXN000002780,CUST049679,2019-01-10,01:58,Salary,ATM_Withdrawal,500.0,Debit,55377.38,E-Commerce,West Bengal,866,1,Education,47631.91,Success,POS_Terminal,Verified,0,1
TXN000002781,CUST026650,2019-01-10,19:24,Current,RTGS,30396.32,Credit,12996.76,E-Commerce,Maharashtra,785,0,No loan,0.0,Success,Mobile_App,Verified,0,19
TXN000002782,CUST014568,2019-01-10,09:10,Current,NEFT,18665.88,Debit,182743.49,Entertainment,UP,595,1,Business,8038.98,Success,ATM,Verified,0,9
TXN000002783,CUST061945,2019-01-10,04:49,Current,IMPS,2691.95,Debit,16400.48,Travel,Delhi,821,1,Education,5694.79,Success,ATM,Verified,1,4
TXN000002784,CUST078003,2019-01-10,20:05,Savings,POS,3516.94,Debit,35488.91,Salary,Maharashtra,755,1,Home,3630.78,Success,POS_Terminal,Pending,0,20
TXN000002785,CUST028804,2019-01-10,12:32,Savings,IMPS,972.0,Debit,192793.81,Travel,Tamil Nadu,463,1,Home,7884.1,Success,Mobile_App,Verified,0,12
TXN000002786,CUST018231,2019-01-10,17:16,Salary,UPI,449.22,Credit,4404.87,Peer Transfer,Tamil Nadu,467,1,Auto,4215.84,Reversed,Web,Expired,0,17
TXN000002787,CUST017863,2019-01-10,12:06,Current,IMPS,1620.77,Credit,133514.34,Retail,Maharashtra,712,0,No loan,0.0,Success,Mobile_App,Verified,0,12
TXN000002788,CUST043356,2019-01-10,11:15,Current,IMPS,2312.45,Credit,52274.39,Real Estate,Gujarat,414,0,No loan,0.0,Success,Branch,Verified,0,11
TXN000002789,CUST031260,2019-01-10,09:43,Current,ATM_Withdrawal,1000.0,Debit,34330.91,Real Estate,Maharashtra,510,0,No loan,0.0,Success,Mobile_App,Verified,0,9
TXN000002790,CUST030796,2019-01-10,03:48,Current,UPI,331.66,Debit,10778.32,E-Commerce,West Bengal,804,0,No loan,0.0,Success,ATM,Verified,0,3
TXN000002791,CUST008771,2019-01-10,20:45,Savings,NEFT,81284.21,Debit,8523.03,Travel,Karnataka,433,0,No loan,0.0,Success,Web,Pending,0,20
TXN000002792,CUST011094,2019-01-10,08:54,Savings,NEFT,78660.31,Credit,26157.86,Retail,Rajasthan,351,0,No loan,0.0,Success,Web,Verified,0,8
TXN000002793,CUST046572,2019-01-10,18:02,Current,NEFT,93560.7,Debit,3771.55,Healthcare,Maharashtra,871,0,No loan,0.0,Success,Mobile_App,Verified,0,18
TXN000002794,CUST000194,2019-01-10,05:04,Current,POS,6768.35,Debit,432819.28,Entertainment,Maharashtra,756,0,No loan,0.0,Success,POS_Terminal,Verified,0,5
TXN000002795,CUST017570,2019-01-10,19:57,Savings,Net_Banking,9967.33,Debit,12538.92,E-Commerce,Karnataka,392,0,No loan,0.0,Success,Mobile_App,Verified,0,19
TXN000002796,CUST011191,2019-01-10,16:02,Savings,UPI,503.94,Debit,73610.32,Peer Transfer,Tamil Nadu,666,1,Business,1364.08,Success,Web,Pending,0,16
TXN000002797,CUST062825,2019-01-10,12:37,Salary,IMPS,4524.84,Debit,23653.32,Real Estate,Gujarat,747,0,No loan,0.0,Success,Mobile_App,Verified,0,12
TXN000002798,CUST042753,2019-01-10,20:36,Savings,Auto_Debit,7025.76,Debit,9360.64,Investment,Maharashtra,309,0,No loan,0.0,Reversed,Mobile_App,Verified,0,20
TXN000002799,CUST032328,2019-01-10,18:47,Fixed Deposit,POS,209.93,Debit,59744.62,Insurance,Karnataka,793,1,Auto,1941.95,Success,Mobile_App,Verified,0,18
TXN000002800,CUST042071,2019-01-10,17:53,Savings,Net_Banking,9596.11,Debit,192815.5,Travel,Delhi,769,0,No loan,0.0,Success,Mobile_App,Verified,0,17
TXN000002801,CUST040198,2019-01-10,04:59,Salary,UPI,5292.22,Credit,32764.55,Investment,Rajasthan,407,0,No loan,0.0,Success,Web,Verified,0,4
TXN000002802,CUST002262,2019-01-10,19:24,Salary,RTGS,142601.33,Credit,41015.73,Retail,Tamil Nadu,604,1,Business,6375.63,Reversed,Mobile_App,Verified,0,19
TXN000002803,CUST026513,2019-01-10,06:00,Savings,POS,4959.35,Debit,17740.99,Salary,Maharashtra,434,0,No loan,0.0,Success,Web,Verified,0,6
TXN000002804,CUST006717,2019-01-10,10:55,Current,POS,3289.77,Debit,585.15,Food & Dining,Tamil Nadu,641,1,Home,2701.08,Success,Web,Verified,0,10
TXN000002805,CUST028934,2019-01-10,16:13,Salary,POS,96.79,Debit,16980.97,Investment,Gujarat,362,1,Personal,18493.32,Success,Web,Verified,0,16
TXN000002806,CUST004379,2019-01-10,16:08,Current,NEFT,24634.99,Debit,27767.88,Food & Dining,Maharashtra,308,1,Personal,6088.55,Success,Mobile_App,Pending,0,16
TXN000002807,CUST040584,2019-01-10,05:02,Savings,ATM_Withdrawal,1000.0,Debit,23281.47,Entertainment,Maharashtra,734,0,No loan,0.0,Success,Web,Verified,0,5
TXN000002808,CUST029034,2019-01-10,14:41,Current,NEFT,21943.45,Debit,8469.89,Healthcare,Delhi,814,0,No loan,0.0,Success,Branch,Verified,0,14
TXN000002809,CUST024001,2019-01-10,07:08,Salary,UPI,3039.42,Debit,54564.34,Salary,Karnataka,884,1,Home,17275.84,Success,POS_Terminal,Verified,0,7
TXN000002810,CUST075869,2019-01-10,04:05,Savings,Net_Banking,266.67,Credit,84149.78,Food & Dining,Gujarat,394,0,No loan,0.0,Success,Mobile_App,Verified,0,4
TXN000002811,CUST042605,2019-01-10,11:49,Fixed Deposit,UPI,1221.35,Credit,210802.11,Entertainment,Tamil Nadu,300,0,No loan,0.0,Success,Branch,Verified,0,11
TXN000002812,CUST068337,2019-01-10,18:42,Savings,ATM_Withdrawal,3000.0,Debit,38611.06,Education,West Bengal,433,0,No loan,0.0,Success,Web,Pending,0,18
TXN000002813,CUST073870,2019-01-10,15:06,Current,POS,2485.57,Debit,15063.36,Travel,Maharashtra,312,1,Auto,18252.43,Success,Mobile_App,Verified,0,15
TXN000002814,CUST005411,2019-01-10,08:10,Savings,Cheque,17967.79,Credit,288506.11,Travel,Maharashtra,515,0,No loan,0.0,Success,Web,Expired,0,8
TXN000002815,CUST056045,2019-01-10,22:52,Savings,IMPS,6836.96,Debit,8041.93,Investment,Gujarat,635,0,No loan,0.0,Success,Web,Verified,0,22
TXN000002816,CUST063316,2019-01-10,18:31,Current,NEFT,1402.16,Credit,4413.85,Travel,Telangana,436,0,No loan,0.0,Success,Mobile_App,Verified,0,18
TXN000002817,CUST071345,2019-01-10,23:17,Current,Auto_Debit,1377.88,Debit,16675.8,Food & Dining,Maharashtra,485,0,No loan,0.0,Success,POS_Terminal,Verified,0,23
TXN000002818,CUST006797,2019-01-10,08:44,Current,RTGS,36619.07,Credit,3169.49,Retail,West Bengal,308,0,No loan,0.0,Success,POS_Terminal,Verified,0,8
TXN000002819,CUST054246,2019-01-10,07:57,Savings,ATM_Withdrawal,5000.0,Debit,23238.38,Investment,Maharashtra,406,0,No loan,0.0,Success,Web,Verified,0,7
TXN000002820,CUST043057,2019-01-10,09:17,Savings,UPI,7263.1,Credit,44382.46,Utilities,Karnataka,603,1,Personal,8077.4,Success,Web,Verified,0,9
TXN000002821,CUST017710,2019-01-10,11:39,Current,POS,1129.22,Debit,48710.52,Investment,Punjab,585,0,No loan,0.0,Success,Mobile_App,Verified,0,11
TXN000002822,CUST058558,2019-01-10,04:16,Savings,POS,2275.53,Debit,102294.4,Insurance,Maharashtra,343,0,No loan,0.0,Success,Web,Expired,0,4
TXN000002823,CUST017544,2019-01-10,08:46,Fixed Deposit,POS,2791.42,Debit,18696.01,Food & Dining,Telangana,729,0,No loan,0.0,Success,ATM,Verified,0,8
TXN000002824,CUST037419,2019-01-10,03:21,Savings,IMPS,76.04,Debit,27928.89,Government,Rajasthan,508,0,No loan,0.0,Success,Mobile_App,Verified,0,3
TXN000002825,CUST016725,2019-01-10,08:12,Current,UPI,3676.66,Debit,500.0,Utilities,Karnataka,351,0,No loan,0.0,Success,Mobile_App,Verified,0,8
TXN000002826,CUST003829,2019-01-10,21:06,Current,Net_Banking,86158.58,Credit,187502.25,Peer Transfer,Maharashtra,830,0,No loan,0.0,Pending,POS_Terminal,Verified,0,21
TXN000002827,CUST017088,2019-01-10,22:19,NRI,POS,209.01,Debit,24756.46,E-Commerce,Tamil Nadu,851,0,No loan,0.0,Success,Web,Verified,0,22
TXN000002828,CUST012606,2019-01-10,13:52,Current,UPI,2026.96,Debit,3173.01,Insurance,UP,713,0,No loan,0.0,Success,Mobile_App,Verified,0,13
TXN000002829,CUST031338,2019-01-10,00:27,Current,UPI,205.72,Credit,70114.62,Travel,West Bengal,825,1,Home,1750.08,Success,Mobile_App,Verified,0,0
TXN000002830,CUST005483,2019-01-10,22:30,Salary,Credit_Card,1079.53,Debit,48736.96,Healthcare,Gujarat,688,0,No loan,0.0,Success,Web,Verified,0,22
TXN000002831,CUST065334,2019-01-10,01:16,Savings,Net_Banking,4088.37,Credit,6602.5,Travel,Maharashtra,870,1,Unknown,2675.61,Success,POS_Terminal,Verified,0,1
TXN000002832,CUST050953,2019-01-10,09:40,NRI,POS,1481.05,Debit,19909.62,Salary,Karnataka,663,0,No loan,0.0,Success,Branch,Verified,0,9
TXN000002833,CUST005464,2019-01-10,09:14,Savings,POS,1802.61,Debit,8512.85,Retail,Telangana,521,0,No loan,0.0,Success,Mobile_App,Pending,0,9
TXN000002834,CUST070449,2019-01-10,07:26,Savings,UPI,82.76,Credit,20337.91,Investment,West Bengal,321,0,No loan,0.0,Success,API,Verified,0,7
TXN000002835,CUST004649,2019-01-10,07:56,Savings,Net_Banking,23029.29,Debit,36111.71,Food & Dining,Maharashtra,887,0,No loan,0.0,Success,Mobile_App,Verified,0,7
TXN000002836,CUST033624,2019-01-10,19:54,Current,UPI,331.46,Credit,3981.79,Investment,Tamil Nadu,742,1,Unknown,10119.33,Success,POS_Terminal,Pending,0,19
TXN000002837,CUST059157,2019-01-10,04:26,Salary,UPI,529.37,Credit,35963.71,Salary,Gujarat,343,0,No loan,0.0,Success,POS_Terminal,Verified,0,4
TXN000002838,CUST035635,2019-01-10,14:48,Savings,UPI,2193.28,Debit,20008.67,Utilities,Tamil Nadu,738,0,No loan,0.0,Failed,Mobile_App,Verified,0,14
TXN000002839,CUST044603,2019-01-10,20:19,Current,IMPS,4405.65,Debit,38336.58,Food & Dining,Rajasthan,536,0,No loan,0.0,Success,Mobile_App,Verified,0,20
TXN000002840,CUST049335,2019-01-10,13:47,Salary,RTGS,209394.44,Credit,24297.42,Peer Transfer,Tamil Nadu,627,0,No loan,0.0,Success,Web,Verified,0,13
TXN000002841,CUST068649,2019-01-10,06:50,Savings,Net_Banking,8523.36,Debit,113522.9,Healthcare,Maharashtra,735,0,No loan,0.0,Success,Branch,Expired,0,6
TXN000002842,CUST022055,2019-01-10,18:50,NRI,Net_Banking,9524.79,Debit,232669.61,Healthcare,Maharashtra,848,0,No loan,0.0,Success,Branch,Verified,0,18
TXN000002843,CUST070029,2019-01-10,02:36,Savings,UPI,312.17,Debit,25255.74,Healthcare,UP,866,1,Home,8280.38,Reversed,API,Verified,0,2
TXN000002844,CUST022208,2019-01-10,08:52,Fixed Deposit,UPI,103.21,Debit,216557.93,Government,Karnataka,559,1,Unknown,4919.87,Success,Web,Verified,0,8
TXN000002845,CUST021387,2019-01-10,14:35,Fixed Deposit,UPI,976.85,Credit,14918.94,Salary,Maharashtra,324,0,No loan,0.0,Success,Mobile_App,Verified,0,14
TXN000002846,CUST059519,2019-01-10,05:10,Salary,NEFT,17620.33,Credit,85882.56,Retail,Tamil Nadu,487,1,Home,5010.65,Success,Web,Verified,0,5
TXN000002847,CUST052782,2019-01-10,14:39,Current,UPI,470.13,Credit,320334.18,E-Commerce,Maharashtra,786,1,Personal,664.6,Success,Mobile_App,Pending,0,14
TXN000002848,CUST052781,2019-01-10,11:22,Savings,UPI,557.92,Credit,16009.58,Peer Transfer,Maharashtra,842,0,No loan,0.0,Success,Mobile_App,Verified,0,11
TXN000002849,CUST061441,2019-01-10,03:05,Savings,NEFT,7393.5,Debit,67516.41,Entertainment,Maharashtra,753,0,No loan,0.0,Success,Mobile_App,Verified,0,3
TXN000002850,CUST044200,2019-01-10,10:07,Savings,UPI,494.28,Debit,54461.56,Utilities,Maharashtra,819,0,No loan,0.0,Success,Mobile_App,Verified,0,10
TXN000002851,CUST061036,2019-01-10,07:35,Savings,Credit_Card,114.03,Debit,206251.62,E-Commerce,Punjab,815,0,No loan,0.0,Success,Mobile_App,Verified,0,7
TXN000002852,CUST008211,2019-01-10,18:55,Savings,ATM_Withdrawal,1000.0,Debit,177713.07,Education,Punjab,717,1,Personal,10142.82,Success,Branch,Pending,1,18
TXN000002853,CUST044364,2019-01-10,06:39,Savings,Cheque,580578.38,Credit,367122.67,Entertainment,Maharashtra,884,0,No loan,0.0,Success,Mobile_App,Verified,0,6
TXN000002854,CUST078280,2019-01-10,15:30,Savings,RTGS,777143.25,Credit,35191.98,Investment,Rajasthan,707,1,Home,10927.75,Success,Web,Verified,0,15
TXN000002855,CUST060349,2019-01-10,14:20,Salary,NEFT,28552.84,Credit,1208610.57,Retail,Maharashtra,704,1,Personal,5413.35,Success,Mobile_App,Verified,0,14
TXN000002856,CUST055285,2019-01-10,00:10,NRI,IMPS,6061.92,Credit,23016.1,Food & Dining,UP,433,1,Business,3319.57,Success,Mobile_App,Verified,0,0
TXN000002857,CUST072125,2019-01-10,03:28,Savings,IMPS,13706.68,Debit,85493.62,Entertainment,Maharashtra,434,0,No loan,0.0,Success,Mobile_App,Verified,0,3
TXN000002858,CUST068848,2019-01-10,00:32,Savings,Cheque,103578.83,Debit,3871.24,Fuel,Gujarat,670,1,Education,11077.94,Success,POS_Terminal,Verified,0,0
TXN000002859,CUST022433,2019-01-10,05:35,Savings,RTGS,226825.65,Debit,21794.09,Salary,Rajasthan,664,0,No loan,0.0,Success,Web,Verified,0,5
TXN000002860,CUST064090,2019-01-10,23:09,Savings,UPI,1653.98,Debit,104811.86,Retail,Maharashtra,839,0,No loan,0.0,Success,POS_Terminal,Verified,0,23
TXN000002861,CUST055399,2019-01-10,02:39,Current,NEFT,7407.53,Credit,30678.63,Healthcare,Rajasthan,376,1,Home,4305.79,Failed,Mobile_App,Verified,0,2
TXN000002862,CUST003322,2019-01-10,18:28,Salary,UPI,185.94,Credit,47727.93,Utilities,West Bengal,777,0,No loan,0.0,Success,Mobile_App,Verified,0,18
TXN000002863,CUST037384,2019-01-10,23:17,Fixed Deposit,UPI,944.3,Debit,83870.86,Food & Dining,Maharashtra,687,0,No loan,0.0,Success,Mobile_App,Verified,0,23
TXN000002864,CUST078683,2019-01-10,17:17,Salary,UPI,326.04,Credit,197232.86,Government,Gujarat,769,0,No loan,0.0,Success,Mobile_App,Verified,0,17
TXN000002865,CUST079191,2019-01-10,16:19,NRI,UPI,2052.8,Debit,149221.98,Insurance,Maharashtra,555,0,No loan,0.0,Success,Web,Verified,0,16
TXN000002866,CUST052894,2019-01-10,08:52,Savings,UPI,176.23,Debit,51636.35,Retail,Maharashtra,592,0,No loan,0.0,Failed,POS_Terminal,Verified,0,8
TXN000002867,CUST035821,2019-01-10,08:12,Savings,UPI,1400.5,Debit,37654.64,Investment,Delhi,629,0,No loan,0.0,Success,Web,Verified,0,8
TXN000002868,CUST066263,2019-01-10,22:34,Savings,Net_Banking,194.76,Credit,95294.11,Entertainment,Karnataka,544,1,Education,4670.15,Success,Mobile_App,Verified,0,22
TXN000002869,CUST003761,2019-01-10,09:43,Salary,POS,167.81,Debit,5448.45,Salary,Maharashtra,487,0,No loan,0.0,Failed,Mobile_App,Verified,0,9
TXN000002870,CUST022191,2019-01-10,03:24,Savings,IMPS,2065.8,Debit,7426.35,Salary,Punjab,603,1,Home,1954.79,Success,Mobile_App,Pending,0,3
TXN000002871,CUST067412,2019-01-10,10:19,Salary,POS,1263.14,Debit,47253.34,Salary,UP,629,0,No loan,0.0,Success,Mobile_App,Verified,0,10
TXN000002872,CUST023378,2019-01-10,15:27,Current,UPI,312.43,Debit,52557.44,Retail,Telangana,883,0,No loan,0.0,Success,POS_Terminal,Verified,0,15
TXN000002873,CUST046738,2019-01-10,22:38,NRI,POS,994.96,Debit,56644.82,Fuel,Karnataka,384,1,Personal,3211.59,Success,Mobile_App,Verified,0,22
TXN000002874,CUST069570,2019-01-10,17:35,Savings,ATM_Withdrawal,500.0,Debit,64742.27,Travel,West Bengal,336,1,Unknown,2824.74,Success,POS_Terminal,Expired,0,17
TXN000002875,CUST038212,2019-01-10,05:37,Savings,RTGS,331403.21,Credit,95419.37,Insurance,Punjab,362,0,No loan,0.0,Success,Mobile_App,Verified,0,5
TXN000002876,CUST003745,2019-01-10,07:47,Fixed Deposit,UPI,297.43,Debit,12205.31,E-Commerce,Maharashtra,470,1,Education,21489.01,Success,POS_Terminal,Verified,0,7
TXN000002877,CUST024996,2019-01-10,03:18,Savings,UPI,641.53,Credit,3960.95,Retail,Tamil Nadu,759,1,Auto,1896.78,Success,Branch,Verified,0,3
TXN000002878,CUST016978,2019-01-10,11:17,Savings,Auto_Debit,543.2,Debit,180619.45,E-Commerce,Karnataka,395,1,Personal,19176.23,Success,API,Verified,0,11
TXN000002879,CUST034543,2019-01-10,07:22,Current,ATM_Withdrawal,2000.0,Debit,133620.28,Utilities,West Bengal,469,0,No loan,0.0,Success,Mobile_App,Verified,0,7
TXN000002880,CUST010652,2019-01-10,17:26,Salary,POS,555.93,Debit,39696.43,Investment,Karnataka,772,0,No loan,0.0,Success,Branch,Expired,0,17
TXN000002881,CUST078932,2019-01-10,14:36,Savings,POS,2467.39,Debit,15476.19,Healthcare,Maharashtra,533,1,Auto,2365.19,Success,Web,Verified,0,14
TXN000002882,CUST016716,2019-01-10,06:58,Savings,NEFT,8393.09,Credit,37922.8,Travel,Telangana,708,1,Business,6002.42,Success,Branch,Verified,0,6
TXN000002883,CUST044410,2019-01-10,09:18,Current,POS,442.65,Debit,64854.14,Utilities,Tamil Nadu,582,0,No loan,0.0,Success,Mobile_App,Verified,0,9
TXN000002884,CUST024307,2019-01-10,11:57,Current,ATM_Withdrawal,1000.0,Debit,31270.57,Investment,Gujarat,746,0,No loan,0.0,Success,ATM,Verified,0,11
TXN000002885,CUST019087,2019-01-10,03:51,Salary,Cheque,186301.53,Debit,58565.63,Utilities,Karnataka,557,0,No loan,0.0,Success,ATM,Verified,0,3
TXN000002886,CUST014377,2019-01-10,01:58,Current,UPI,1409.66,Credit,7267.46,Travel,Rajasthan,363,1,Auto,2437.4,Success,ATM,Verified,0,1
TXN000002887,CUST061351,2019-01-10,09:52,NRI,Auto_Debit,506.64,Debit,5661.36,Peer Transfer,Maharashtra,319,0,No loan,0.0,Success,Mobile_App,Verified,0,9
TXN000002888,CUST071426,2019-01-10,14:29,Savings,ATM_Withdrawal,1000.0,Debit,149985.7,Retail,Karnataka,828,0,No loan,0.0,Success,ATM,Verified,0,14
TXN000002889,CUST036637,2019-01-10,11:06,Savings,UPI,2624.46,Credit,14830.84,Retail,Maharashtra,591,0,No loan,0.0,Success,Mobile_App,Verified,0,11
TXN000002890,CUST051650,2019-01-10,15:25,Savings,NEFT,180207.12,Debit,18014.05,Salary,Telangana,496,1,Unknown,13690.17,Success,ATM,Verified,0,15
TXN000002891,CUST034611,2019-01-10,19:04,Fixed Deposit,NEFT,86671.21,Credit,70061.87,Retail,Rajasthan,477,1,Gold,7186.12,Success,Branch,Verified,0,19
TXN000002892,CUST010059,2019-01-10,00:22,Current,RTGS,92752.61,Credit,32479.05,Healthcare,Rajasthan,550,1,Personal,9471.0,Success,Mobile_App,Pending,0,0
TXN000002893,CUST074638,2019-01-10,11:56,NRI,IMPS,389.54,Credit,6284.05,Investment,Karnataka,640,0,No loan,0.0,Success,Mobile_App,Verified,0,11
TXN000002894,CUST078034,2019-01-10,17:55,Savings,NEFT,5163.92,Debit,33493.55,Peer Transfer,Delhi,397,0,No loan,0.0,Pending,Mobile_App,Verified,0,17
TXN000002895,CUST070195,2019-01-10,18:34,Salary,Net_Banking,43831.58,Debit,14126.65,Peer Transfer,Delhi,321,0,No loan,0.0,Success,API,Verified,0,18
TXN000002896,CUST076918,2019-01-10,12:26,Salary,ATM_Withdrawal,3000.0,Debit,58148.14,E-Commerce,Maharashtra,421,0,No loan,0.0,Success,ATM,Verified,0,12
TXN000002897,CUST064201,2019-01-10,11:57,Savings,ATM_Withdrawal,2000.0,Debit,15342.65,Retail,Delhi,697,0,No loan,0.0,Success,API,Pending,0,11
TXN000002898,CUST046620,2019-01-10,00:57,Savings,UPI,180.26,Credit,270874.54,Government,Delhi,800,0,No loan,0.0,Success,API,Verified,0,0
TXN000002899,CUST017155,2019-01-10,04:45,Savings,UPI,442.58,Credit,87408.09,Insurance,Karnataka,553,0,No loan,0.0,Success,API,Verified,0,4
TXN000002900,CUST019540,2019-01-10,01:34,Savings,POS,262.74,Debit,21594.83,Real Estate,UP,404,0,No loan,0.0,Success,API,Verified,0,1
TXN000002901,CUST060059,2019-01-10,04:39,Current,ATM_Withdrawal,1000.0,Debit,12763.03,Investment,Gujarat,317,0,No loan,0.0,Success,Mobile_App,Verified,0,4
TXN000002902,CUST062069,2019-01-10,03:16,Savings,POS,182.48,Debit,48190.61,Retail,Rajasthan,301,1,Personal,1208.72,Success,ATM,Verified,0,3
TXN000002903,CUST077314,2019-01-10,12:17,Current,UPI,2205.08,Debit,21276.55,Travel,West Bengal,580,0,No loan,0.0,Success,Branch,Verified,0,12
TXN000002904,CUST030374,2019-01-10,22:46,Savings,POS,2898.31,Debit,106306.86,E-Commerce,Maharashtra,440,1,Business,3566.0,Success,POS_Terminal,Verified,0,22
TXN000002905,CUST033155,2019-01-10,00:50,Savings,Net_Banking,8437.19,Debit,47648.15,Salary,Telangana,550,1,Education,35500.63,Success,Mobile_App,Verified,0,0
TXN000002906,CUST006032,2019-01-10,19:40,Savings,RTGS,82665.5,Debit,7981.39,Real Estate,Maharashtra,564,1,Personal,5736.58,Success,Mobile_App,Verified,0,19
TXN000002907,CUST071976,2019-01-10,02:49,Current,RTGS,66995.37,Debit,6144.0,Utilities,Karnataka,701,1,Home,1862.52,Success,Branch,Verified,0,2
TXN000002908,CUST022786,2019-01-10,19:28,Fixed Deposit,NEFT,5356.53,Debit,3704.51,Education,West Bengal,572,0,No loan,0.0,Success,Mobile_App,Verified,0,19
TXN000002909,CUST078929,2019-01-10,20:01,Current,Auto_Debit,26978.97,Debit,34814.91,Entertainment,Maharashtra,480,1,Auto,2983.21,Success,POS_Terminal,Verified,0,20
TXN000002910,CUST028670,2019-01-10,03:33,Current,UPI,73.43,Debit,36460.03,Retail,Gujarat,575,0,No loan,0.0,Success,Mobile_App,Verified,0,3
TXN000002911,CUST002283,2019-01-10,01:30,Current,IMPS,4420.14,Credit,24239.9,Retail,Maharashtra,898,0,No loan,0.0,Success,Mobile_App,Verified,0,1
TXN000002912,CUST034625,2019-01-10,22:06,Salary,RTGS,688064.67,Debit,2547.42,Travel,Gujarat,894,0,No loan,0.0,Pending,POS_Terminal,Pending,0,22
TXN000002913,CUST048439,2019-01-10,15:24,Current,Net_Banking,362240.93,Credit,57109.72,E-Commerce,Karnataka,326,1,Personal,1694.96,Success,Web,Verified,0,15
TXN000002914,CUST067535,2019-01-10,00:37,Salary,NEFT,4847.48,Debit,29029.93,Salary,Karnataka,562,0,No loan,0.0,Success,Mobile_App,Verified,0,0
TXN000002915,CUST031706,2019-01-10,05:04,Current,ATM_Withdrawal,1000.0,Debit,1514.67,E-Commerce,Maharashtra,527,0,No loan,0.0,Success,Web,Verified,0,5
TXN000002916,CUST038245,2019-01-10,04:07,Current,ATM_Withdrawal,1000.0,Debit,20623.95,E-Commerce,Telangana,518,0,No loan,0.0,Success,Web,Verified,0,4
TXN000002917,CUST074965,2019-01-10,23:11,Savings,NEFT,3087.9,Debit,65047.22,Government,Delhi,721,1,Personal,14915.54,Success,Mobile_App,Expired,0,23
TXN000002918,CUST037438,2019-01-10,07:22,Salary,UPI,903.93,Credit,19812.44,E-Commerce,Tamil Nadu,671,1,Personal,2218.95,Success,Branch,Verified,0,7
TXN000002919,CUST077873,2019-01-10,12:29,Salary,NEFT,8191.17,Debit,17398.8,Peer Transfer,Tamil Nadu,776,0,No loan,0.0,Success,ATM,Pending,0,12
TXN000002920,CUST074879,2019-01-10,01:45,Savings,IMPS,16493.33,Debit,55774.15,Utilities,Telangana,741,0,No loan,0.0,Success,Mobile_App,Verified,0,1
TXN000002921,CUST072983,2019-01-10,19:59,Savings,Auto_Debit,1366.14,Debit,84594.39,Utilities,Karnataka,643,0,No loan,0.0,Success,Mobile_App,Verified,0,19
TXN000002922,CUST050584,2019-01-10,13:21,Current,UPI,1376.57,Credit,6843.89,Fuel,Tamil Nadu,785,0,No loan,0.0,Success,Mobile_App,Verified,0,13
TXN000002923,CUST038393,2019-01-10,01:59,Savings,IMPS,12527.73,Credit,146449.96,Travel,Delhi,324,0,No loan,0.0,Success,Web,Verified,0,1
TXN000002924,CUST007462,2019-01-10,13:21,Current,UPI,7620.44,Debit,44190.39,Food & Dining,Tamil Nadu,461,0,No loan,0.0,Success,Web,Verified,0,13
TXN000002925,CUST010517,2019-01-10,16:07,Savings,POS,813.51,Debit,736416.5,Education,West Bengal,373,1,Business,3918.25,Success,Mobile_App,Verified,0,16
TXN000002926,CUST079286,2019-01-10,13:08,Savings,UPI,156.11,Debit,30908.26,Food & Dining,Telangana,799,1,Personal,6222.23,Success,Mobile_App,Verified,0,13
TXN000002927,CUST017515,2019-01-10,08:02,NRI,IMPS,376.83,Credit,174827.02,Salary,Delhi,779,0,No loan,0.0,Success,Web,Verified,0,8
TXN000002928,CUST036269,2019-01-10,12:44,Savings,IMPS,4726.06,Debit,3574.23,Peer Transfer,Maharashtra,730,0,No loan,0.0,Success,Mobile_App,Verified,0,12
TXN000002929,CUST036789,2019-01-10,08:16,Current,UPI,152.83,Credit,34869.38,E-Commerce,UP,737,0,No loan,0.0,Success,Mobile_App,Verified,0,8
TXN000002930,CUST075750,2019-01-10,20:46,Savings,UPI,678.24,Credit,11884.56,Retail,Maharashtra,604,1,Home,4869.02,Failed,Mobile_App,Verified,0,20
TXN000002931,CUST061050,2019-01-10,17:54,Savings,Net_Banking,1342.44,Credit,3670.17,E-Commerce,Karnataka,750,0,No loan,0.0,Success,ATM,Expired,0,17
TXN000002932,CUST062494,2019-01-10,08:20,Salary,NEFT,102401.4,Debit,400550.73,Investment,Maharashtra,345,0,No loan,0.0,Success,ATM,Verified,0,8
TXN000002933,CUST036028,2019-01-10,11:15,Current,UPI,429.82,Credit,121252.81,Investment,Gujarat,678,0,No loan,0.0,Success,Web,Verified,0,11
TXN000002934,CUST042850,2019-01-10,08:53,Savings,IMPS,807.71,Credit,26146.53,Salary,Karnataka,716,0,No loan,0.0,Success,POS_Terminal,Verified,0,8
TXN000002935,CUST017859,2019-01-10,15:45,Current,UPI,97.68,Debit,45244.89,Peer Transfer,West Bengal,521,1,Personal,7496.71,Reversed,Web,Verified,0,15
TXN000002936,CUST079004,2019-01-10,11:27,Savings,IMPS,420.71,Debit,935883.37,Retail,Maharashtra,713,1,Unknown,3082.69,Success,Web,Verified,0,11
TXN000002937,CUST052396,2019-01-10,14:40,Savings,RTGS,674943.94,Credit,96583.63,Insurance,Karnataka,519,0,No loan,0.0,Success,POS_Terminal,Verified,1,14
TXN000002938,CUST039759,2019-01-10,08:57,Salary,ATM_Withdrawal,2000.0,Debit,315843.83,E-Commerce,Karnataka,473,1,Home,4102.5,Success,POS_Terminal,Verified,0,8
TXN000002939,CUST054313,2019-01-10,10:43,Savings,UPI,223.01,Credit,41127.11,Salary,Tamil Nadu,626,0,No loan,0.0,Success,ATM,Verified,0,10
TXN000002940,CUST068671,2019-01-10,13:43,NRI,POS,413.33,Debit,47791.12,Peer Transfer,Gujarat,358,0,No loan,0.0,Success,Web,Verified,0,13
TXN000002941,CUST015435,2019-01-10,14:45,Savings,IMPS,2663.62,Credit,15475.89,Investment,Telangana,653,0,No loan,0.0,Success,POS_Terminal,Verified,0,14
TXN000002942,CUST064048,2019-01-10,02:35,Savings,UPI,660.14,Debit,2003.36,Retail,West Bengal,567,0,No loan,0.0,Success,Mobile_App,Verified,0,2
TXN000002943,CUST047776,2019-01-10,04:54,Current,UPI,172.79,Debit,84310.9,Salary,Maharashtra,431,0,No loan,0.0,Success,API,Verified,0,4
TXN000002944,CUST075770,2019-01-10,04:12,Savings,Credit_Card,958.05,Debit,72883.05,Salary,Maharashtra,813,0,No loan,0.0,Success,Branch,Verified,0,4
TXN000002945,CUST066678,2019-01-10,23:27,Current,Net_Banking,17276.38,Debit,52457.07,Retail,Gujarat,529,0,No loan,0.0,Success,Mobile_App,Verified,0,23
TXN000002946,CUST045735,2019-01-10,23:09,Current,ATM_Withdrawal,2000.0,Debit,550441.53,E-Commerce,Maharashtra,529,0,No loan,0.0,Success,Mobile_App,Verified,0,23
TXN000002947,CUST040604,2019-01-10,11:37,Savings,UPI,442.28,Debit,18076.28,Healthcare,Tamil Nadu,762,0,No loan,0.0,Success,Mobile_App,Verified,0,11
TXN000002948,CUST076709,2019-01-10,04:25,Savings,Cheque,11666.26,Debit,53936.92,Retail,Karnataka,870,0,No loan,0.0,Success,Web,Verified,0,4
TXN000002949,CUST068804,2019-01-10,06:24,Savings,RTGS,83247.52,Credit,389210.62,Food & Dining,Maharashtra,703,0,No loan,0.0,Success,Branch,Expired,0,6
TXN000002950,CUST039333,2019-01-10,21:45,NRI,UPI,353.75,Credit,17742.18,Retail,Maharashtra,441,0,No loan,0.0,Success,Web,Verified,0,21
TXN000002951,CUST021313,2019-01-10,06:39,Savings,UPI,314.54,Credit,14676.43,Fuel,Rajasthan,475,0,No loan,0.0,Success,ATM,Pending,0,6
TXN000002952,CUST044180,2019-01-10,12:58,Savings,IMPS,169.68,Credit,18658.92,E-Commerce,Karnataka,883,1,Education,1270.46,Success,Branch,Verified,0,12
TXN000002953,CUST071443,2019-01-10,09:25,Current,UPI,1149.06,Debit,55226.63,Fuel,Tamil Nadu,361,1,Business,8527.34,Success,POS_Terminal,Verified,0,9
TXN000002954,CUST040380,2019-01-10,20:42,Current,RTGS,176979.37,Debit,9690.29,Healthcare,Maharashtra,597,0,No loan,0.0,Success,Branch,Verified,0,20
TXN000002955,CUST017298,2019-01-10,14:01,Current,UPI,1228.98,Credit,88079.15,Retail,Karnataka,675,1,Home,2314.7,Failed,Mobile_App,Verified,0,14
TXN000002956,CUST002012,2019-01-10,20:40,NRI,Cheque,50576.34,Debit,27798.14,Healthcare,Maharashtra,843,0,No loan,0.0,Success,Web,Verified,0,20
TXN000002957,CUST044015,2019-01-10,05:33,Savings,IMPS,1457.1,Credit,193170.64,Salary,West Bengal,408,0,No loan,0.0,Success,Web,Expired,0,5
TXN000002958,CUST011739,2019-01-10,12:16,Current,UPI,569.68,Debit,3398.58,Retail,Karnataka,535,0,No loan,0.0,Success,Branch,Verified,0,12
TXN000002959,CUST047499,2019-01-10,10:44,Savings,UPI,1863.38,Credit,7609.36,Healthcare,Telangana,733,1,Unknown,2760.03,Success,Mobile_App,Verified,0,10
TXN000002960,CUST011121,2019-01-10,03:48,Current,ATM_Withdrawal,1000.0,Debit,25381.97,Education,Delhi,597,0,No loan,0.0,Success,ATM,Verified,0,3
TXN000002961,CUST008768,2019-01-10,10:30,Savings,ATM_Withdrawal,3000.0,Debit,8531.74,Fuel,Karnataka,844,0,No loan,0.0,Success,Branch,Verified,0,10
TXN000002962,CUST022853,2019-01-10,17:33,Savings,NEFT,16863.38,Debit,53425.73,Retail,West Bengal,463,1,Personal,2572.97,Success,Branch,Verified,0,17
TXN000002963,CUST079240,2019-01-10,15:00,Salary,POS,736.44,Debit,53538.22,Insurance,Delhi,829,1,Auto,4215.64,Success,Mobile_App,Pending,0,15
TXN000002964,CUST000930,2019-01-10,13:28,Savings,NEFT,18666.2,Credit,426089.05,Fuel,Delhi,845,0,No loan,0.0,Success,Mobile_App,Verified,0,13
TXN000002965,CUST077488,2019-01-10,05:53,Salary,IMPS,1706.63,Credit,40324.77,Entertainment,West Bengal,766,0,No loan,0.0,Success,Mobile_App,Verified,0,5
TXN000002966,CUST017439,2019-01-10,11:53,Current,UPI,7666.6,Credit,11134.08,Travel,West Bengal,763,1,Home,2725.68,Success,Mobile_App,Verified,0,11
TXN000002967,CUST048516,2019-01-10,13:02,Current,UPI,1353.72,Credit,143014.84,Utilities,Gujarat,540,0,No loan,0.0,Success,Mobile_App,Verified,0,13
TXN000002968,CUST005745,2019-01-10,07:04,Savings,UPI,191.87,Debit,2639.43,Education,UP,674,0,No loan,0.0,Success,ATM,Verified,0,7
TXN000002969,CUST042418,2019-01-10,11:57,Salary,POS,606.25,Debit,16555.08,Salary,Rajasthan,686,1,Home,7516.54,Success,API,Verified,0,11
TXN000002970,CUST007070,2019-01-10,01:00,Savings,ATM_Withdrawal,1000.0,Debit,51679.42,E-Commerce,Delhi,803,0,No loan,0.0,Success,Web,Verified,0,1
TXN000002971,CUST042360,2019-01-10,11:53,Fixed Deposit,UPI,62.89,Debit,222579.4,Entertainment,Karnataka,538,0,No loan,0.0,Success,Mobile_App,Verified,0,11
TXN000002972,CUST019800,2019-01-10,21:34,Current,NEFT,52818.13,Debit,42564.94,Peer Transfer,Karnataka,849,1,Home,5314.64,Success,POS_Terminal,Pending,0,21
TXN000002973,CUST070189,2019-01-10,10:03,Salary,NEFT,79932.44,Credit,3042.01,Utilities,Delhi,824,0,No loan,0.0,Success,Mobile_App,Verified,0,10
TXN000002974,CUST007598,2019-01-10,08:13,Savings,Net_Banking,3736.2,Credit,18362.65,Salary,Karnataka,889,1,Personal,12006.55,Success,POS_Terminal,Verified,0,8
TXN000002975,CUST047094,2019-01-10,04:37,Savings,ATM_Withdrawal,500.0,Debit,41823.1,Salary,Maharashtra,579,1,Auto,7137.94,Success,Mobile_App,Verified,0,4
TXN000002976,CUST037227,2019-01-10,15:47,Savings,Net_Banking,12101.95,Credit,655930.02,Healthcare,Karnataka,528,0,No loan,0.0,Failed,Mobile_App,Verified,0,15
TXN000002977,CUST072128,2019-01-10,07:48,Current,Credit_Card,3262.89,Debit,90426.78,Utilities,Tamil Nadu,692,0,No loan,0.0,Success,Mobile_App,Verified,0,7
TXN000002978,CUST077363,2019-01-10,14:01,Savings,NEFT,6108.59,Debit,10434.6,Fuel,Delhi,352,1,Business,2362.34,Success,Web,Verified,0,14
TXN000002979,CUST026418,2019-01-10,14:48,Current,UPI,165.9,Debit,191364.31,Retail,Tamil Nadu,659,0,No loan,0.0,Success,Mobile_App,Verified,0,14
TXN000002980,CUST018694,2019-01-10,19:56,Savings,Auto_Debit,5835.77,Debit,39120.57,Fuel,Punjab,533,1,Unknown,7908.86,Success,Mobile_App,Verified,0,19
TXN000002981,CUST079675,2019-01-10,18:35,Current,NEFT,5724.81,Credit,102160.34,Travel,Punjab,558,1,Auto,2254.61,Failed,Mobile_App,Verified,0,18
TXN000002982,CUST053162,2019-01-10,17:36,Current,NEFT,175.7,Credit,262080.4,Healthcare,Delhi,363,0,No loan,0.0,Success,Branch,Verified,0,17
TXN000002983,CUST002170,2019-01-10,17:47,Current,POS,4293.05,Debit,19874.2,Peer Transfer,Telangana,343,0,No loan,0.0,Pending,Mobile_App,Pending,0,17
TXN000002984,CUST022053,2019-01-10,11:46,Salary,RTGS,32551.2,Credit,330219.83,Entertainment,Delhi,301,0,No loan,0.0,Success,Mobile_App,Verified,0,11
TXN000002985,CUST071850,2019-01-10,22:08,NRI,ATM_Withdrawal,3000.0,Debit,101582.43,Entertainment,Karnataka,870,0,No loan,0.0,Failed,Mobile_App,Verified,0,22
TXN000002986,CUST073852,2019-01-10,01:25,Savings,NEFT,9504.41,Debit,221547.31,Utilities,Tamil Nadu,366,0,No loan,0.0,Success,Mobile_App,Expired,0,1
TXN000002987,CUST008037,2019-01-10,05:56,Savings,ATM_Withdrawal,10000.0,Debit,209414.78,Investment,Tamil Nadu,809,1,Auto,6602.08,Success,Mobile_App,Verified,0,5
TXN000002988,CUST031779,2019-01-10,20:57,Savings,POS,292.8,Debit,8459.41,Retail,Delhi,407,1,Personal,4703.42,Failed,Web,Verified,0,20
TXN000002989,CUST027735,2019-01-10,03:08,Savings,Auto_Debit,395.27,Debit,58312.11,E-Commerce,Telangana,834,0,No loan,0.0,Success,Branch,Verified,0,3
TXN000002990,CUST023174,2019-01-10,17:32,Savings,UPI,6764.27,Credit,179547.79,Retail,West Bengal,450,0,No loan,0.0,Success,API,Pending,0,17
TXN000002991,CUST030404,2019-01-10,23:27,Savings,UPI,218.51,Credit,45602.71,Healthcare,Karnataka,340,0,No loan,0.0,Success,Mobile_App,Verified,0,23
TXN000002992,CUST066322,2019-01-10,10:14,Savings,UPI,144.81,Credit,12661.52,Government,Tamil Nadu,839,1,Auto,2404.59,Success,Mobile_App,Pending,0,10
TXN000002993,CUST071676,2019-01-10,13:51,Salary,POS,12728.3,Debit,93667.39,Utilities,Rajasthan,476,0,No loan,0.0,Success,Web,Verified,0,13
TXN000002994,CUST006345,2019-01-10,10:57,Savings,NEFT,1799.54,Credit,13822.57,Utilities,Telangana,504,0,No loan,0.0,Success,Web,Verified,0,10
TXN000002995,CUST018801,2019-01-10,13:36,Salary,UPI,155.94,Credit,20850.14,Food & Dining,Tamil Nadu,793,0,No loan,0.0,Success,Mobile_App,Verified,0,13
TXN000002996,CUST025373,2019-01-10,17:00,Salary,IMPS,519.51,Credit,254963.81,Retail,Karnataka,584,0,No loan,0.0,Success,Mobile_App,Verified,0,17
TXN000002997,CUST061517,2019-01-10,23:51,Savings,RTGS,203179.03,Debit,33107.53,Peer Transfer,Gujarat,661,0,No loan,0.0,Success,Mobile_App,Verified,0,23
TXN000002998,CUST020539,2019-01-10,18:58,Current,Net_Banking,5277.21,Debit,36291.17,Entertainment,Gujarat,603,1,Education,2243.89,Success,Branch,Verified,0,18
TXN000002999,CUST063919,2019-01-10,02:59,NRI,POS,193.43,Debit,137067.81,Food & Dining,Delhi,681,1,Business,11308.14,Success,Mobile_App,Pending,0,2
TXN000003000,CUST014974,2019-01-10,03:22,Current,ATM_Withdrawal,3000.0,Debit,19370.46,E-Commerce,West Bengal,674,0,No loan,0.0,Success,Branch,Verified,0,3
TXN000003001,CUST071156,2019-01-10,00:06,Fixed Deposit,UPI,5384.77,Debit,49393.82,Government,Rajasthan,736,1,Personal,5112.09,Success,Web,Verified,0,0
TXN000003002,CUST059501,2019-01-10,08:36,Savings,Net_Banking,46426.52,Credit,286922.3,Entertainment,West Bengal,724,0,No loan,0.0,Success,Mobile_App,Pending,0,8
TXN000003003,CUST036576,2019-01-10,03:05,Savings,Net_Banking,2752.96,Credit,27668.86,Salary,Rajasthan,758,0,No loan,0.0,Success,Mobile_App,Verified,0,3
TXN000003004,CUST042262,2019-01-10,22:59,Current,UPI,2586.64,Credit,15530.23,Peer Transfer,Telangana,470,0,No loan,0.0,Success,ATM,Verified,0,22
TXN000003005,CUST027717,2019-01-10,03:07,Fixed Deposit,ATM_Withdrawal,500.0,Debit,32980.47,Travel,Delhi,726,0,No loan,0.0,Success,POS_Terminal,Verified,0,3
TXN000003006,CUST003237,2019-01-10,22:45,Current,Net_Banking,45786.54,Debit,347565.2,Education,Maharashtra,759,0,No loan,0.0,Success,API,Pending,0,22
TXN000003007,CUST015849,2019-01-10,10:42,Savings,UPI,499.59,Debit,10111.17,E-Commerce,Rajasthan,636,0,No loan,0.0,Success,Web,Verified,0,10
TXN000003008,CUST002353,2019-01-10,00:46,Salary,IMPS,3905.19,Debit,40819.43,Peer Transfer,UP,842,0,No loan,0.0,Success,Web,Verified,0,0
TXN000003009,CUST001933,2019-01-10,11:43,Salary,ATM_Withdrawal,2000.0,Debit,509260.52,Fuel,Karnataka,318,1,Auto,6171.87,Success,POS_Terminal,Pending,0,11
TXN000003010,CUST076450,2019-01-10,09:05,Savings,UPI,170.6,Debit,12099.86,Insurance,Delhi,584,0,No loan,0.0,Success,ATM,Verified,0,9
TXN000003011,CUST008557,2019-01-10,22:43,Savings,Cheque,507103.31,Debit,103405.99,Travel,Maharashtra,390,0,No loan,0.0,Success,Branch,Verified,0,22
TXN000003012,CUST005499,2019-01-10,19:45,Salary,UPI,134.09,Debit,17695.34,Education,West Bengal,746,0,No loan,0.0,Success,POS_Terminal,Verified,0,19
TXN000003013,CUST076119,2019-01-10,01:40,Savings,UPI,171.85,Debit,27844.62,Real Estate,Delhi,525,0,No loan,0.0,Success,POS_Terminal,Verified,0,1
TXN000003014,CUST050099,2019-01-10,01:27,Savings,RTGS,264920.89,Debit,76321.75,Education,Maharashtra,400,0,No loan,0.0,Success,ATM,Verified,0,1
TXN000003015,CUST064387,2019-01-10,11:55,Savings,ATM_Withdrawal,1000.0,Debit,275003.61,Retail,West Bengal,771,1,Business,6871.21,Success,Web,Pending,0,11
TXN000003016,CUST009570,2019-01-10,01:23,Current,Auto_Debit,3054.75,Debit,65939.3,E-Commerce,Punjab,887,0,No loan,0.0,Failed,API,Verified,0,1
TXN000003017,CUST056883,2019-01-10,14:27,NRI,UPI,292.3,Credit,43145.74,Retail,Delhi,409,0,No loan,0.0,Success,Web,Verified,0,14
TXN000003018,CUST070394,2019-01-10,12:37,Savings,UPI,1393.14,Credit,4528.96,Healthcare,Tamil Nadu,336,0,No loan,0.0,Success,API,Verified,0,12
TXN000003019,CUST000341,2019-01-10,16:28,Current,UPI,69.86,Debit,1394.39,Real Estate,Maharashtra,471,0,No loan,0.0,Success,Mobile_App,Verified,0,16
TXN000003020,CUST043950,2019-01-10,19:36,Savings,UPI,933.6,Debit,49577.78,Fuel,Maharashtra,397,0,No loan,0.0,Success,POS_Terminal,Verified,0,19
TXN000003021,CUST062444,2019-01-10,03:30,Salary,NEFT,14965.44,Credit,11601.83,Peer Transfer,Karnataka,717,1,Business,4854.29,Success,Branch,Verified,1,3
TXN000003022,CUST074028,2019-01-10,06:35,Savings,IMPS,874.13,Credit,2499.28,Food & Dining,Karnataka,325,1,Auto,515.33,Success,Web,Verified,0,6
TXN000003023,CUST000139,2019-01-10,20:14,Savings,RTGS,185791.98,Credit,57987.78,E-Commerce,Punjab,618,0,No loan,0.0,Success,API,Expired,0,20
TXN000003024,CUST000359,2019-01-10,15:52,Savings,UPI,1841.91,Credit,22852.24,Real Estate,Maharashtra,423,0,No loan,0.0,Success,ATM,Verified,0,15
TXN000003025,CUST075251,2019-01-10,07:52,Current,IMPS,978.72,Credit,27242.55,Insurance,Delhi,783,0,No loan,0.0,Failed,Mobile_App,Verified,0,7
TXN000003026,CUST030655,2019-01-10,23:51,Salary,UPI,3699.69,Credit,42300.58,E-Commerce,West Bengal,898,0,No loan,0.0,Success,Mobile_App,Pending,0,23
TXN000003027,CUST025880,2019-01-10,09:12,Salary,NEFT,46631.05,Credit,16367.11,Food & Dining,Telangana,881,0,No loan,0.0,Success,ATM,Verified,0,9
TXN000003028,CUST055779,2019-01-10,09:24,Salary,NEFT,4656.74,Credit,68745.88,Education,Tamil Nadu,621,0,No loan,0.0,Success,ATM,Pending,0,9
TXN000003029,CUST037773,2019-01-10,18:18,Savings,UPI,2432.16,Credit,11966.97,Entertainment,Tamil Nadu,410,1,Personal,2553.08,Success,POS_Terminal,Verified,0,18
TXN000003030,CUST058479,2019-01-10,18:05,Fixed Deposit,IMPS,1974.64,Debit,55233.71,Utilities,Punjab,673,1,Auto,5268.99,Success,Mobile_App,Verified,0,18
TXN000003031,CUST064354,2019-01-10,23:03,Current,Cheque,109808.97,Debit,55101.04,Retail,Karnataka,844,0,No loan,0.0,Success,POS_Terminal,Verified,0,23
TXN000003032,CUST026763,2019-01-10,21:28,Fixed Deposit,UPI,1917.6,Debit,59997.39,Education,Karnataka,866,1,Business,11668.24,Success,POS_Terminal,Verified,0,21
TXN000003033,CUST013284,2019-01-10,22:54,Savings,ATM_Withdrawal,500.0,Debit,141514.7,Retail,Rajasthan,525,1,Auto,2151.12,Success,Mobile_App,Verified,0,22
TXN000003034,CUST063923,2019-01-10,12:12,Salary,IMPS,13535.74,Credit,9937.52,Education,Telangana,452,0,No loan,0.0,Success,Mobile_App,Verified,0,12
TXN000003035,CUST039421,2019-01-10,20:28,Salary,ATM_Withdrawal,500.0,Debit,17599.45,Retail,Delhi,397,1,Home,6452.94,Success,ATM,Verified,0,20
TXN000003036,CUST055569,2019-01-10,15:42,Salary,NEFT,60502.11,Debit,93412.77,Retail,Maharashtra,695,0,No loan,0.0,Success,POS_Terminal,Verified,0,15
TXN000003037,CUST020220,2019-01-10,14:07,Current,RTGS,756821.49,Debit,34047.63,Healthcare,Karnataka,759,1,Education,3164.49,Success,Mobile_App,Verified,0,14
TXN000003038,CUST057170,2019-01-10,20:36,Savings,ATM_Withdrawal,2000.0,Debit,46100.67,E-Commerce,Delhi,416,1,Home,4228.08,Success,Mobile_App,Verified,0,20
TXN000003039,CUST074966,2019-01-10,23:08,Savings,UPI,1701.66,Credit,3453348.88,Entertainment,Rajasthan,325,0,No loan,0.0,Success,Branch,Verified,0,23
TXN000003040,CUST046841,2019-01-10,09:53,Savings,UPI,379.83,Credit,93398.23,Retail,Rajasthan,705,0,No loan,0.0,Success,POS_Terminal,Verified,0,9
TXN000003041,CUST044696,2019-01-10,15:56,Salary,Cheque,3386.84,Credit,219438.53,Government,Tamil Nadu,610,0,No loan,0.0,Success,Mobile_App,Expired,0,15
TXN000003042,CUST077989,2019-01-10,00:20,Savings,UPI,915.96,Debit,7611.01,Fuel,Karnataka,878,0,No loan,0.0,Success,ATM,Verified,0,0
TXN000003043,CUST058343,2019-01-10,15:08,Current,UPI,193.68,Credit,23116.15,Utilities,Telangana,610,1,Personal,3715.99,Success,Branch,Verified,0,15
TXN000003044,CUST018952,2019-01-10,00:10,Current,UPI,821.3,Credit,5218.44,E-Commerce,Delhi,633,1,Auto,48758.34,Success,Mobile_App,Verified,0,0
TXN000003045,CUST001308,2019-01-10,00:16,Current,UPI,523.71,Credit,29490.53,Travel,West Bengal,859,1,Business,1867.68,Success,Mobile_App,Pending,0,0
TXN000003046,CUST035429,2019-01-10,18:54,Savings,UPI,260.77,Debit,80828.07,Travel,Maharashtra,763,0,No loan,0.0,Success,Branch,Verified,0,18
TXN000003047,CUST075775,2019-01-10,05:14,Savings,POS,1050.82,Debit,2026.76,Real Estate,Maharashtra,532,0,No loan,0.0,Success,API,Verified,0,5
TXN000003048,CUST038976,2019-01-10,19:25,Salary,UPI,297.28,Debit,14071.58,Peer Transfer,Gujarat,343,0,No loan,0.0,Success,Web,Verified,0,19
TXN000003049,CUST001141,2019-01-10,05:14,Current,Cheque,18727.27,Credit,337716.52,Education,Tamil Nadu,650,0,No loan,0.0,Success,Mobile_App,Verified,0,5
TXN000003050,CUST024843,2019-01-10,16:47,Current,IMPS,2587.34,Debit,33978.84,Peer Transfer,West Bengal,846,1,Personal,3242.3,Pending,Mobile_App,Verified,0,16
TXN000003051,CUST026422,2019-01-10,18:10,Savings,UPI,1462.66,Credit,7390.27,Retail,Gujarat,330,0,No loan,0.0,Success,Branch,Verified,0,18
TXN000003052,CUST001709,2019-01-10,17:38,Current,UPI,642.33,Credit,199667.23,Peer Transfer,Punjab,799,1,Personal,22825.55,Success,Mobile_App,Verified,0,17
TXN000003053,CUST003631,2019-01-10,12:27,NRI,NEFT,475718.14,Debit,28126.27,Investment,Maharashtra,691,1,Auto,7898.23,Success,Mobile_App,Verified,0,12
TXN000003054,CUST019596,2019-01-11,08:20,Current,Cheque,17711.34,Credit,63278.26,Investment,Delhi,526,0,No loan,0.0,Failed,Mobile_App,Verified,0,8
TXN000003055,CUST076022,2019-01-11,10:02,Current,NEFT,1914.2,Credit,266211.96,Peer Transfer,Delhi,323,0,No loan,0.0,Success,ATM,Verified,0,10
TXN000003056,CUST028309,2019-01-11,09:06,Current,POS,1512.28,Debit,12321.32,Peer Transfer,Maharashtra,329,0,No loan,0.0,Success,Mobile_App,Verified,0,9
TXN000003057,CUST044790,2019-01-11,17:29,Savings,UPI,191.22,Debit,18320.51,Real Estate,Tamil Nadu,794,1,Home,6859.26,Success,API,Verified,0,17
TXN000003058,CUST055691,2019-01-11,00:14,Current,UPI,140.46,Credit,4888.52,Education,Telangana,340,0,No loan,0.0,Success,Web,Verified,0,0
TXN000003059,CUST026087,2019-01-11,22:28,Salary,UPI,517.64,Debit,19027.58,Investment,West Bengal,895,0,No loan,0.0,Success,Branch,Expired,0,22
TXN000003060,CUST016860,2019-01-11,11:04,Current,IMPS,1783.76,Debit,32741.33,Real Estate,Delhi,764,0,No loan,0.0,Success,Web,Verified,0,11
TXN000003061,CUST007685,2019-01-11,17:10,Current,POS,157.99,Debit,129563.77,Peer Transfer,Telangana,782,0,No loan,0.0,Success,Web,Pending,0,17
TXN000003062,CUST001208,2019-01-11,05:14,Current,POS,17031.23,Debit,5656.89,E-Commerce,Telangana,643,1,Unknown,8362.97,Success,Mobile_App,Verified,0,5
TXN000003063,CUST046100,2019-01-11,14:44,Savings,NEFT,3451.16,Debit,53201.76,Retail,Tamil Nadu,854,0,No loan,0.0,Success,Mobile_App,Verified,0,14
TXN000003064,CUST067497,2019-01-11,05:26,Savings,RTGS,101374.77,Debit,69775.48,Real Estate,Delhi,699,0,No loan,0.0,Success,Mobile_App,Verified,0,5
TXN000003065,CUST066094,2019-01-11,00:15,Savings,UPI,1466.57,Debit,12464.45,Retail,Telangana,630,1,Gold,3562.81,Success,API,Verified,0,0
TXN000003066,CUST029690,2019-01-11,21:57,Savings,ATM_Withdrawal,500.0,Debit,21596.76,Fuel,Delhi,571,1,Gold,10399.73,Success,Mobile_App,Expired,0,21
TXN000003067,CUST048652,2019-01-11,16:20,Current,IMPS,1240.77,Credit,1749.69,E-Commerce,Maharashtra,712,0,No loan,0.0,Success,Branch,Verified,0,16
TXN000003068,CUST013894,2019-01-11,19:30,Current,UPI,1974.69,Credit,140404.86,Utilities,Maharashtra,830,0,No loan,0.0,Success,Mobile_App,Verified,0,19
TXN000003069,CUST066419,2019-01-11,05:32,Salary,ATM_Withdrawal,3000.0,Debit,19568.89,Entertainment,Maharashtra,461,1,Education,3792.76,Success,API,Verified,0,5
TXN000003070,CUST060012,2019-01-11,10:47,Salary,Cheque,21424.8,Credit,45585.54,Food & Dining,Maharashtra,654,0,No loan,0.0,Success,Mobile_App,Verified,0,10
TXN000003071,CUST038636,2019-01-11,03:17,Fixed Deposit,POS,3875.97,Debit,90974.08,Retail,Punjab,772,0,No loan,0.0,Success,Mobile_App,Verified,0,3
TXN000003072,CUST056116,2019-01-11,22:35,Salary,ATM_Withdrawal,500.0,Debit,11879.56,Peer Transfer,Maharashtra,689,1,Unknown,3275.94,Success,Web,Expired,0,22
TXN000003073,CUST078406,2019-01-11,14:01,Savings,Net_Banking,19344.88,Debit,24908.14,Salary,Karnataka,812,1,Education,1956.67,Success,Mobile_App,Verified,0,14
TXN000003074,CUST072703,2019-01-11,02:00,Savings,IMPS,1920.13,Debit,217618.25,Entertainment,Maharashtra,539,0,No loan,0.0,Success,Mobile_App,Verified,0,2
TXN000003075,CUST078519,2019-01-11,22:06,Savings,UPI,1778.69,Debit,25184.69,Education,Maharashtra,399,1,Personal,7200.35,Success,Mobile_App,Verified,0,22
TXN000003076,CUST072806,2019-01-11,12:27,Salary,Auto_Debit,583.33,Debit,11549.44,Government,Tamil Nadu,770,1,Personal,1360.23,Success,Mobile_App,Verified,0,12
TXN000003077,CUST058955,2019-01-11,23:03,Current,NEFT,12272.77,Debit,5051.12,Fuel,Telangana,723,1,Home,951.9,Success,Mobile_App,Pending,0,23
TXN000003078,CUST028065,2019-01-11,09:34,Savings,Auto_Debit,3175.48,Debit,88067.01,Travel,Maharashtra,597,0,No loan,0.0,Success,POS_Terminal,Verified,0,9
TXN000003079,CUST079064,2019-01-11,17:09,Salary,UPI,89.91,Debit,38368.21,Travel,Delhi,696,1,Personal,1819.05,Success,POS_Terminal,Verified,0,17
TXN000003080,CUST002455,2019-01-11,11:01,Current,UPI,2367.61,Credit,3727.84,Retail,Telangana,527,0,No loan,0.0,Success,Mobile_App,Verified,0,11
TXN000003081,CUST020879,2019-01-11,23:43,Savings,NEFT,19443.67,Credit,9821.08,Peer Transfer,Gujarat,777,0,No loan,0.0,Success,Web,Verified,0,23
TXN000003082,CUST051099,2019-01-11,14:09,Savings,NEFT,3550.01,Credit,17633.53,Salary,Maharashtra,528,0,No loan,0.0,Success,Web,Verified,0,14
TXN000003083,CUST062155,2019-01-11,20:52,Savings,UPI,2265.57,Credit,43036.14,Salary,West Bengal,464,0,No loan,0.0,Success,Branch,Verified,0,20
TXN000003084,CUST012992,2019-01-11,03:17,Current,IMPS,2273.7,Debit,52066.05,Peer Transfer,Tamil Nadu,427,0,No loan,0.0,Success,POS_Terminal,Verified,0,3
TXN000003085,CUST068345,2019-01-11,02:42,Fixed Deposit,ATM_Withdrawal,5000.0,Debit,175030.89,Retail,Delhi,425,1,Home,7095.2,Success,Web,Verified,0,2
TXN000003086,CUST036594,2019-01-11,13:46,Savings,NEFT,71622.68,Credit,19857.7,Food & Dining,Maharashtra,548,0,No loan,0.0,Success,Web,Verified,0,13
TXN000003087,CUST036305,2019-01-11,09:28,Fixed Deposit,NEFT,70476.67,Debit,6605.55,Insurance,Gujarat,365,1,Personal,4614.78,Success,Mobile_App,Verified,0,9
TXN000003088,CUST030387,2019-01-11,22:05,Current,POS,8671.84,Debit,109318.97,Retail,Punjab,863,1,Home,6250.89,Success,Branch,Verified,0,22
TXN000003089,CUST055221,2019-01-11,14:17,Savings,Auto_Debit,2369.37,Debit,13303.94,Retail,Maharashtra,337,0,No loan,0.0,Success,Mobile_App,Pending,0,14
TXN000003090,CUST069339,2019-01-11,11:53,NRI,UPI,1128.05,Debit,100148.56,Retail,Telangana,615,0,No loan,0.0,Success,Web,Verified,0,11
TXN000003091,CUST021084,2019-01-11,07:12,Savings,NEFT,90926.11,Debit,64009.13,Travel,Telangana,422,0,No loan,0.0,Success,Mobile_App,Verified,0,7
TXN000003092,CUST018355,2019-01-11,07:11,Savings,UPI,184.2,Debit,94206.25,Food & Dining,Karnataka,385,0,No loan,0.0,Success,Branch,Verified,0,7
TXN000003093,CUST022191,2019-01-11,12:41,NRI,UPI,665.71,Debit,71638.77,Retail,Gujarat,711,1,Personal,2048.21,Success,API,Verified,0,12
TXN000003094,CUST006143,2019-01-11,03:38,Savings,NEFT,12513.17,Debit,15880.49,Utilities,Tamil Nadu,436,0,No loan,0.0,Success,ATM,Verified,0,3
TXN000003095,CUST028399,2019-01-11,05:37,Fixed Deposit,IMPS,3010.57,Debit,30583.2,Healthcare,UP,477,0,No loan,0.0,Success,Web,Verified,0,5
TXN000003096,CUST051972,2019-01-11,21:37,Current,RTGS,295601.96,Credit,17508.6,Food & Dining,West Bengal,754,0,No loan,0.0,Success,Web,Verified,0,21
TXN000003097,CUST041863,2019-01-11,11:41,Savings,Net_Banking,1646.04,Credit,157876.29,E-Commerce,Rajasthan,304,1,Home,4865.26,Success,Branch,Verified,0,11
TXN000003098,CUST053411,2019-01-11,18:20,Savings,NEFT,24380.87,Debit,9714.49,Peer Transfer,Gujarat,463,0,No loan,0.0,Success,Web,Pending,0,18
TXN000003099,CUST019504,2019-01-11,14:28,Savings,IMPS,12545.34,Debit,170780.91,Fuel,Delhi,494,0,No loan,0.0,Success,Mobile_App,Verified,0,14
TXN000003100,CUST048457,2019-01-11,15:42,Current,ATM_Withdrawal,5000.0,Debit,87834.85,Peer Transfer,Tamil Nadu,896,1,Personal,2710.99,Success,Web,Verified,0,15
TXN000003101,CUST008017,2019-01-11,23:07,Savings,UPI,1936.28,Debit,29288.07,Retail,West Bengal,896,0,No loan,0.0,Success,ATM,Verified,0,23
TXN000003102,CUST002385,2019-01-11,12:43,Salary,UPI,1161.67,Credit,44262.99,Real Estate,Delhi,756,0,No loan,0.0,Success,Mobile_App,Verified,0,12
TXN000003103,CUST062321,2019-01-11,11:38,Savings,NEFT,3349.6,Debit,19592.99,Insurance,Maharashtra,776,0,No loan,0.0,Success,Web,Verified,0,11
TXN000003104,CUST015073,2019-01-11,05:26,Fixed Deposit,NEFT,16843.07,Credit,45580.31,Fuel,Gujarat,657,0,No loan,0.0,Success,Branch,Verified,0,5
TXN000003105,CUST040511,2019-01-11,11:12,Current,UPI,171.67,Debit,48128.62,Utilities,Tamil Nadu,656,1,Business,2160.69,Success,Branch,Verified,0,11
TXN000003106,CUST048934,2019-01-11,05:26,Salary,IMPS,1746.39,Debit,742846.17,Food & Dining,Rajasthan,336,0,No loan,0.0,Success,Web,Verified,0,5
TXN000003107,CUST021827,2019-01-11,23:29,Savings,Auto_Debit,2359.95,Debit,136322.95,E-Commerce,Karnataka,812,0,No loan,0.0,Success,Mobile_App,Verified,0,23
TXN000003108,CUST068027,2019-01-11,14:17,Savings,UPI,889.69,Debit,391397.42,Insurance,UP,562,0,No loan,0.0,Pending,Mobile_App,Pending,0,14
TXN000003109,CUST025519,2019-01-11,17:22,Savings,UPI,652.42,Debit,104638.52,Entertainment,Karnataka,442,0,No loan,0.0,Success,Mobile_App,Verified,0,17
TXN000003110,CUST024046,2019-01-11,18:10,Savings,POS,5416.62,Debit,82309.2,Government,Karnataka,836,0,No loan,0.0,Success,POS_Terminal,Verified,0,18
TXN000003111,CUST050877,2019-01-11,08:12,NRI,RTGS,66365.95,Debit,177974.06,Peer Transfer,Gujarat,427,0,No loan,0.0,Success,Web,Verified,0,8
TXN000003112,CUST051920,2019-01-11,09:35,Current,UPI,977.79,Debit,9634.08,Fuel,Maharashtra,412,0,No loan,0.0,Success,POS_Terminal,Verified,0,9
TXN000003113,CUST027104,2019-01-11,13:54,NRI,Auto_Debit,1035.08,Debit,50974.55,Food & Dining,Rajasthan,360,0,No loan,0.0,Pending,POS_Terminal,Pending,0,13
TXN000003114,CUST036189,2019-01-11,00:02,Savings,RTGS,263779.31,Credit,27875.45,Retail,Delhi,320,0,No loan,0.0,Success,ATM,Verified,0,0
TXN000003115,CUST005846,2019-01-11,19:48,Current,IMPS,68459.11,Debit,13500.52,Investment,Karnataka,533,1,Home,2596.0,Success,API,Verified,0,19
TXN000003116,CUST036675,2019-01-11,23:42,Current,Credit_Card,269.21,Debit,71092.88,Investment,Delhi,777,0,No loan,0.0,Success,Web,Verified,0,23
TXN000003117,CUST019338,2019-01-11,17:30,Savings,IMPS,22592.17,Credit,56443.77,Healthcare,Punjab,705,1,Unknown,8231.49,Pending,Mobile_App,Verified,0,17
TXN000003118,CUST022314,2019-01-11,04:54,Savings,UPI,3592.9,Credit,87219.12,Investment,Karnataka,818,0,No loan,0.0,Success,Mobile_App,Verified,0,4
TXN000003119,CUST026944,2019-01-11,17:16,Savings,NEFT,29977.98,Debit,16013.86,Salary,Maharashtra,806,1,Business,5656.52,Success,Mobile_App,Verified,0,17
TXN000003120,CUST077950,2019-01-11,17:57,Current,UPI,2221.07,Debit,6274.62,Entertainment,Delhi,810,0,No loan,0.0,Success,Web,Verified,0,17
TXN000003121,CUST000277,2019-01-11,17:22,Current,Credit_Card,243.96,Debit,178045.78,Utilities,Tamil Nadu,899,0,No loan,0.0,Success,Mobile_App,Pending,0,17
TXN000003122,CUST051152,2019-01-11,15:18,Savings,Cheque,73950.6,Debit,69181.07,Travel,West Bengal,388,0,No loan,0.0,Success,API,Verified,0,15
TXN000003123,CUST017612,2019-01-11,10:36,Savings,UPI,707.05,Debit,17230.99,Food & Dining,Maharashtra,301,0,No loan,0.0,Success,POS_Terminal,Verified,0,10
TXN000003124,CUST011945,2019-01-11,01:48,Savings,ATM_Withdrawal,500.0,Debit,32388.16,E-Commerce,UP,583,0,No loan,0.0,Success,Mobile_App,Verified,0,1
TXN000003125,CUST052888,2019-01-11,03:02,Salary,UPI,541.47,Credit,30520.26,E-Commerce,Telangana,476,1,Personal,5760.58,Success,POS_Terminal,Verified,0,3
TXN000003126,CUST049848,2019-01-11,21:52,Salary,ATM_Withdrawal,10000.0,Debit,175006.44,E-Commerce,Tamil Nadu,818,0,No loan,0.0,Success,Mobile_App,Verified,0,21
TXN000003127,CUST058654,2019-01-11,05:08,Savings,ATM_Withdrawal,5000.0,Debit,5235.28,Government,Karnataka,500,1,Unknown,2092.95,Success,Mobile_App,Verified,0,5
TXN000003128,CUST056623,2019-01-11,21:45,Salary,UPI,71.58,Debit,27985.23,Travel,Rajasthan,375,0,No loan,0.0,Success,Mobile_App,Verified,0,21
TXN000003129,CUST027811,2019-01-11,15:47,Fixed Deposit,POS,541.51,Debit,82218.68,Food & Dining,Tamil Nadu,686,0,No loan,0.0,Success,API,Verified,0,15
TXN000003130,CUST077843,2019-01-11,16:48,Salary,RTGS,258491.18,Debit,601487.7,Travel,Telangana,509,1,Home,8713.34,Success,Web,Verified,0,16
TXN000003131,CUST010504,2019-01-11,17:40,Savings,UPI,796.27,Credit,67783.75,Retail,Delhi,327,0,No loan,0.0,Success,Mobile_App,Verified,0,17
TXN000003132,CUST036977,2019-01-11,06:41,Salary,Net_Banking,4462.84,Debit,55058.7,Healthcare,Tamil Nadu,456,0,No loan,0.0,Success,Mobile_App,Verified,0,6
TXN000003133,CUST011591,2019-01-11,05:07,Savings,POS,1769.61,Debit,38636.23,Peer Transfer,Delhi,862,0,No loan,0.0,Success,Mobile_App,Pending,0,5
TXN000003134,CUST010887,2019-01-11,14:55,Savings,RTGS,347107.07,Debit,18998.94,Retail,Gujarat,763,0,No loan,0.0,Success,Mobile_App,Verified,0,14
TXN000003135,CUST012867,2019-01-11,00:13,Current,UPI,321.56,Debit,8396.59,Utilities,Karnataka,785,0,No loan,0.0,Success,Mobile_App,Verified,0,0
TXN000003136,CUST066625,2019-01-11,20:19,Savings,POS,163.27,Debit,179207.48,Food & Dining,Delhi,590,1,Business,4859.55,Success,POS_Terminal,Verified,0,20
TXN000003137,CUST068900,2019-01-11,15:33,NRI,RTGS,167318.1,Debit,12319.07,Healthcare,Tamil Nadu,536,0,No loan,0.0,Success,Mobile_App,Verified,0,15
TXN000003138,CUST032793,2019-01-11,19:41,Current,IMPS,212.81,Credit,43514.8,Utilities,Rajasthan,538,0,No loan,0.0,Success,POS_Terminal,Verified,0,19
TXN000003139,CUST009765,2019-01-11,03:47,Current,NEFT,49655.95,Credit,23029.29,Retail,Telangana,473,0,No loan,0.0,Success,Web,Verified,0,3
TXN000003140,CUST042728,2019-01-11,08:15,Current,UPI,231.74,Credit,92356.7,E-Commerce,Delhi,823,0,No loan,0.0,Success,Mobile_App,Verified,0,8
TXN000003141,CUST078472,2019-01-11,20:22,Salary,IMPS,4602.58,Debit,19097.15,E-Commerce,Maharashtra,847,0,No loan,0.0,Success,Web,Pending,0,20
TXN000003142,CUST008069,2019-01-11,18:21,NRI,Net_Banking,20016.06,Debit,56480.09,Real Estate,Karnataka,547,0,No loan,0.0,Success,Web,Verified,0,18
TXN000003143,CUST007296,2019-01-11,09:45,Fixed Deposit,Auto_Debit,840.92,Debit,33093.61,Retail,UP,710,1,Personal,1218.8,Success,Branch,Verified,0,9
TXN000003144,CUST041161,2019-01-11,20:22,Salary,UPI,421.15,Debit,15371.74,Peer Transfer,Gujarat,339,0,No loan,0.0,Pending,Mobile_App,Verified,0,20
TXN000003145,CUST011391,2019-01-11,23:19,Savings,Auto_Debit,1028.45,Debit,7838.52,Salary,West Bengal,825,1,Personal,9520.46,Success,POS_Terminal,Verified,0,23
TXN000003146,CUST020132,2019-01-11,13:23,Savings,POS,1983.38,Debit,562434.23,Healthcare,Delhi,861,1,Personal,1853.13,Success,POS_Terminal,Verified,0,13
TXN000003147,CUST075970,2019-01-11,05:03,Savings,Auto_Debit,2786.69,Debit,9067.04,Real Estate,Gujarat,307,0,No loan,0.0,Success,Mobile_App,Verified,0,5
TXN000003148,CUST015039,2019-01-11,22:29,Savings,IMPS,497.5,Credit,59684.06,E-Commerce,Maharashtra,702,0,No loan,0.0,Success,Branch,Verified,0,22
TXN000003149,CUST052328,2019-01-11,18:51,Savings,Credit_Card,2426.9,Debit,45596.66,Real Estate,Maharashtra,485,0,No loan,0.0,Failed,Web,Verified,0,18
TXN000003150,CUST077065,2019-01-11,06:36,Salary,Net_Banking,94741.08,Debit,55724.52,Healthcare,Tamil Nadu,806,0,No loan,0.0,Success,Mobile_App,Verified,0,6
TXN000003151,CUST021282,2019-01-11,15:26,Savings,IMPS,4315.69,Debit,42261.32,Travel,Maharashtra,560,0,No loan,0.0,Success,Mobile_App,Verified,0,15
TXN000003152,CUST054190,2019-01-11,15:01,Fixed Deposit,IMPS,722.97,Debit,259291.55,Food & Dining,West Bengal,662,1,Home,6866.64,Success,Web,Pending,0,15
TXN000003153,CUST048512,2019-01-11,07:06,Current,UPI,3260.23,Debit,16941.95,Salary,Tamil Nadu,563,1,Personal,1380.1,Success,Web,Verified,0,7
TXN000003154,CUST008606,2019-01-11,21:05,Savings,NEFT,11734.73,Debit,16085.06,Travel,West Bengal,420,1,Gold,2676.04,Success,API,Expired,0,21
TXN000003155,CUST001382,2019-01-11,16:12,Savings,ATM_Withdrawal,5000.0,Debit,47697.15,Travel,Tamil Nadu,805,0,No loan,0.0,Success,Mobile_App,Verified,0,16
TXN000003156,CUST066635,2019-01-11,23:59,Current,POS,3927.17,Debit,9323.22,Insurance,Maharashtra,642,1,Education,374.21,Success,POS_Terminal,Verified,0,23
TXN000003157,CUST019811,2019-01-11,21:51,Savings,RTGS,123881.86,Debit,165834.88,Salary,Maharashtra,538,0,No loan,0.0,Success,POS_Terminal,Verified,0,21
TXN000003158,CUST024323,2019-01-11,19:15,Savings,ATM_Withdrawal,1000.0,Debit,64018.96,Peer Transfer,Delhi,603,0,No loan,0.0,Success,API,Verified,0,19
TXN000003159,CUST041870,2019-01-11,21:08,Savings,UPI,1944.67,Credit,22424.79,Entertainment,Maharashtra,781,0,No loan,0.0,Success,Mobile_App,Verified,0,21
TXN000003160,CUST032956,2019-01-11,12:17,Savings,UPI,814.96,Credit,35991.2,E-Commerce,Gujarat,789,0,No loan,0.0,Success,POS_Terminal,Expired,0,12
TXN000003161,CUST061389,2019-01-11,21:57,Savings,Auto_Debit,163.53,Debit,19859.28,Retail,Tamil Nadu,686,0,No loan,0.0,Success,Mobile_App,Verified,0,21
TXN000003162,CUST010208,2019-01-11,19:43,Savings,POS,349.81,Debit,174863.7,Investment,Gujarat,394,1,Business,5525.23,Success,Branch,Verified,0,19
TXN000003163,CUST067629,2019-01-11,07:43,Salary,ATM_Withdrawal,3000.0,Debit,469811.46,Retail,Maharashtra,748,1,Business,13534.57,Success,Branch,Verified,0,7
TXN000003164,CUST028221,2019-01-11,04:43,Savings,UPI,41.54,Credit,3118.25,Education,Karnataka,825,1,Auto,2111.34,Success,Mobile_App,Verified,0,4
TXN000003165,CUST074086,2019-01-11,21:02,Savings,IMPS,2749.54,Credit,95359.14,E-Commerce,Maharashtra,673,0,No loan,0.0,Success,Web,Verified,0,21
TXN000003166,CUST022032,2019-01-11,16:25,Fixed Deposit,UPI,195.49,Debit,43247.39,Retail,Maharashtra,786,0,No loan,0.0,Failed,ATM,Verified,0,16
TXN000003167,CUST070722,2019-01-11,12:48,NRI,UPI,1944.18,Debit,10458.83,Food & Dining,West Bengal,781,0,No loan,0.0,Success,Web,Verified,0,12
TXN000003168,CUST071313,2019-01-11,16:51,Savings,Net_Banking,32192.95,Debit,336193.67,Government,Gujarat,441,1,Auto,5009.92,Success,ATM,Verified,0,16
TXN000003169,CUST059767,2019-01-11,14:51,Fixed Deposit,RTGS,355200.24,Credit,24776.82,Retail,UP,410,0,No loan,0.0,Success,Branch,Verified,0,14
TXN000003170,CUST012450,2019-01-11,17:26,Salary,NEFT,86278.98,Debit,5363.46,Peer Transfer,Rajasthan,752,0,No loan,0.0,Success,Mobile_App,Verified,0,17
TXN000003171,CUST056700,2019-01-11,07:34,Fixed Deposit,IMPS,1265.45,Credit,25021.5,Utilities,UP,584,1,Education,1616.21,Success,Mobile_App,Verified,0,7
TXN000003172,CUST046093,2019-01-11,10:52,NRI,Net_Banking,2896.76,Debit,18262.49,Real Estate,Tamil Nadu,383,1,Personal,14983.9,Success,ATM,Verified,0,10
TXN000003173,CUST063672,2019-01-11,23:59,Savings,UPI,774.38,Credit,42554.9,Utilities,Karnataka,355,1,Home,5618.57,Success,POS_Terminal,Verified,0,23
TXN000003174,CUST010351,2019-01-11,09:43,Savings,RTGS,107797.93,Credit,17627.27,Entertainment,Gujarat,624,1,Personal,4599.31,Success,ATM,Expired,0,9
TXN000003175,CUST068488,2019-01-11,11:53,Savings,UPI,116.88,Debit,21471.84,Retail,Karnataka,467,0,No loan,0.0,Success,Web,Verified,0,11
TXN000003176,CUST017623,2019-01-11,20:46,Current,Credit_Card,6319.56,Debit,24162.2,Utilities,Punjab,789,0,No loan,0.0,Success,POS_Terminal,Verified,0,20
TXN000003177,CUST070264,2019-01-11,17:16,Salary,Cheque,7302.54,Debit,8331.44,Peer Transfer,Gujarat,426,0,No loan,0.0,Success,API,Verified,0,17
TXN000003178,CUST053118,2019-01-11,03:53,Current,POS,4683.75,Debit,29029.23,Investment,Rajasthan,802,0,No loan,0.0,Success,POS_Terminal,Pending,0,3
TXN000003179,CUST058395,2019-01-11,01:53,Current,UPI,152.72,Debit,211538.13,Insurance,Maharashtra,560,1,Unknown,14834.52,Success,Web,Verified,0,1
TXN000003180,CUST023783,2019-01-11,00:35,Salary,UPI,1955.83,Credit,21516.54,Retail,Telangana,895,1,Auto,6162.61,Success,API,Verified,0,0
TXN000003181,CUST028455,2019-01-11,15:41,Salary,Cheque,134621.71,Credit,16624.96,E-Commerce,Tamil Nadu,746,1,Auto,1396.34,Success,Mobile_App,Verified,0,15
TXN000003182,CUST067905,2019-01-11,09:17,NRI,NEFT,21873.04,Debit,83473.03,Government,Gujarat,580,0,No loan,0.0,Success,Mobile_App,Verified,0,9
TXN000003183,CUST015593,2019-01-11,11:59,Current,POS,2811.61,Debit,99077.23,Peer Transfer,Delhi,526,0,No loan,0.0,Success,Mobile_App,Verified,0,11
TXN000003184,CUST022174,2019-01-11,13:41,Salary,UPI,246.27,Credit,22965.2,E-Commerce,Rajasthan,778,0,No loan,0.0,Success,Web,Verified,0,13
TXN000003185,CUST033205,2019-01-11,05:05,Current,NEFT,3014.3,Debit,15911.81,Salary,Maharashtra,416,0,No loan,0.0,Success,Mobile_App,Expired,0,5
TXN000003186,CUST035597,2019-01-11,05:46,Savings,IMPS,9701.39,Debit,11333.07,Healthcare,Rajasthan,790,0,No loan,0.0,Success,Mobile_App,Verified,0,5
TXN000003187,CUST034325,2019-01-11,22:49,Fixed Deposit,UPI,1870.58,Credit,5556.44,Investment,Tamil Nadu,882,0,No loan,0.0,Success,ATM,Verified,0,22
TXN000003188,CUST061203,2019-01-11,11:04,Savings,UPI,1582.02,Debit,36353.18,E-Commerce,Tamil Nadu,782,0,No loan,0.0,Success,Mobile_App,Verified,0,11
TXN000003189,CUST030751,2019-01-11,21:13,Salary,RTGS,83263.74,Debit,26567.5,Retail,Delhi,634,0,No loan,0.0,Success,Web,Verified,0,21
TXN000003190,CUST076113,2019-01-11,07:10,Current,ATM_Withdrawal,500.0,Debit,212023.12,Peer Transfer,Telangana,619,0,No loan,0.0,Failed,Mobile_App,Verified,0,7
TXN000003191,CUST016567,2019-01-11,04:55,Current,UPI,197.54,Credit,15523.94,Salary,Delhi,836,1,Business,3070.23,Success,Web,Verified,0,4
TXN000003192,CUST007191,2019-01-11,00:47,Savings,NEFT,32963.99,Debit,29523.27,Food & Dining,Tamil Nadu,863,0,No loan,0.0,Success,ATM,Verified,0,0
TXN000003193,CUST038334,2019-01-11,06:44,Salary,IMPS,1478.91,Credit,69806.54,Investment,Maharashtra,359,0,No loan,0.0,Success,Branch,Verified,0,6
TXN000003194,CUST001590,2019-01-11,23:00,Current,ATM_Withdrawal,5000.0,Debit,3937.42,Travel,Delhi,421,1,Business,2830.72,Success,Web,Verified,0,23
TXN000003195,CUST025236,2019-01-11,03:28,Savings,UPI,300.81,Credit,498334.52,Entertainment,Karnataka,709,0,No loan,0.0,Failed,Mobile_App,Verified,0,3
TXN000003196,CUST000160,2019-01-11,15:25,Savings,Credit_Card,1265.79,Debit,130813.33,Utilities,Maharashtra,798,0,No loan,0.0,Success,Mobile_App,Verified,0,15
TXN000003197,CUST012146,2019-01-11,23:00,Savings,IMPS,2863.99,Credit,50564.62,Retail,Karnataka,373,0,No loan,0.0,Success,Web,Verified,0,23
TXN000003198,CUST031922,2019-01-11,11:32,Salary,IMPS,377.64,Credit,1645.69,Food & Dining,Punjab,450,0,No loan,0.0,Success,ATM,Verified,0,11
TXN000003199,CUST016238,2019-01-11,06:08,Savings,UPI,889.08,Credit,12535.05,Healthcare,Rajasthan,870,0,No loan,0.0,Success,Mobile_App,Verified,0,6
TXN000003200,CUST008245,2019-01-11,11:31,Savings,Auto_Debit,7505.87,Debit,6505.24,Food & Dining,West Bengal,416,0,No loan,0.0,Success,Web,Verified,0,11
TXN000003201,CUST014744,2019-01-11,22:05,Savings,IMPS,941.82,Debit,2689.27,Salary,Delhi,860,1,Auto,1048.15,Success,POS_Terminal,Expired,0,22
TXN000003202,CUST046102,2019-01-11,05:48,Savings,NEFT,4741.81,Debit,5427.94,Retail,Telangana,309,0,No loan,0.0,Success,Web,Verified,0,5
TXN000003203,CUST056379,2019-01-11,18:16,Fixed Deposit,UPI,477.67,Debit,50279.82,Government,Rajasthan,877,0,No loan,0.0,Success,API,Verified,0,18
TXN000003204,CUST071127,2019-01-11,20:03,Salary,UPI,3650.38,Credit,17053.76,Peer Transfer,Karnataka,405,1,Unknown,32496.78,Success,Mobile_App,Verified,0,20
TXN000003205,CUST056072,2019-01-11,02:14,Savings,NEFT,11720.11,Debit,10813.2,Entertainment,Karnataka,582,0,No loan,0.0,Success,Mobile_App,Verified,0,2
TXN000003206,CUST071122,2019-01-11,09:27,Current,Net_Banking,1913.44,Debit,70766.2,Entertainment,Karnataka,585,0,No loan,0.0,Success,Mobile_App,Verified,0,9
TXN000003207,CUST074764,2019-01-11,21:21,Fixed Deposit,Auto_Debit,4290.53,Debit,71007.45,Government,Delhi,480,0,No loan,0.0,Success,Web,Expired,0,21
TXN000003208,CUST012238,2019-01-11,00:19,Savings,UPI,100.34,Credit,10696.21,Utilities,Rajasthan,679,1,Business,2727.43,Success,Branch,Verified,0,0
TXN000003209,CUST015650,2019-01-11,07:19,NRI,POS,1061.78,Debit,581744.2,Retail,West Bengal,532,0,No loan,0.0,Success,Web,Verified,0,7
TXN000003210,CUST037714,2019-01-11,03:10,Current,NEFT,33953.09,Credit,28822.48,Insurance,Punjab,790,0,No loan,0.0,Success,ATM,Verified,0,3
TXN000003211,CUST073464,2019-01-11,04:12,Current,UPI,3611.4,Debit,9946.69,Healthcare,Maharashtra,672,0,No loan,0.0,Success,Mobile_App,Pending,0,4
TXN000003212,CUST045410,2019-01-11,23:50,Savings,UPI,34.01,Debit,56570.56,Travel,Karnataka,383,0,No loan,0.0,Success,Mobile_App,Expired,0,23
TXN000003213,CUST048767,2019-01-11,08:09,Current,RTGS,244109.87,Credit,102284.68,Entertainment,Tamil Nadu,876,1,Home,1964.48,Success,Web,Verified,0,8
TXN000003214,CUST046155,2019-01-11,07:02,Current,POS,1376.2,Debit,7258.57,Utilities,UP,720,0,No loan,0.0,Success,Web,Verified,0,7
TXN000003215,CUST007017,2019-01-11,20:35,NRI,Auto_Debit,1850.7,Debit,287566.64,Peer Transfer,UP,698,1,Personal,4053.56,Success,Mobile_App,Verified,0,20
TXN000003216,CUST079564,2019-01-11,17:01,NRI,UPI,3363.82,Debit,17378.34,Salary,Gujarat,705,0,No loan,0.0,Success,Mobile_App,Verified,0,17
TXN000003217,CUST048689,2019-01-11,11:39,Current,UPI,3262.65,Debit,60704.14,Entertainment,Karnataka,811,0,No loan,0.0,Success,POS_Terminal,Verified,0,11
TXN000003218,CUST054239,2019-01-11,18:07,Savings,UPI,509.8,Debit,8678.41,Travel,UP,445,0,No loan,0.0,Success,POS_Terminal,Verified,0,18
TXN000003219,CUST058609,2019-01-11,20:38,Savings,Credit_Card,608.28,Debit,79164.47,Salary,Rajasthan,488,0,No loan,0.0,Success,ATM,Verified,0,20
TXN000003220,CUST031898,2019-01-11,11:05,NRI,POS,115.13,Debit,42049.39,Insurance,Delhi,630,1,Auto,9820.16,Success,Mobile_App,Verified,0,11
TXN000003221,CUST050962,2019-01-11,03:12,Savings,IMPS,216107.53,Debit,15548.84,Salary,Maharashtra,822,1,Business,3811.68,Success,ATM,Pending,0,3
TXN000003222,CUST068704,2019-01-11,09:13,Current,UPI,26.03,Credit,119627.99,Retail,Maharashtra,485,0,No loan,0.0,Success,POS_Terminal,Verified,0,9
TXN000003223,CUST044758,2019-01-11,13:32,Salary,NEFT,8029.79,Credit,38750.14,Utilities,Tamil Nadu,453,0,No loan,0.0,Success,Mobile_App,Verified,0,13
TXN000003224,CUST026918,2019-01-11,13:02,Current,IMPS,1450.68,Debit,90895.92,Entertainment,UP,891,0,No loan,0.0,Success,Mobile_App,Verified,0,13
TXN000003225,CUST022737,2019-01-11,21:22,Savings,RTGS,95686.35,Debit,11821.7,Healthcare,Telangana,872,1,Gold,5132.37,Success,Web,Verified,0,21
TXN000003226,CUST027991,2019-01-11,05:54,NRI,RTGS,455854.5,Credit,69285.93,Investment,Rajasthan,303,0,No loan,0.0,Success,POS_Terminal,Verified,0,5
TXN000003227,CUST062552,2019-01-11,10:10,Savings,IMPS,4221.46,Credit,41376.99,Investment,Tamil Nadu,880,0,No loan,0.0,Failed,Mobile_App,Verified,0,10
TXN000003228,CUST058162,2019-01-11,13:17,Salary,UPI,2470.3,Credit,88064.4,Investment,Karnataka,774,1,Auto,1564.62,Success,Mobile_App,Verified,0,13
TXN000003229,CUST079624,2019-01-11,21:08,Salary,NEFT,43295.84,Debit,170455.76,E-Commerce,Maharashtra,514,0,No loan,0.0,Success,POS_Terminal,Verified,0,21
TXN000003230,CUST022441,2019-01-11,00:16,NRI,Cheque,45700.65,Debit,42899.3,Education,UP,769,0,No loan,0.0,Success,ATM,Pending,0,0
TXN000003231,CUST035206,2019-01-11,22:36,Savings,UPI,3149.07,Debit,6368.05,Government,Tamil Nadu,401,0,No loan,0.0,Success,ATM,Pending,0,22
TXN000003232,CUST055104,2019-01-11,15:46,Salary,Cheque,2056.08,Debit,50891.44,Healthcare,Punjab,371,0,No loan,0.0,Success,Mobile_App,Verified,1,15
TXN000003233,CUST070813,2019-01-11,17:00,Current,UPI,96.13,Credit,15267.72,Food & Dining,Karnataka,521,0,No loan,0.0,Success,ATM,Verified,0,17
TXN000003234,CUST041628,2019-01-11,14:38,Salary,NEFT,13155.39,Debit,131945.34,Fuel,Maharashtra,414,1,Personal,10263.07,Success,POS_Terminal,Verified,0,14
TXN000003235,CUST019009,2019-01-11,08:32,Savings,UPI,484.45,Debit,29581.63,Travel,Maharashtra,760,0,No loan,0.0,Success,Mobile_App,Verified,0,8
TXN000003236,CUST071275,2019-01-11,16:24,Savings,ATM_Withdrawal,3000.0,Debit,15567.44,Retail,West Bengal,395,1,Business,8370.09,Success,Web,Verified,0,16
TXN000003237,CUST032403,2019-01-11,03:01,Savings,NEFT,2679.53,Debit,13635.09,Insurance,West Bengal,698,1,Gold,6504.54,Success,Web,Pending,0,3
TXN000003238,CUST053385,2019-01-11,07:16,Current,UPI,367.97,Debit,3924.46,E-Commerce,Delhi,641,0,No loan,0.0,Success,ATM,Pending,0,7
TXN000003239,CUST005794,2019-01-11,18:31,Savings,UPI,416.33,Debit,165746.73,Entertainment,Karnataka,450,1,Home,15624.67,Success,POS_Terminal,Verified,0,18
TXN000003240,CUST005572,2019-01-11,04:14,Salary,UPI,198.93,Credit,11542.64,Food & Dining,Rajasthan,493,1,Business,2383.58,Success,Web,Verified,0,4
TXN000003241,CUST016210,2019-01-11,01:37,Current,POS,1437.03,Debit,5971.58,Retail,Maharashtra,568,0,No loan,0.0,Success,ATM,Verified,0,1
TXN000003242,CUST043149,2019-01-11,12:59,Savings,IMPS,5018.91,Credit,24423.04,Retail,Rajasthan,724,0,No loan,0.0,Reversed,POS_Terminal,Verified,0,12
TXN000003243,CUST002225,2019-01-11,11:34,Savings,NEFT,11514.07,Credit,253121.1,Healthcare,Delhi,812,1,Auto,11296.76,Success,Mobile_App,Verified,0,11
TXN000003244,CUST048696,2019-01-11,16:23,Salary,POS,4448.08,Debit,246277.23,Travel,Gujarat,891,0,No loan,0.0,Success,Web,Verified,0,16
TXN000003245,CUST032442,2019-01-11,08:24,Current,Credit_Card,11241.47,Debit,97725.72,Salary,Tamil Nadu,637,1,Gold,9460.49,Success,Mobile_App,Verified,0,8
TXN000003246,CUST039130,2019-01-11,23:34,Savings,Auto_Debit,1774.64,Debit,107616.46,Government,West Bengal,810,0,No loan,0.0,Success,Mobile_App,Verified,0,23
TXN000003247,CUST062369,2019-01-11,05:05,Savings,ATM_Withdrawal,1000.0,Debit,20170.29,Healthcare,Maharashtra,417,1,Education,2943.57,Success,POS_Terminal,Verified,0,5
TXN000003248,CUST044761,2019-01-11,09:43,Salary,Net_Banking,41712.49,Debit,18515.22,Food & Dining,West Bengal,564,0,No loan,0.0,Success,Web,Verified,0,9
TXN000003249,CUST023479,2019-01-11,02:44,Savings,UPI,378.23,Debit,41467.37,E-Commerce,Maharashtra,576,0,No loan,0.0,Success,Mobile_App,Verified,0,2
TXN000003250,CUST071855,2019-01-11,12:13,Salary,NEFT,392635.39,Debit,32747.67,Fuel,Karnataka,719,1,Home,7732.26,Success,ATM,Verified,0,12
TXN000003251,CUST012181,2019-01-11,00:50,Fixed Deposit,UPI,631.56,Credit,10569.2,Healthcare,West Bengal,310,0,No loan,0.0,Success,Web,Verified,0,0
TXN000003252,CUST015373,2019-01-11,07:13,Savings,POS,5603.6,Debit,21093.03,Travel,Rajasthan,492,1,Business,5170.79,Reversed,Mobile_App,Expired,0,7
TXN000003253,CUST029797,2019-01-11,03:07,Current,Credit_Card,330.94,Debit,15395.77,Government,Maharashtra,499,1,Home,2356.97,Pending,Mobile_App,Verified,0,3
TXN000003254,CUST058273,2019-01-11,03:06,Current,POS,3673.01,Debit,59198.79,Fuel,West Bengal,841,0,No loan,0.0,Success,Branch,Pending,0,3
TXN000003255,CUST054041,2019-01-11,01:29,Current,RTGS,61028.78,Credit,2697.68,Insurance,Telangana,684,0,No loan,0.0,Success,Mobile_App,Verified,0,1
TXN000003256,CUST075358,2019-01-11,13:04,Current,UPI,433.6,Debit,22860.2,Real Estate,Telangana,358,0,No loan,0.0,Success,Mobile_App,Verified,0,13
TXN000003257,CUST071369,2019-01-11,17:55,NRI,UPI,651.07,Credit,2489.35,Travel,Telangana,591,1,Home,945.44,Success,Mobile_App,Verified,0,17
TXN000003258,CUST078357,2019-01-11,02:49,Current,POS,321.27,Debit,142776.64,Travel,Tamil Nadu,792,0,No loan,0.0,Success,Web,Verified,0,2
TXN000003259,CUST016212,2019-01-11,01:37,Salary,NEFT,3008.7,Debit,21551.3,Travel,Maharashtra,322,0,No loan,0.0,Success,Mobile_App,Verified,0,1
TXN000003260,CUST005843,2019-01-11,23:36,Savings,NEFT,6478.75,Debit,179428.84,Travel,Gujarat,582,1,Auto,2405.73,Success,Mobile_App,Verified,0,23
TXN000003261,CUST063116,2019-01-11,16:31,Current,POS,912.44,Debit,140097.53,Education,Tamil Nadu,808,0,No loan,0.0,Success,Mobile_App,Verified,0,16
TXN000003262,CUST066853,2019-01-11,20:35,Savings,UPI,2171.8,Debit,15347.53,Food & Dining,Tamil Nadu,818,0,No loan,0.0,Success,Branch,Verified,0,20
TXN000003263,CUST045969,2019-01-11,19:22,Fixed Deposit,UPI,205.72,Debit,74522.7,Food & Dining,UP,896,1,Auto,8787.5,Success,Web,Verified,0,19
TXN000003264,CUST017509,2019-01-11,08:16,Savings,IMPS,353.1,Credit,222091.51,Food & Dining,Maharashtra,745,0,No loan,0.0,Success,Branch,Verified,0,8
TXN000003265,CUST022006,2019-01-11,10:54,Salary,ATM_Withdrawal,2000.0,Debit,118379.34,Salary,Maharashtra,605,0,No loan,0.0,Success,Mobile_App,Verified,0,10
TXN000003266,CUST054576,2019-01-11,09:22,Current,UPI,136.11,Debit,5710.1,Retail,Telangana,493,0,No loan,0.0,Success,POS_Terminal,Verified,0,9
TXN000003267,CUST018972,2019-01-11,04:26,Current,NEFT,50027.06,Debit,117718.48,Salary,Gujarat,815,0,No loan,0.0,Success,Mobile_App,Verified,0,4
TXN000003268,CUST025600,2019-01-11,05:20,Savings,UPI,289.81,Debit,12918.51,Government,Karnataka,576,0,No loan,0.0,Success,API,Verified,0,5
TXN000003269,CUST066915,2019-01-11,22:12,Salary,IMPS,10409.41,Debit,29190.33,Salary,Karnataka,874,1,Home,1324.65,Success,Web,Expired,0,22
TXN000003270,CUST067056,2019-01-11,17:21,Current,UPI,672.17,Credit,212583.77,E-Commerce,Maharashtra,801,1,Personal,11540.39,Success,Mobile_App,Verified,0,17
TXN000003271,CUST005356,2019-01-11,19:58,Salary,RTGS,532702.98,Credit,52187.79,Salary,Tamil Nadu,465,0,No loan,0.0,Success,Mobile_App,Pending,0,19
TXN000003272,CUST054121,2019-01-11,05:36,Savings,NEFT,83689.15,Debit,10313.29,Retail,Tamil Nadu,610,1,Personal,3540.74,Success,Mobile_App,Verified,0,5
TXN000003273,CUST074620,2019-01-11,09:10,NRI,Cheque,8080.52,Debit,19550.76,Healthcare,Karnataka,819,0,No loan,0.0,Success,Branch,Verified,0,9
TXN000003274,CUST038343,2019-01-11,20:06,Savings,Net_Banking,199016.82,Debit,227883.85,Food & Dining,Maharashtra,363,0,No loan,0.0,Success,Mobile_App,Verified,0,20
TXN000003275,CUST078861,2019-01-11,09:48,Savings,IMPS,4194.06,Debit,78114.77,Salary,Punjab,330,0,No loan,0.0,Success,POS_Terminal,Verified,0,9
TXN000003276,CUST002258,2019-01-11,20:01,Savings,UPI,396.08,Credit,24650.42,Salary,Karnataka,648,0,No loan,0.0,Success,API,Verified,0,20
TXN000003277,CUST027365,2019-01-11,20:38,Savings,UPI,596.05,Debit,137981.58,Healthcare,Gujarat,398,0,No loan,0.0,Success,Mobile_App,Verified,0,20
TXN000003278,CUST024973,2019-01-11,16:57,Current,Net_Banking,20588.91,Debit,102315.01,Fuel,Gujarat,305,0,No loan,0.0,Success,Web,Verified,0,16
TXN000003279,CUST026655,2019-01-11,07:09,Savings,UPI,1796.67,Credit,78426.9,E-Commerce,Gujarat,644,0,No loan,0.0,Success,Mobile_App,Verified,0,7
TXN000003280,CUST029321,2019-01-11,17:45,Savings,ATM_Withdrawal,3000.0,Debit,163368.19,Investment,Tamil Nadu,622,0,No loan,0.0,Success,API,Expired,0,17
TXN000003281,CUST020809,2019-01-11,17:39,Fixed Deposit,NEFT,4056.22,Credit,18743.62,Investment,Delhi,453,1,Auto,2055.09,Success,Mobile_App,Verified,0,17
TXN000003282,CUST052390,2019-01-11,03:48,Savings,UPI,585.05,Credit,8527.36,Salary,Gujarat,732,0,No loan,0.0,Success,Web,Verified,0,3
TXN000003283,CUST034774,2019-01-11,04:57,Savings,POS,7142.7,Debit,143617.46,E-Commerce,Gujarat,440,0,No loan,0.0,Success,Mobile_App,Pending,0,4
TXN000003284,CUST051169,2019-01-11,11:28,Salary,IMPS,464.92,Credit,18460.88,Food & Dining,Tamil Nadu,653,0,No loan,0.0,Success,Mobile_App,Verified,0,11
TXN000003285,CUST027748,2019-01-11,21:49,Current,ATM_Withdrawal,500.0,Debit,116780.65,E-Commerce,Gujarat,639,0,No loan,0.0,Success,Web,Verified,0,21
TXN000003286,CUST076397,2019-01-11,14:51,Savings,UPI,892.44,Credit,8352.72,Education,West Bengal,468,1,Personal,5597.16,Success,ATM,Verified,0,14
TXN000003287,CUST057506,2019-01-11,21:31,Current,IMPS,1089.98,Credit,178878.56,Healthcare,Gujarat,657,0,No loan,0.0,Success,Branch,Verified,0,21
TXN000003288,CUST018136,2019-01-11,13:47,Salary,Auto_Debit,3514.01,Debit,53158.73,Retail,Gujarat,821,0,No loan,0.0,Success,Web,Verified,0,13
TXN000003289,CUST047378,2019-01-11,01:53,Salary,UPI,322.58,Debit,7754.8,Retail,Maharashtra,377,0,No loan,0.0,Success,Mobile_App,Verified,0,1
TXN000003290,CUST023555,2019-01-11,03:11,Fixed Deposit,UPI,3961.31,Debit,20059.2,Real Estate,Tamil Nadu,872,0,No loan,0.0,Success,Mobile_App,Expired,0,3
TXN000003291,CUST062492,2019-01-11,07:13,Savings,NEFT,11883.64,Credit,30731.83,Salary,Maharashtra,628,0,No loan,0.0,Reversed,Mobile_App,Verified,0,7
TXN000003292,CUST055622,2019-01-11,05:01,Current,POS,258.72,Debit,116637.13,Peer Transfer,Delhi,383,0,No loan,0.0,Success,POS_Terminal,Verified,0,5
TXN000003293,CUST058284,2019-01-11,01:34,Current,UPI,504.53,Credit,38923.51,Retail,Telangana,809,1,Business,7328.94,Success,Mobile_App,Verified,0,1
TXN000003294,CUST016924,2019-01-11,10:30,Fixed Deposit,Net_Banking,3841.19,Debit,18613.36,Salary,Rajasthan,654,1,Auto,4717.66,Success,Mobile_App,Verified,0,10
TXN000003295,CUST047592,2019-01-11,01:20,Fixed Deposit,UPI,57.65,Debit,21731.73,Government,Maharashtra,362,0,No loan,0.0,Success,Mobile_App,Verified,0,1
TXN000003296,CUST062262,2019-01-11,07:59,Savings,ATM_Withdrawal,5000.0,Debit,15226.47,E-Commerce,Delhi,644,0,No loan,0.0,Success,ATM,Verified,0,7
TXN000003297,CUST054337,2019-01-11,12:31,Current,IMPS,1881.13,Debit,358510.57,Utilities,Gujarat,752,1,Home,1622.08,Success,Branch,Verified,0,12
TXN000003298,CUST074084,2019-01-11,12:31,Savings,UPI,586.97,Debit,803956.45,Food & Dining,Maharashtra,573,0,No loan,0.0,Success,Web,Verified,0,12
TXN000003299,CUST060949,2019-01-11,20:38,Current,Net_Banking,19932.19,Credit,25964.02,Real Estate,Telangana,322,1,Personal,3557.86,Success,Branch,Verified,0,20
TXN000003300,CUST033003,2019-01-11,09:33,Current,IMPS,560.81,Credit,59903.19,Education,Tamil Nadu,539,1,Auto,5975.45,Success,ATM,Verified,0,9
TXN000003301,CUST073017,2019-01-11,11:51,Salary,IMPS,749.65,Debit,40778.81,Government,Telangana,592,0,No loan,0.0,Success,ATM,Verified,0,11
TXN000003302,CUST026673,2019-01-11,09:34,Current,ATM_Withdrawal,2000.0,Debit,80964.85,Food & Dining,Telangana,464,0,No loan,0.0,Success,Mobile_App,Verified,0,9
TXN000003303,CUST004214,2019-01-11,18:08,Savings,RTGS,103425.26,Debit,24644.78,Healthcare,Karnataka,581,0,No loan,0.0,Success,Mobile_App,Verified,0,18
TXN000003304,CUST010294,2019-01-11,05:06,Salary,ATM_Withdrawal,1000.0,Debit,18367.1,Government,Tamil Nadu,449,0,No loan,0.0,Success,Branch,Expired,0,5
TXN000003305,CUST055861,2019-01-11,07:53,Current,IMPS,3675.41,Debit,45936.81,Food & Dining,UP,609,0,No loan,0.0,Reversed,Mobile_App,Verified,0,7
TXN000003306,CUST062508,2019-01-11,22:28,Savings,UPI,2006.98,Debit,104408.03,E-Commerce,Tamil Nadu,354,1,Education,7467.25,Success,ATM,Expired,0,22
TXN000003307,CUST057135,2019-01-11,15:33,Current,UPI,806.83,Credit,13102.68,Healthcare,Karnataka,731,0,No loan,0.0,Success,Web,Verified,0,15
TXN000003308,CUST002101,2019-01-11,03:58,Current,POS,8638.27,Debit,74945.86,Peer Transfer,Karnataka,720,0,No loan,0.0,Success,POS_Terminal,Verified,0,3
TXN000003309,CUST061998,2019-01-11,08:59,Salary,POS,2293.77,Debit,73449.13,Travel,Delhi,600,0,No loan,0.0,Success,Web,Verified,0,8
TXN000003310,CUST028173,2019-01-11,02:48,Fixed Deposit,POS,1734.64,Debit,17118.22,Food & Dining,Rajasthan,838,1,Personal,8611.79,Success,Web,Verified,0,2
TXN000003311,CUST020133,2019-01-11,06:33,Savings,ATM_Withdrawal,500.0,Debit,34307.16,Food & Dining,Gujarat,749,0,No loan,0.0,Success,Mobile_App,Verified,0,6
TXN000003312,CUST018200,2019-01-11,05:32,Savings,Cheque,30490.1,Debit,13856.27,Government,West Bengal,785,0,No loan,0.0,Success,Web,Pending,0,5
TXN000003313,CUST036610,2019-01-11,15:39,Current,NEFT,4408.2,Debit,17921.34,Salary,Delhi,535,0,No loan,0.0,Success,Mobile_App,Verified,0,15
TXN000003314,CUST042966,2019-01-11,23:32,Current,UPI,5686.39,Debit,29427.75,Salary,Karnataka,818,0,No loan,0.0,Success,Mobile_App,Verified,0,23
TXN000003315,CUST008017,2019-01-11,00:52,Savings,Auto_Debit,1856.09,Debit,1099.19,Entertainment,Maharashtra,541,1,Education,3581.46,Reversed,Web,Pending,0,0
TXN000003316,CUST039780,2019-01-11,17:27,Savings,UPI,389.18,Credit,4435.47,Entertainment,Delhi,320,0,No loan,0.0,Success,POS_Terminal,Verified,0,17
TXN000003317,CUST031882,2019-01-11,00:37,Savings,POS,41.88,Debit,35129.54,E-Commerce,Telangana,401,0,No loan,0.0,Success,Web,Verified,0,0
TXN000003318,CUST024473,2019-01-11,08:40,Current,UPI,571.63,Credit,18369.93,Education,Karnataka,647,0,No loan,0.0,Success,ATM,Verified,0,8
TXN000003319,CUST051814,2019-01-11,13:22,Salary,UPI,1345.24,Debit,276114.86,Utilities,Delhi,763,1,Gold,2659.63,Success,Mobile_App,Verified,0,13
TXN000003320,CUST036022,2019-01-11,13:24,Savings,Auto_Debit,3796.48,Debit,173772.05,Insurance,Maharashtra,508,0,No loan,0.0,Success,API,Verified,0,13
TXN000003321,CUST054132,2019-01-11,08:25,Current,Cheque,46304.09,Credit,262080.71,Entertainment,Delhi,545,1,Business,3633.79,Success,API,Verified,0,8
TXN000003322,CUST024088,2019-01-11,14:16,Salary,POS,868.75,Debit,3505.76,Travel,Tamil Nadu,349,1,Home,3056.78,Success,Mobile_App,Verified,0,14
TXN000003323,CUST012829,2019-01-11,23:40,Savings,UPI,3070.55,Credit,4025.54,Food & Dining,Delhi,351,0,No loan,0.0,Success,Mobile_App,Verified,0,23
TXN000003324,CUST061611,2019-01-11,01:35,Savings,UPI,300.11,Debit,5191.74,Utilities,Gujarat,362,0,No loan,0.0,Success,Mobile_App,Verified,0,1
TXN000003325,CUST001402,2019-01-11,23:28,Salary,UPI,440.03,Credit,15174.49,E-Commerce,Maharashtra,898,0,No loan,0.0,Success,Mobile_App,Expired,0,23
TXN000003326,CUST015194,2019-01-11,16:03,Savings,ATM_Withdrawal,3000.0,Debit,6446.32,Travel,Tamil Nadu,314,0,No loan,0.0,Success,ATM,Verified,0,16
TXN000003327,CUST044865,2019-01-11,17:52,Current,UPI,302.54,Credit,1588692.27,Salary,Delhi,599,1,Unknown,6690.34,Success,Mobile_App,Verified,0,17
TXN000003328,CUST020308,2019-01-11,11:21,Fixed Deposit,POS,2358.31,Debit,14964.2,Healthcare,UP,606,1,Business,4645.6,Success,API,Verified,0,11
TXN000003329,CUST019612,2019-01-11,17:49,Current,Net_Banking,65450.46,Credit,374896.14,Food & Dining,Delhi,588,0,No loan,0.0,Success,Web,Verified,0,17
TXN000003330,CUST043792,2019-01-11,19:14,Current,IMPS,4195.37,Debit,59527.55,Entertainment,West Bengal,510,0,No loan,0.0,Success,API,Verified,0,19
TXN000003331,CUST011951,2019-01-11,08:43,Current,Auto_Debit,558.58,Debit,3884.18,Retail,Karnataka,820,0,No loan,0.0,Success,Branch,Verified,0,8
TXN000003332,CUST076241,2019-01-11,00:16,NRI,POS,713.15,Debit,17093.54,E-Commerce,Maharashtra,741,0,No loan,0.0,Success,Mobile_App,Pending,0,0
TXN000003333,CUST077404,2019-01-11,23:30,Current,IMPS,6402.62,Debit,116850.36,Food & Dining,Karnataka,557,0,No loan,0.0,Success,POS_Terminal,Verified,0,23
TXN000003334,CUST002746,2019-01-11,09:37,Savings,Cheque,23136.58,Debit,6691.12,Investment,Rajasthan,874,0,No loan,0.0,Success,API,Verified,0,9
TXN000003335,CUST055244,2019-01-11,16:18,Current,RTGS,141071.47,Debit,216184.52,Education,Tamil Nadu,612,1,Unknown,7495.97,Success,Mobile_App,Verified,0,16
TXN000003336,CUST003867,2019-01-11,12:48,Salary,UPI,624.64,Debit,85977.74,Peer Transfer,Delhi,715,0,No loan,0.0,Success,Web,Verified,0,12
TXN000003337,CUST032246,2019-01-11,03:14,Current,POS,1941.65,Debit,41399.99,Food & Dining,UP,754,0,No loan,0.0,Success,Mobile_App,Verified,0,3
TXN000003338,CUST044725,2019-01-11,08:20,Fixed Deposit,Credit_Card,3061.98,Debit,100507.31,E-Commerce,Delhi,681,1,Personal,3169.79,Success,Mobile_App,Verified,0,8
TXN000003339,CUST071355,2019-01-11,07:04,Savings,Credit_Card,1066.25,Debit,13599.65,E-Commerce,Rajasthan,437,0,No loan,0.0,Success,Mobile_App,Verified,0,7
TXN000003340,CUST051375,2019-01-11,08:43,Current,ATM_Withdrawal,2000.0,Debit,33263.21,Salary,Gujarat,635,1,Auto,21150.95,Success,API,Verified,0,8
TXN000003341,CUST030117,2019-01-11,03:58,Savings,IMPS,30719.85,Credit,13663.36,Utilities,Telangana,763,1,Education,4797.66,Success,POS_Terminal,Verified,0,3
TXN000003342,CUST020448,2019-01-11,01:28,Savings,ATM_Withdrawal,2000.0,Debit,78998.21,Education,Karnataka,750,1,Unknown,1725.5,Success,Mobile_App,Verified,0,1
TXN000003343,CUST030432,2019-01-11,13:58,Savings,UPI,196.81,Credit,50194.85,Peer Transfer,UP,713,0,No loan,0.0,Success,Branch,Verified,0,13
TXN000003344,CUST017909,2019-01-11,07:32,Savings,UPI,7090.02,Debit,80276.15,Fuel,Punjab,304,1,Personal,1183.81,Success,ATM,Pending,0,7
TXN000003345,CUST029337,2019-01-11,08:16,Savings,UPI,235.29,Credit,26423.16,Retail,Delhi,837,0,No loan,0.0,Success,POS_Terminal,Verified,0,8
TXN000003346,CUST040993,2019-01-11,09:38,Fixed Deposit,RTGS,198358.98,Debit,9668.62,Entertainment,Karnataka,660,1,Auto,11355.7,Success,POS_Terminal,Verified,0,9
TXN000003347,CUST055351,2019-01-11,05:20,Current,RTGS,54055.87,Credit,5016.69,Healthcare,Tamil Nadu,576,1,Personal,3579.77,Success,Web,Verified,0,5
TXN000003348,CUST069562,2019-01-11,11:12,Savings,RTGS,670753.7,Debit,72869.29,Education,UP,311,0,No loan,0.0,Success,Mobile_App,Verified,0,11
TXN000003349,CUST051956,2019-01-11,10:33,Savings,POS,1274.39,Debit,19292.9,Education,Maharashtra,655,0,No loan,0.0,Success,Mobile_App,Verified,0,10
TXN000003350,CUST061241,2019-01-11,14:13,Current,NEFT,5489.3,Debit,64836.0,Investment,Telangana,507,0,No loan,0.0,Success,Mobile_App,Pending,0,14
TXN000003351,CUST020094,2019-01-11,21:32,Fixed Deposit,UPI,1116.13,Debit,11787.62,E-Commerce,Karnataka,594,0,No loan,0.0,Success,Mobile_App,Verified,0,21
TXN000003352,CUST006156,2019-01-11,10:27,Current,UPI,310.76,Debit,8400.9,Retail,Delhi,761,1,Personal,9385.99,Success,Branch,Verified,0,10
TXN000003353,CUST046608,2019-01-11,22:04,Savings,Cheque,14874.01,Credit,32739.68,Investment,Tamil Nadu,816,0,No loan,0.0,Success,POS_Terminal,Verified,0,22
TXN000003354,CUST033488,2019-01-11,23:23,Fixed Deposit,ATM_Withdrawal,500.0,Debit,33035.27,Utilities,Karnataka,480,0,No loan,0.0,Success,ATM,Verified,0,23
TXN000003355,CUST055669,2019-01-11,22:32,Salary,UPI,501.54,Debit,52275.69,Investment,Punjab,569,1,Home,20275.14,Success,Web,Verified,0,22
TXN000003356,CUST020964,2019-01-11,21:49,Savings,NEFT,36418.26,Debit,23738.5,Travel,UP,593,0,No loan,0.0,Success,Web,Pending,0,21
TXN000003357,CUST050125,2019-01-11,04:30,Savings,NEFT,5661.04,Credit,46078.28,Utilities,Rajasthan,770,1,Auto,3012.11,Success,Mobile_App,Verified,0,4
TXN000003358,CUST052871,2019-01-11,05:46,Salary,UPI,3843.46,Debit,30876.77,Salary,Telangana,478,0,No loan,0.0,Success,POS_Terminal,Verified,0,5
TXN000003359,CUST056548,2019-01-11,11:00,Salary,UPI,1326.13,Credit,13509.36,Insurance,Karnataka,657,0,No loan,0.0,Success,Mobile_App,Verified,0,11
TXN000003360,CUST064111,2019-01-11,13:31,Savings,POS,306.8,Debit,4868.87,E-Commerce,Rajasthan,314,0,No loan,0.0,Success,Mobile_App,Verified,0,13
TXN000003361,CUST053555,2019-01-11,03:39,Current,ATM_Withdrawal,1000.0,Debit,331758.28,Insurance,Karnataka,781,0,No loan,0.0,Success,Branch,Verified,0,3
TXN000003362,CUST020937,2019-01-11,07:00,Current,IMPS,3588.55,Credit,4590.03,Retail,Tamil Nadu,409,1,Unknown,1229.32,Success,Mobile_App,Verified,0,7
TXN000003363,CUST004427,2019-01-11,14:13,Savings,Credit_Card,7168.31,Debit,95649.39,Food & Dining,Tamil Nadu,764,0,No loan,0.0,Success,API,Verified,0,14
TXN000003364,CUST027607,2019-01-11,06:24,Salary,NEFT,2798.49,Credit,6306.25,Investment,Telangana,576,1,Auto,21079.53,Success,Mobile_App,Verified,0,6
TXN000003365,CUST047833,2019-01-11,14:01,Savings,ATM_Withdrawal,1000.0,Debit,56125.28,E-Commerce,UP,406,1,Unknown,3260.68,Success,Mobile_App,Verified,0,14
TXN000003366,CUST028152,2019-01-11,19:47,Savings,IMPS,4832.33,Debit,14265.36,Food & Dining,Gujarat,793,1,Home,1598.64,Success,Mobile_App,Verified,0,19
TXN000003367,CUST079304,2019-01-11,14:00,Salary,Net_Banking,13200.79,Debit,120603.3,Food & Dining,Telangana,430,0,No loan,0.0,Success,Web,Verified,0,14
TXN000003368,CUST011309,2019-01-11,14:35,Current,Cheque,73955.62,Credit,32925.57,Travel,Tamil Nadu,685,1,Personal,1883.38,Success,Mobile_App,Verified,0,14
TXN000003369,CUST062523,2019-01-11,09:41,Savings,IMPS,9477.93,Debit,20579.64,Investment,Delhi,301,1,Home,3394.13,Success,Web,Verified,0,9
TXN000003370,CUST045672,2019-01-11,12:13,Current,Cheque,117764.16,Debit,99027.86,Fuel,Punjab,784,0,No loan,0.0,Success,POS_Terminal,Verified,0,12
TXN000003371,CUST002205,2019-01-11,01:47,Current,UPI,3542.45,Credit,13240.86,Real Estate,Gujarat,802,0,No loan,0.0,Success,Mobile_App,Expired,0,1
TXN000003372,CUST031132,2019-01-11,01:10,Savings,RTGS,139145.48,Debit,44857.77,Education,West Bengal,459,1,Unknown,17353.71,Success,Web,Verified,0,1
TXN000003373,CUST052429,2019-01-11,07:52,Salary,IMPS,3392.96,Credit,7774.62,Fuel,Punjab,882,0,No loan,0.0,Failed,Mobile_App,Verified,0,7
TXN000003374,CUST033871,2019-01-11,21:52,Savings,Net_Banking,9376.57,Debit,30991.62,Retail,West Bengal,580,1,Unknown,20395.4,Success,POS_Terminal,Verified,0,21
TXN000003375,CUST049068,2019-01-11,12:42,Current,IMPS,341.19,Debit,13328.91,E-Commerce,Tamil Nadu,721,0,No loan,0.0,Success,ATM,Pending,0,12
TXN000003376,CUST058586,2019-01-11,15:22,Salary,UPI,2078.96,Debit,11360.23,Utilities,Tamil Nadu,609,0,No loan,0.0,Success,Mobile_App,Verified,0,15
TXN000003377,CUST021608,2019-01-11,12:56,Current,Credit_Card,2472.95,Debit,242414.35,Healthcare,Tamil Nadu,354,0,No loan,0.0,Success,ATM,Verified,0,12
TXN000003378,CUST024969,2019-01-11,12:02,Savings,NEFT,16730.04,Debit,50871.87,Healthcare,West Bengal,389,1,Business,15131.3,Success,ATM,Verified,0,12
TXN000003379,CUST011909,2019-01-11,12:28,Current,UPI,677.34,Debit,19099.41,Government,Karnataka,534,1,Home,12796.05,Reversed,Web,Verified,0,12
TXN000003380,CUST026424,2019-01-11,22:00,Current,UPI,917.6,Credit,19428.4,Utilities,Telangana,729,1,Education,6863.38,Reversed,Mobile_App,Verified,0,22
TXN000003381,CUST074708,2019-01-11,09:00,Salary,UPI,565.7,Debit,77904.58,Peer Transfer,Delhi,382,1,Home,4514.23,Success,POS_Terminal,Verified,0,9
TXN000003382,CUST078258,2019-01-11,00:10,Current,IMPS,473.05,Credit,45763.99,Healthcare,Delhi,409,0,No loan,0.0,Success,Web,Verified,0,0
TXN000003383,CUST061216,2019-01-11,02:13,Current,UPI,1087.11,Credit,56052.55,Entertainment,Gujarat,302,0,No loan,0.0,Pending,ATM,Pending,0,2
TXN000003384,CUST055836,2019-01-12,11:00,Savings,NEFT,3634.24,Debit,3227.24,Salary,UP,492,1,Unknown,13232.92,Pending,ATM,Verified,0,11
TXN000003385,CUST049430,2019-01-12,22:25,Savings,Credit_Card,1306.4,Debit,51196.97,Investment,Delhi,609,1,Education,1846.89,Success,Mobile_App,Verified,0,22
TXN000003386,CUST038459,2019-01-12,23:24,Salary,IMPS,5611.31,Debit,85965.64,Investment,Rajasthan,628,1,Auto,2141.55,Success,POS_Terminal,Verified,0,23
TXN000003387,CUST046170,2019-01-12,18:16,Savings,NEFT,8947.52,Credit,10566.16,Investment,Tamil Nadu,889,1,Business,7106.31,Success,Web,Verified,0,18
TXN000003388,CUST007660,2019-01-12,11:04,Salary,UPI,210.14,Credit,29869.8,Peer Transfer,West Bengal,422,0,No loan,0.0,Success,ATM,Expired,0,11
TXN000003389,CUST060615,2019-01-12,15:01,Current,UPI,18705.0,Credit,24030.49,Government,West Bengal,320,0,No loan,0.0,Success,ATM,Verified,0,15
TXN000003390,CUST077241,2019-01-12,18:15,Current,IMPS,2741.76,Debit,31057.52,Government,Karnataka,539,0,No loan,0.0,Success,API,Verified,0,18
TXN000003391,CUST032794,2019-01-12,12:43,Savings,ATM_Withdrawal,3000.0,Debit,135843.05,Retail,Delhi,403,0,No loan,0.0,Success,Mobile_App,Verified,0,12
TXN000003392,CUST046474,2019-01-12,22:40,Current,IMPS,11938.44,Credit,19674.36,E-Commerce,West Bengal,640,0,No loan,0.0,Success,Mobile_App,Verified,0,22
TXN000003393,CUST055752,2019-01-12,14:10,Savings,UPI,558.43,Credit,210292.43,Utilities,UP,734,1,Personal,2613.71,Success,Branch,Verified,0,14
TXN000003394,CUST078916,2019-01-12,04:32,Savings,UPI,523.41,Credit,3924.48,Retail,Maharashtra,548,0,No loan,0.0,Failed,ATM,Verified,0,4
TXN000003395,CUST054255,2019-01-12,15:23,Salary,POS,716.13,Debit,3016.86,Education,Telangana,556,0,No loan,0.0,Success,POS_Terminal,Verified,0,15
TXN000003396,CUST007007,2019-01-12,14:39,Salary,POS,726.22,Debit,10335.28,Entertainment,Karnataka,763,0,No loan,0.0,Success,Web,Verified,0,14
TXN000003397,CUST074219,2019-01-12,15:13,Savings,IMPS,3746.51,Credit,25926.02,Utilities,Gujarat,333,1,Auto,1987.73,Success,POS_Terminal,Verified,0,15
TXN000003398,CUST065345,2019-01-12,10:55,Salary,NEFT,4327.0,Credit,77664.95,Food & Dining,Tamil Nadu,604,1,Education,10112.86,Success,ATM,Verified,0,10
TXN000003399,CUST033841,2019-01-12,12:23,Savings,POS,1560.02,Debit,15236.2,Utilities,UP,501,1,Personal,22189.94,Success,POS_Terminal,Verified,0,12
TXN000003400,CUST032431,2019-01-12,22:30,Current,IMPS,11554.03,Credit,127122.25,Peer Transfer,Maharashtra,615,1,Auto,5648.94,Success,Mobile_App,Verified,0,22
TXN000003401,CUST023092,2019-01-12,17:51,Salary,ATM_Withdrawal,500.0,Debit,36607.67,E-Commerce,Gujarat,859,0,No loan,0.0,Success,Mobile_App,Verified,0,17
TXN000003402,CUST032984,2019-01-12,09:33,NRI,Auto_Debit,2468.48,Debit,25984.65,Peer Transfer,West Bengal,807,0,No loan,0.0,Success,POS_Terminal,Verified,0,9
TXN000003403,CUST023990,2019-01-12,19:08,Salary,Net_Banking,27393.41,Credit,46447.3,Utilities,Tamil Nadu,788,0,No loan,0.0,Success,ATM,Pending,0,19
TXN000003404,CUST075452,2019-01-12,08:46,Current,IMPS,15535.87,Credit,4185.67,Retail,Maharashtra,647,0,No loan,0.0,Success,Mobile_App,Verified,0,8
TXN000003405,CUST018991,2019-01-12,09:06,Savings,UPI,734.93,Credit,1312.62,Fuel,Rajasthan,883,0,No loan,0.0,Success,Branch,Verified,0,9
TXN000003406,CUST036082,2019-01-12,07:22,Salary,UPI,472.31,Credit,116836.73,Fuel,Rajasthan,729,0,No loan,0.0,Success,Mobile_App,Verified,0,7
TXN000003407,CUST011034,2019-01-12,02:00,Current,POS,3963.84,Debit,24095.54,Travel,Gujarat,790,0,No loan,0.0,Success,Mobile_App,Verified,0,2
TXN000003408,CUST016242,2019-01-12,13:33,Savings,Net_Banking,718.4,Credit,53124.27,E-Commerce,Telangana,658,0,No loan,0.0,Success,Web,Verified,0,13
TXN000003409,CUST005940,2019-01-12,05:52,Savings,POS,8170.36,Debit,6100.91,Retail,Tamil Nadu,485,0,No loan,0.0,Pending,Mobile_App,Verified,0,5
TXN000003410,CUST047563,2019-01-12,14:10,Fixed Deposit,ATM_Withdrawal,1000.0,Debit,36495.68,Healthcare,Telangana,636,0,No loan,0.0,Success,POS_Terminal,Pending,0,14
TXN000003411,CUST035064,2019-01-12,00:14,Current,Net_Banking,2796.11,Debit,64445.47,Insurance,UP,320,0,No loan,0.0,Success,Web,Verified,0,0
TXN000003412,CUST076722,2019-01-12,07:30,Salary,IMPS,9518.71,Debit,256830.59,Healthcare,Punjab,574,1,Education,1534.52,Success,Mobile_App,Verified,0,7
TXN000003413,CUST027046,2019-01-12,21:52,Savings,ATM_Withdrawal,2000.0,Debit,124009.95,Salary,West Bengal,660,0,No loan,0.0,Pending,POS_Terminal,Verified,0,21
TXN000003414,CUST044770,2019-01-12,09:42,Savings,UPI,4939.43,Debit,28144.42,Retail,Gujarat,646,0,No loan,0.0,Success,Mobile_App,Verified,0,9
TXN000003415,CUST047119,2019-01-12,22:25,NRI,UPI,386.74,Debit,79656.22,Food & Dining,Gujarat,606,0,No loan,0.0,Success,Branch,Verified,0,22
TXN000003416,CUST021626,2019-01-12,19:59,Savings,RTGS,340341.4,Credit,42579.38,Insurance,Karnataka,380,0,No loan,0.0,Success,API,Expired,0,19
TXN000003417,CUST027077,2019-01-12,23:56,Salary,ATM_Withdrawal,3000.0,Debit,28278.3,Food & Dining,Karnataka,584,0,No loan,0.0,Success,Branch,Verified,0,23
TXN000003418,CUST064806,2019-01-12,14:49,Current,Auto_Debit,5748.42,Debit,890.67,Healthcare,Karnataka,875,0,No loan,0.0,Reversed,Mobile_App,Expired,0,14
TXN000003419,CUST044606,2019-01-12,20:49,Savings,POS,612.22,Debit,177087.21,E-Commerce,Punjab,851,1,Unknown,4565.4,Success,Mobile_App,Verified,0,20
TXN000003420,CUST039122,2019-01-12,23:15,Savings,UPI,2261.72,Debit,11484.79,Healthcare,UP,724,0,No loan,0.0,Success,Web,Verified,0,23
TXN000003421,CUST065102,2019-01-12,05:47,Current,IMPS,1317.83,Credit,67139.55,Travel,Telangana,481,1,Auto,14918.0,Reversed,Mobile_App,Verified,0,5
TXN000003422,CUST031434,2019-01-12,15:30,Current,UPI,734.3,Debit,13147.21,Entertainment,Karnataka,691,0,No loan,0.0,Success,Mobile_App,Verified,0,15
TXN000003423,CUST043310,2019-01-12,01:45,Current,UPI,449.18,Debit,19600.43,Education,Delhi,482,0,No loan,0.0,Success,Mobile_App,Verified,0,1
TXN000003424,CUST067469,2019-01-12,03:58,Fixed Deposit,POS,6350.59,Debit,43452.83,Healthcare,Punjab,395,0,No loan,0.0,Success,POS_Terminal,Pending,0,3
TXN000003425,CUST044255,2019-01-12,01:59,Savings,IMPS,374.08,Credit,276920.87,Investment,Delhi,827,0,No loan,0.0,Failed,Web,Verified,0,1
TXN000003426,CUST067294,2019-01-12,15:38,Salary,RTGS,30404.49,Debit,105737.22,Retail,Rajasthan,819,0,No loan,0.0,Success,Branch,Verified,0,15
TXN000003427,CUST037854,2019-01-12,06:32,Fixed Deposit,ATM_Withdrawal,2000.0,Debit,70478.92,Healthcare,Rajasthan,414,0,No loan,0.0,Failed,API,Verified,0,6
TXN000003428,CUST038406,2019-01-12,13:30,Fixed Deposit,POS,1125.86,Debit,35696.24,Peer Transfer,Maharashtra,417,0,No loan,0.0,Success,POS_Terminal,Verified,0,13
TXN000003429,CUST066653,2019-01-12,06:51,Savings,POS,16883.88,Debit,110362.82,Utilities,Maharashtra,815,0,No loan,0.0,Success,Mobile_App,Verified,0,6
TXN000003430,CUST043528,2019-01-12,02:16,Savings,NEFT,98528.58,Debit,61749.1,Investment,Telangana,899,0,No loan,0.0,Success,Web,Verified,0,2
TXN000003431,CUST077228,2019-01-12,07:53,Current,POS,2174.16,Debit,282591.88,Government,Maharashtra,808,0,No loan,0.0,Success,Branch,Verified,0,7
TXN000003432,CUST000493,2019-01-12,03:07,NRI,UPI,1410.09,Debit,5526.55,Food & Dining,Delhi,830,1,Unknown,8567.72,Success,Mobile_App,Verified,0,3
TXN000003433,CUST008812,2019-01-12,04:57,Savings,ATM_Withdrawal,2000.0,Debit,5634.42,Salary,Punjab,798,0,No loan,0.0,Success,Web,Verified,0,4
TXN000003434,CUST024273,2019-01-12,08:50,NRI,UPI,3119.84,Debit,32254.8,Fuel,Punjab,497,0,No loan,0.0,Success,Web,Verified,0,8
TXN000003435,CUST072011,2019-01-12,04:29,Current,Auto_Debit,7028.22,Debit,11497.43,E-Commerce,Maharashtra,888,0,No loan,0.0,Success,Mobile_App,Verified,0,4
TXN000003436,CUST047154,2019-01-12,18:41,Current,UPI,604.61,Debit,10498.83,Food & Dining,Maharashtra,736,1,Personal,11894.99,Success,ATM,Verified,0,18
TXN000003437,CUST054111,2019-01-12,03:15,Salary,UPI,1519.37,Debit,158332.82,Food & Dining,Tamil Nadu,557,1,Gold,3591.85,Success,POS_Terminal,Verified,0,3
TXN000003438,CUST013980,2019-01-12,19:22,Savings,Auto_Debit,1237.99,Debit,5302.4,Investment,Maharashtra,640,0,No loan,0.0,Success,Mobile_App,Verified,0,19
TXN000003439,CUST028329,2019-01-12,09:53,Savings,Net_Banking,12626.76,Credit,36349.71,Entertainment,UP,438,0,No loan,0.0,Success,ATM,Verified,0,9
TXN000003440,CUST012868,2019-01-12,20:48,Salary,NEFT,55824.25,Credit,67149.18,Entertainment,West Bengal,376,0,No loan,0.0,Success,Mobile_App,Expired,0,20
TXN000003441,CUST059235,2019-01-12,22:48,Savings,IMPS,2561.36,Debit,33039.95,Salary,Maharashtra,356,1,Home,3109.2,Success,Mobile_App,Verified,0,22
TXN000003442,CUST025852,2019-01-12,15:33,Savings,UPI,137.51,Debit,7668.92,Salary,Delhi,678,1,Home,13783.31,Success,POS_Terminal,Pending,0,15
TXN000003443,CUST031280,2019-01-12,18:03,Savings,UPI,1287.0,Debit,32875.53,Peer Transfer,Maharashtra,334,0,No loan,0.0,Success,Web,Expired,0,18
TXN000003444,CUST073403,2019-01-12,16:01,NRI,UPI,870.56,Debit,420299.99,Government,Maharashtra,397,0,No loan,0.0,Success,Web,Verified,0,16
TXN000003445,CUST015450,2019-01-12,01:32,Salary,ATM_Withdrawal,2000.0,Debit,37648.96,Travel,Telangana,453,1,Education,13887.63,Success,Web,Verified,0,1
TXN000003446,CUST076222,2019-01-12,16:17,Savings,ATM_Withdrawal,500.0,Debit,62509.36,Healthcare,Maharashtra,748,0,No loan,0.0,Success,Branch,Verified,0,16
TXN000003447,CUST005452,2019-01-12,13:55,Savings,IMPS,66414.6,Credit,6230.78,Investment,Maharashtra,512,0,No loan,0.0,Success,Mobile_App,Pending,0,13
TXN000003448,CUST041317,2019-01-12,19:57,Savings,NEFT,4521.07,Credit,19356.45,Food & Dining,Tamil Nadu,334,0,No loan,0.0,Success,API,Verified,0,19
TXN000003449,CUST063065,2019-01-12,18:07,Savings,Net_Banking,483.85,Debit,90334.6,Real Estate,Gujarat,709,0,No loan,0.0,Success,Mobile_App,Verified,0,18
TXN000003450,CUST063762,2019-01-12,08:11,Salary,RTGS,86236.45,Credit,3592.71,Peer Transfer,Punjab,606,0,No loan,0.0,Success,Mobile_App,Verified,0,8
TXN000003451,CUST038871,2019-01-12,20:42,Savings,POS,617.56,Debit,67308.72,Healthcare,West Bengal,671,0,No loan,0.0,Success,Web,Verified,0,20
TXN000003452,CUST030874,2019-01-12,20:54,Salary,IMPS,2414.22,Debit,149847.06,E-Commerce,Tamil Nadu,393,0,No loan,0.0,Success,API,Pending,0,20
TXN000003453,CUST058628,2019-01-12,14:13,Savings,Auto_Debit,240.23,Debit,60047.93,Retail,West Bengal,478,0,No loan,0.0,Success,Mobile_App,Verified,0,14
TXN000003454,CUST066156,2019-01-12,13:21,Salary,UPI,103.81,Debit,57528.06,Entertainment,Karnataka,333,1,Personal,2652.4,Success,ATM,Verified,0,13
TXN000003455,CUST025373,2019-01-12,18:26,Fixed Deposit,RTGS,23642.24,Debit,21540.88,Retail,Karnataka,455,0,No loan,0.0,Success,Web,Verified,0,18
TXN000003456,CUST003643,2019-01-12,11:14,Salary,Credit_Card,533.03,Debit,46509.83,Investment,Maharashtra,504,1,Unknown,4284.81,Success,Branch,Verified,0,11
TXN000003457,CUST028002,2019-01-12,01:02,NRI,UPI,440.79,Debit,8751.32,Utilities,Gujarat,685,0,No loan,0.0,Success,Mobile_App,Pending,0,1
TXN000003458,CUST034065,2019-01-12,15:49,Current,IMPS,50.49,Credit,266181.15,Travel,Karnataka,307,0,No loan,0.0,Success,Branch,Verified,0,15
TXN000003459,CUST014123,2019-01-12,19:32,Savings,UPI,585.7,Credit,4692.26,Investment,Tamil Nadu,548,0,No loan,0.0,Success,Web,Verified,0,19
TXN000003460,CUST024821,2019-01-12,04:10,Savings,Credit_Card,1232.68,Debit,171695.48,Food & Dining,Tamil Nadu,850,1,Auto,6081.02,Success,Web,Verified,0,4
TXN000003461,CUST068432,2019-01-12,03:26,NRI,Auto_Debit,572.63,Debit,135005.67,Travel,Maharashtra,869,1,Personal,7892.82,Success,Web,Expired,0,3
TXN000003462,CUST055746,2019-01-12,06:13,Fixed Deposit,Credit_Card,3163.03,Debit,15876.4,Investment,Rajasthan,425,0,No loan,0.0,Success,Branch,Verified,0,6
TXN000003463,CUST050082,2019-01-12,02:28,Savings,UPI,894.44,Credit,332127.85,Insurance,Tamil Nadu,562,0,No loan,0.0,Success,Web,Verified,0,2
TXN000003464,CUST070903,2019-01-12,22:20,Savings,UPI,503.92,Debit,17382.62,Real Estate,Karnataka,826,1,Education,4410.38,Success,ATM,Pending,0,22
TXN000003465,CUST008712,2019-01-12,22:29,Savings,IMPS,3260.77,Debit,4814.13,Healthcare,Maharashtra,424,0,No loan,0.0,Success,Web,Verified,0,22
TXN000003466,CUST018794,2019-01-12,02:10,NRI,NEFT,50115.95,Credit,60023.63,Education,Rajasthan,319,0,No loan,0.0,Success,ATM,Verified,0,2
TXN000003467,CUST008200,2019-01-12,07:20,Salary,Cheque,40868.39,Credit,405874.08,Entertainment,Maharashtra,728,0,No loan,0.0,Success,Mobile_App,Verified,0,7
TXN000003468,CUST076254,2019-01-12,07:01,Current,NEFT,5224.41,Debit,9740.32,Fuel,UP,321,0,No loan,0.0,Reversed,Mobile_App,Verified,1,7
TXN000003469,CUST036192,2019-01-12,05:13,Savings,NEFT,13393.99,Credit,10997.71,Travel,Karnataka,474,0,No loan,0.0,Success,Mobile_App,Verified,0,5
TXN000003470,CUST010212,2019-01-12,23:53,Savings,POS,2594.96,Debit,84305.71,Insurance,Rajasthan,757,0,No loan,0.0,Success,Branch,Verified,0,23
TXN000003471,CUST063070,2019-01-12,10:54,NRI,UPI,642.59,Debit,1174.93,Food & Dining,Karnataka,643,1,Home,7285.19,Reversed,ATM,Verified,0,10
TXN000003472,CUST056747,2019-01-12,23:27,Savings,UPI,226.51,Debit,129990.52,Food & Dining,Karnataka,342,0,No loan,0.0,Success,POS_Terminal,Verified,0,23
TXN000003473,CUST021543,2019-01-12,20:03,Savings,ATM_Withdrawal,3000.0,Debit,26362.86,E-Commerce,Tamil Nadu,325,1,Home,1663.21,Success,Mobile_App,Verified,0,20
TXN000003474,CUST031313,2019-01-12,19:45,Salary,Net_Banking,16910.96,Debit,192611.48,Peer Transfer,Delhi,536,0,No loan,0.0,Success,Web,Verified,0,19
TXN000003475,CUST045243,2019-01-12,03:28,NRI,IMPS,276.79,Credit,19896.23,Food & Dining,West Bengal,536,1,Home,16076.45,Success,Mobile_App,Pending,0,3
TXN000003476,CUST055389,2019-01-12,13:05,Savings,POS,1212.25,Debit,16423.17,Utilities,Telangana,567,0,No loan,0.0,Success,Mobile_App,Verified,0,13
TXN000003477,CUST027692,2019-01-12,18:19,Current,NEFT,29431.34,Credit,85715.22,E-Commerce,Tamil Nadu,305,0,No loan,0.0,Success,API,Verified,0,18
TXN000003478,CUST077961,2019-01-12,06:55,NRI,UPI,5134.28,Credit,96224.74,Retail,Delhi,394,0,No loan,0.0,Success,Branch,Verified,0,6
TXN000003479,CUST022602,2019-01-12,14:06,Fixed Deposit,UPI,3084.04,Credit,62662.71,Utilities,Karnataka,684,1,Auto,5641.4,Pending,Mobile_App,Verified,0,14
TXN000003480,CUST018021,2019-01-12,23:49,Salary,NEFT,33471.07,Credit,815194.31,Fuel,Rajasthan,586,0,No loan,0.0,Success,Web,Verified,0,23
TXN000003481,CUST008156,2019-01-12,19:11,Salary,UPI,1377.72,Credit,183477.36,Utilities,Rajasthan,616,1,Business,2216.41,Success,Web,Verified,0,19
TXN000003482,CUST069120,2019-01-12,08:25,Current,POS,4058.7,Debit,67669.1,Utilities,Karnataka,743,0,No loan,0.0,Success,Mobile_App,Verified,0,8
TXN000003483,CUST036778,2019-01-12,08:55,Savings,RTGS,996863.2,Credit,55380.52,Food & Dining,Rajasthan,312,0,No loan,0.0,Success,Mobile_App,Verified,0,8
TXN000003484,CUST019711,2019-01-12,06:35,Current,IMPS,46199.44,Debit,49387.64,Food & Dining,Rajasthan,828,1,Personal,3576.3,Success,Web,Verified,0,6
TXN000003485,CUST024533,2019-01-12,04:53,Salary,ATM_Withdrawal,1000.0,Debit,25096.27,Government,Tamil Nadu,619,1,Auto,5641.19,Success,Branch,Verified,0,4
TXN000003486,CUST018602,2019-01-12,15:39,Salary,UPI,823.19,Debit,7289.42,Travel,Punjab,817,0,No loan,0.0,Success,POS_Terminal,Verified,0,15
TXN000003487,CUST063228,2019-01-12,07:51,Salary,POS,3629.19,Debit,12114.69,Insurance,Maharashtra,860,0,No loan,0.0,Success,POS_Terminal,Verified,0,7
TXN000003488,CUST004968,2019-01-12,00:42,Current,IMPS,7316.83,Credit,11078.84,Government,Punjab,379,0,No loan,0.0,Success,POS_Terminal,Verified,0,0
TXN000003489,CUST020023,2019-01-12,18:33,Salary,Net_Banking,2474.68,Debit,3713.45,E-Commerce,Telangana,829,0,No loan,0.0,Success,Mobile_App,Verified,0,18
TXN000003490,CUST043464,2019-01-12,21:59,Savings,Cheque,1624.21,Debit,1377.88,Food & Dining,Telangana,655,0,No loan,0.0,Success,Mobile_App,Pending,0,21
TXN000003491,CUST074672,2019-01-12,03:57,Current,UPI,187.6,Debit,63158.66,Travel,Maharashtra,722,1,Personal,1223.99,Success,ATM,Verified,0,3
TXN000003492,CUST005723,2019-01-12,07:28,Salary,NEFT,84485.74,Debit,140829.8,Food & Dining,Rajasthan,352,0,No loan,0.0,Success,Mobile_App,Verified,0,7
TXN000003493,CUST027414,2019-01-12,21:42,Salary,Auto_Debit,1094.17,Debit,158633.48,Travel,Punjab,827,0,No loan,0.0,Success,Mobile_App,Verified,0,21
TXN000003494,CUST066733,2019-01-12,05:49,NRI,NEFT,46722.35,Debit,67659.68,Salary,Tamil Nadu,837,0,No loan,0.0,Success,Mobile_App,Verified,0,5
TXN000003495,CUST012298,2019-01-12,04:08,Savings,UPI,317.24,Credit,9538.77,Insurance,Tamil Nadu,606,1,Auto,8766.1,Success,Web,Verified,0,4
TXN000003496,CUST068324,2019-01-12,20:19,NRI,ATM_Withdrawal,500.0,Debit,49271.82,Food & Dining,Rajasthan,604,1,Unknown,7784.52,Success,Web,Verified,0,20
TXN000003497,CUST023817,2019-01-12,07:26,Current,Net_Banking,15728.29,Debit,105303.69,Education,Maharashtra,324,1,Personal,6751.32,Success,Mobile_App,Verified,1,7
TXN000003498,CUST040696,2019-01-12,13:40,Salary,UPI,1623.59,Debit,14826.43,Real Estate,West Bengal,865,1,Home,5424.49,Failed,Mobile_App,Verified,0,13
TXN000003499,CUST019703,2019-01-12,00:09,Salary,POS,2186.16,Debit,14878.75,Education,West Bengal,736,0,No loan,0.0,Success,Web,Verified,0,0
TXN000003500,CUST025243,2019-01-12,18:14,Current,ATM_Withdrawal,1000.0,Debit,18668.86,E-Commerce,West Bengal,683,0,No loan,0.0,Success,Mobile_App,Pending,0,18
TXN000003501,CUST055842,2019-01-12,16:27,Salary,Credit_Card,2293.01,Debit,43092.39,Retail,West Bengal,715,1,Personal,7574.41,Success,ATM,Verified,0,16
TXN000003502,CUST067713,2019-01-12,23:23,Savings,RTGS,194437.42,Credit,54820.64,Retail,Maharashtra,817,0,No loan,0.0,Success,API,Verified,0,23
TXN000003503,CUST053575,2019-01-12,08:01,Salary,ATM_Withdrawal,2000.0,Debit,916981.07,Education,Karnataka,758,0,No loan,0.0,Success,Branch,Verified,0,8
TXN000003504,CUST028483,2019-01-12,10:10,NRI,Net_Banking,3501.21,Debit,21230.2,Retail,Tamil Nadu,694,0,No loan,0.0,Success,POS_Terminal,Verified,0,10
TXN000003505,CUST009172,2019-01-12,09:16,Salary,UPI,148.08,Credit,11939.17,Salary,Delhi,724,1,Personal,3343.13,Success,Mobile_App,Verified,0,9
TXN000003506,CUST003697,2019-01-12,16:15,Salary,POS,1555.57,Debit,52712.78,Travel,Karnataka,576,1,Business,2809.05,Failed,Mobile_App,Verified,0,16
TXN000003507,CUST020059,2019-01-12,15:28,Savings,NEFT,39622.09,Debit,1396.92,Salary,Delhi,885,0,No loan,0.0,Failed,Mobile_App,Verified,0,15
TXN000003508,CUST020314,2019-01-12,10:06,Salary,Net_Banking,1136.29,Debit,68304.65,Entertainment,Telangana,355,1,Business,1730.12,Success,Branch,Expired,0,10
TXN000003509,CUST019150,2019-01-12,15:08,Savings,Cheque,14835.89,Debit,13238.04,E-Commerce,Gujarat,570,1,Auto,6070.31,Success,Mobile_App,Verified,0,15
TXN000003510,CUST053522,2019-01-12,04:06,Current,Net_Banking,2645.58,Debit,6936.32,Healthcare,Telangana,528,0,No loan,0.0,Success,Web,Verified,0,4
TXN000003511,CUST045741,2019-01-12,20:24,Current,IMPS,3259.42,Debit,14464.72,Peer Transfer,Tamil Nadu,761,1,Personal,13441.19,Success,ATM,Verified,0,20
TXN000003512,CUST004957,2019-01-12,15:19,Savings,IMPS,841.34,Credit,147493.36,Food & Dining,Gujarat,395,0,No loan,0.0,Success,API,Verified,0,15
TXN000003513,CUST075732,2019-01-12,05:18,Savings,Net_Banking,88874.41,Credit,129163.89,Fuel,West Bengal,664,0,No loan,0.0,Success,Web,Verified,0,5
TXN000003514,CUST066642,2019-01-12,11:52,Fixed Deposit,NEFT,13171.04,Credit,68179.79,Utilities,Telangana,807,0,No loan,0.0,Success,Mobile_App,Verified,0,11
TXN000003515,CUST063812,2019-01-12,19:46,Savings,IMPS,18467.19,Debit,43411.11,Salary,Karnataka,562,0,No loan,0.0,Success,POS_Terminal,Pending,0,19
TXN000003516,CUST052161,2019-01-12,14:47,Current,ATM_Withdrawal,2000.0,Debit,58828.62,Retail,Delhi,723,0,No loan,0.0,Success,Mobile_App,Verified,0,14
TXN000003517,CUST051314,2019-01-12,07:21,Savings,NEFT,50823.09,Credit,8204.92,E-Commerce,Karnataka,801,0,No loan,0.0,Reversed,Mobile_App,Verified,0,7
TXN000003518,CUST063233,2019-01-12,01:07,NRI,UPI,589.93,Credit,32515.26,Fuel,Gujarat,423,0,No loan,0.0,Success,Mobile_App,Verified,0,1
TXN000003519,CUST015418,2019-01-12,11:09,Current,NEFT,3712.35,Debit,331587.51,Peer Transfer,Rajasthan,434,1,Gold,5170.05,Failed,ATM,Verified,0,11
TXN000003520,CUST024730,2019-01-12,05:37,Current,ATM_Withdrawal,2000.0,Debit,1108.77,Investment,Maharashtra,759,0,No loan,0.0,Success,Branch,Verified,0,5
TXN000003521,CUST030100,2019-01-12,05:58,Salary,Net_Banking,17779.57,Debit,23273.21,Utilities,Karnataka,383,0,No loan,0.0,Success,Web,Verified,0,5
TXN000003522,CUST029962,2019-01-12,13:40,Current,UPI,1541.72,Credit,72548.19,Peer Transfer,Telangana,339,0,No loan,0.0,Success,Mobile_App,Expired,0,13
TXN000003523,CUST012603,2019-01-12,18:01,Savings,UPI,372.25,Debit,33843.78,Peer Transfer,Karnataka,467,0,No loan,0.0,Success,ATM,Verified,0,18
TXN000003524,CUST009257,2019-01-12,03:47,Savings,IMPS,4769.19,Credit,16418.41,E-Commerce,Tamil Nadu,652,0,No loan,0.0,Success,Web,Verified,0,3
TXN000003525,CUST034682,2019-01-12,06:11,Salary,UPI,104.91,Credit,27843.19,Food & Dining,Tamil Nadu,501,1,Auto,4310.25,Success,Mobile_App,Verified,0,6
TXN000003526,CUST064790,2019-01-12,00:30,Salary,NEFT,3476.8,Debit,3230.7,Entertainment,Karnataka,497,0,No loan,0.0,Success,Mobile_App,Verified,0,0
TXN000003527,CUST043362,2019-01-12,13:31,NRI,IMPS,4851.31,Credit,89220.48,Entertainment,Karnataka,306,0,No loan,0.0,Success,Mobile_App,Verified,0,13
TXN000003528,CUST064504,2019-01-12,23:13,Savings,Auto_Debit,1222.6,Debit,108339.42,Entertainment,Tamil Nadu,601,0,No loan,0.0,Success,POS_Terminal,Verified,0,23
TXN000003529,CUST034541,2019-01-12,04:36,Fixed Deposit,IMPS,6947.9,Credit,21658.03,Travel,Delhi,500,1,Business,5510.77,Success,Mobile_App,Verified,0,4
TXN000003530,CUST026537,2019-01-12,21:37,Salary,ATM_Withdrawal,1000.0,Debit,23540.79,Travel,Tamil Nadu,419,1,Home,3591.26,Success,API,Verified,0,21
TXN000003531,CUST063044,2019-01-12,08:29,Salary,ATM_Withdrawal,1000.0,Debit,38919.9,Entertainment,Rajasthan,314,0,No loan,0.0,Success,ATM,Verified,0,8
TXN000003532,CUST078533,2019-01-12,23:42,Savings,IMPS,1573.27,Credit,257099.27,Salary,Karnataka,423,1,Home,5417.19,Success,Mobile_App,Verified,0,23
TXN000003533,CUST056576,2019-01-12,03:02,Fixed Deposit,ATM_Withdrawal,5000.0,Debit,500.0,Entertainment,West Bengal,536,0,No loan,0.0,Success,API,Verified,0,3
TXN000003534,CUST002872,2019-01-12,19:59,Savings,NEFT,2225.47,Debit,107836.66,Healthcare,Karnataka,324,0,No loan,0.0,Success,ATM,Verified,0,19
TXN000003535,CUST046003,2019-01-12,10:58,NRI,IMPS,811.78,Credit,62870.24,Peer Transfer,Maharashtra,682,0,No loan,0.0,Reversed,POS_Terminal,Verified,0,10
TXN000003536,CUST049813,2019-01-12,10:56,Savings,UPI,2598.73,Debit,18902.85,Healthcare,Gujarat,870,0,No loan,0.0,Success,Mobile_App,Verified,0,10
TXN000003537,CUST022627,2019-01-12,02:06,Current,Net_Banking,14883.42,Credit,33069.9,Food & Dining,Karnataka,756,0,No loan,0.0,Success,API,Expired,0,2
TXN000003538,CUST059980,2019-01-12,16:18,Savings,RTGS,37636.07,Debit,35271.1,Entertainment,Delhi,781,0,No loan,0.0,Success,Mobile_App,Verified,0,16
TXN000003539,CUST076058,2019-01-12,01:24,Current,Auto_Debit,2306.66,Debit,162027.66,E-Commerce,Karnataka,836,0,No loan,0.0,Success,Mobile_App,Verified,0,1
TXN000003540,CUST066669,2019-01-12,04:16,Savings,Net_Banking,19975.4,Debit,34450.25,Entertainment,West Bengal,513,0,No loan,0.0,Success,POS_Terminal,Verified,0,4
TXN000003541,CUST042999,2019-01-12,10:11,Savings,UPI,221.76,Debit,25385.37,Peer Transfer,Gujarat,871,1,Home,5265.8,Success,ATM,Verified,0,10
TXN000003542,CUST063815,2019-01-12,01:14,Current,UPI,711.7,Credit,49602.74,Real Estate,Maharashtra,382,1,Personal,5980.97,Success,ATM,Verified,0,1
TXN000003543,CUST045608,2019-01-12,08:18,Fixed Deposit,POS,10575.49,Debit,4306.28,Food & Dining,West Bengal,564,1,Personal,3426.75,Success,Web,Verified,0,8
TXN000003544,CUST007813,2019-01-12,00:58,Savings,UPI,1862.22,Credit,42011.97,Utilities,Maharashtra,397,0,No loan,0.0,Failed,Mobile_App,Pending,0,0
TXN000003545,CUST061845,2019-01-12,18:23,Current,NEFT,160507.21,Credit,257387.47,Travel,West Bengal,460,1,Home,15557.39,Success,Mobile_App,Verified,0,18
TXN000003546,CUST070094,2019-01-12,05:00,Current,UPI,1343.31,Debit,49220.35,Retail,Rajasthan,665,0,No loan,0.0,Success,Web,Verified,0,5
TXN000003547,CUST002180,2019-01-12,07:20,Savings,UPI,1202.78,Debit,26032.03,Travel,Punjab,354,0,No loan,0.0,Success,Branch,Verified,0,7
TXN000003548,CUST043799,2019-01-12,14:27,Salary,UPI,318.79,Debit,38198.77,Fuel,Maharashtra,757,0,No loan,0.0,Success,Branch,Verified,0,14
TXN000003549,CUST074602,2019-01-12,13:48,Savings,Cheque,30999.5,Debit,118272.11,Travel,Rajasthan,529,0,No loan,0.0,Pending,ATM,Verified,0,13
TXN000003550,CUST008276,2019-01-12,23:04,Savings,POS,377.77,Debit,18306.06,Travel,Maharashtra,849,0,No loan,0.0,Success,API,Verified,0,23
TXN000003551,CUST050575,2019-01-12,11:56,Salary,UPI,376.74,Debit,52804.7,Insurance,Karnataka,763,1,Gold,2221.85,Success,Web,Expired,0,11
TXN000003552,CUST047858,2019-01-12,06:42,Savings,UPI,1033.43,Debit,20358.2,Fuel,West Bengal,344,0,No loan,0.0,Success,Mobile_App,Verified,0,6
TXN000003553,CUST020701,2019-01-12,00:01,Salary,UPI,197.63,Debit,36719.35,Investment,Delhi,826,0,No loan,0.0,Success,ATM,Verified,0,0
TXN000003554,CUST039465,2019-01-12,19:38,Salary,IMPS,2032.57,Debit,161526.02,Food & Dining,Gujarat,796,1,Education,3363.08,Success,Web,Verified,0,19
TXN000003555,CUST042352,2019-01-12,08:17,Savings,UPI,1222.24,Credit,238381.94,Utilities,Maharashtra,823,1,Personal,11299.84,Success,Web,Verified,0,8
TXN000003556,CUST013870,2019-01-12,01:27,Savings,POS,6320.08,Debit,28994.34,Peer Transfer,Telangana,718,0,No loan,0.0,Success,Mobile_App,Pending,1,1
TXN000003557,CUST060316,2019-01-12,00:27,Savings,POS,2218.62,Debit,463880.05,Education,Karnataka,641,1,Business,7580.53,Success,Web,Verified,0,0
TXN000003558,CUST020955,2019-01-12,07:18,Current,UPI,2815.7,Credit,3435.3,Peer Transfer,Karnataka,613,1,Auto,10621.85,Success,POS_Terminal,Verified,0,7
TXN000003559,CUST031556,2019-01-12,18:57,Current,UPI,274.21,Debit,170261.98,Insurance,West Bengal,682,0,No loan,0.0,Success,POS_Terminal,Verified,0,18
TXN000003560,CUST063354,2019-01-12,19:15,Current,UPI,1652.21,Credit,222379.03,Salary,Karnataka,494,0,No loan,0.0,Success,Branch,Verified,0,19
TXN000003561,CUST045027,2019-01-12,14:22,Fixed Deposit,IMPS,5073.44,Debit,14608.51,Salary,Telangana,520,0,No loan,0.0,Success,API,Verified,0,14
TXN000003562,CUST046977,2019-01-12,01:23,Current,POS,138.56,Debit,43673.22,Travel,Karnataka,817,0,No loan,0.0,Failed,Web,Verified,0,1
TXN000003563,CUST045096,2019-01-12,05:11,Current,UPI,1418.07,Credit,12403.37,Government,Rajasthan,709,0,No loan,0.0,Success,POS_Terminal,Verified,0,5
TXN000003564,CUST014271,2019-01-12,14:27,Savings,NEFT,34077.97,Credit,103184.66,Food & Dining,Karnataka,608,0,No loan,0.0,Success,POS_Terminal,Verified,0,14
TXN000003565,CUST030909,2019-01-12,16:30,Fixed Deposit,POS,1521.76,Debit,38838.57,Insurance,Gujarat,899,0,No loan,0.0,Success,API,Verified,0,16
TXN000003566,CUST015524,2019-01-12,05:21,Salary,Cheque,2925.19,Credit,223067.77,E-Commerce,Maharashtra,720,0,No loan,0.0,Success,Mobile_App,Verified,0,5
TXN000003567,CUST062434,2019-01-12,20:28,Current,UPI,492.24,Debit,110710.45,Peer Transfer,Maharashtra,733,0,No loan,0.0,Success,Mobile_App,Verified,0,20
TXN000003568,CUST047069,2019-01-12,11:59,Current,UPI,350.57,Debit,16606.48,Retail,Karnataka,840,0,No loan,0.0,Success,Web,Verified,0,11
TXN000003569,CUST019992,2019-01-12,08:03,Savings,NEFT,326.16,Debit,12313.65,Investment,West Bengal,839,0,No loan,0.0,Success,Mobile_App,Verified,0,8
TXN000003570,CUST010776,2019-01-12,22:39,Savings,Auto_Debit,4404.97,Debit,177541.29,Food & Dining,Tamil Nadu,794,0,No loan,0.0,Success,Mobile_App,Verified,0,22
TXN000003571,CUST077802,2019-01-12,01:56,Salary,POS,2703.27,Debit,52258.38,Entertainment,Gujarat,829,1,Personal,2695.48,Success,Mobile_App,Verified,0,1
TXN000003572,CUST061251,2019-01-12,18:38,Savings,UPI,23753.08,Debit,306267.82,Salary,Maharashtra,650,1,Personal,8469.05,Success,Mobile_App,Verified,0,18
TXN000003573,CUST016674,2019-01-12,22:43,Salary,POS,795.88,Debit,23202.47,Salary,Karnataka,409,0,No loan,0.0,Success,Web,Verified,0,22
TXN000003574,CUST027057,2019-01-12,09:10,Savings,IMPS,3067.18,Credit,14558.18,Peer Transfer,West Bengal,473,0,No loan,0.0,Success,Branch,Verified,0,9
TXN000003575,CUST006615,2019-01-12,03:58,Current,ATM_Withdrawal,5000.0,Debit,144709.03,Travel,Maharashtra,438,0,No loan,0.0,Success,Mobile_App,Verified,0,3
TXN000003576,CUST007416,2019-01-12,13:40,Current,NEFT,11717.07,Credit,30718.28,Food & Dining,Maharashtra,384,1,Personal,12758.82,Failed,Mobile_App,Verified,0,13
TXN000003577,CUST043885,2019-01-12,17:42,Current,RTGS,245534.19,Debit,11543.24,Food & Dining,Gujarat,632,0,No loan,0.0,Success,Branch,Verified,0,17
TXN000003578,CUST016965,2019-01-12,08:28,Savings,Net_Banking,7970.4,Credit,130181.63,Insurance,Telangana,693,0,No loan,0.0,Success,Mobile_App,Verified,0,8
TXN000003579,CUST037727,2019-01-12,07:21,Savings,Net_Banking,3414.33,Credit,199002.98,Peer Transfer,Gujarat,886,1,Unknown,5983.67,Success,ATM,Verified,0,7
TXN000003580,CUST037045,2019-01-12,21:28,Fixed Deposit,UPI,26.71,Debit,152911.61,Utilities,Gujarat,561,0,No loan,0.0,Success,Mobile_App,Verified,0,21
TXN000003581,CUST057150,2019-01-12,19:42,Savings,UPI,5511.89,Credit,14656.21,Utilities,Tamil Nadu,855,0,No loan,0.0,Failed,Mobile_App,Verified,0,19
TXN000003582,CUST037545,2019-01-12,09:37,Savings,Credit_Card,1242.29,Debit,75409.51,Food & Dining,Karnataka,435,0,No loan,0.0,Success,Mobile_App,Verified,0,9
TXN000003583,CUST049977,2019-01-12,08:18,Savings,NEFT,26841.66,Credit,109619.98,Real Estate,Gujarat,897,0,No loan,0.0,Success,ATM,Verified,0,8
TXN000003584,CUST032253,2019-01-12,13:26,Savings,Credit_Card,7645.9,Debit,52325.81,Education,Tamil Nadu,827,1,Business,10704.31,Success,Mobile_App,Verified,0,13
TXN000003585,CUST003833,2019-01-12,22:14,Current,POS,378.93,Debit,11905.73,Fuel,UP,758,0,No loan,0.0,Success,Mobile_App,Verified,0,22
TXN000003586,CUST034149,2019-01-12,01:54,Current,POS,1635.42,Debit,24221.24,Food & Dining,Tamil Nadu,425,0,No loan,0.0,Success,ATM,Verified,0,1
TXN000003587,CUST061241,2019-01-12,15:20,Current,UPI,3210.05,Debit,6072.18,Food & Dining,UP,579,0,No loan,0.0,Success,Mobile_App,Verified,0,15
TXN000003588,CUST077117,2019-01-12,19:03,Salary,UPI,932.87,Credit,110834.57,Retail,Gujarat,724,0,No loan,0.0,Success,Branch,Verified,0,19
TXN000003589,CUST053460,2019-01-12,00:39,Salary,ATM_Withdrawal,2000.0,Debit,26814.57,Investment,Tamil Nadu,667,1,Home,2756.42,Success,Mobile_App,Verified,0,0
TXN000003590,CUST038403,2019-01-12,23:32,Savings,IMPS,3536.86,Debit,101580.95,E-Commerce,Rajasthan,575,1,Education,1895.57,Success,Web,Verified,0,23
TXN000003591,CUST057728,2019-01-12,13:25,Current,RTGS,213023.32,Debit,7549.48,E-Commerce,Gujarat,805,1,Personal,7712.81,Reversed,Web,Verified,0,13
TXN000003592,CUST038579,2019-01-12,06:36,Current,UPI,258.62,Credit,37062.37,Retail,Karnataka,517,1,Auto,1527.44,Success,POS_Terminal,Verified,0,6
TXN000003593,CUST022319,2019-01-12,02:47,Salary,UPI,191.56,Credit,1187401.83,Real Estate,Maharashtra,825,0,No loan,0.0,Success,POS_Terminal,Verified,0,2
TXN000003594,CUST075716,2019-01-12,07:21,Salary,Auto_Debit,390.37,Debit,21345.81,Education,Delhi,814,0,No loan,0.0,Success,POS_Terminal,Pending,0,7
TXN000003595,CUST077788,2019-01-12,17:41,Current,Auto_Debit,361.46,Debit,48220.72,Retail,Gujarat,696,0,No loan,0.0,Success,Mobile_App,Verified,0,17
TXN000003596,CUST020467,2019-01-12,13:22,Salary,UPI,1792.75,Debit,84736.12,Food & Dining,Tamil Nadu,622,0,No loan,0.0,Success,Branch,Verified,0,13
TXN000003597,CUST045476,2019-01-12,06:59,Current,UPI,3118.62,Credit,54254.22,Healthcare,Maharashtra,621,0,No loan,0.0,Reversed,Mobile_App,Verified,0,6
TXN000003598,CUST060143,2019-01-12,04:24,Salary,UPI,730.03,Credit,17905.52,Entertainment,Karnataka,499,1,Education,3209.27,Success,Mobile_App,Verified,0,4
TXN000003599,CUST026565,2019-01-12,19:26,NRI,UPI,2339.39,Debit,193376.17,Utilities,Karnataka,583,0,No loan,0.0,Success,POS_Terminal,Verified,0,19
TXN000003600,CUST022413,2019-01-12,13:22,Current,UPI,488.87,Debit,8515.62,Food & Dining,Delhi,405,0,No loan,0.0,Success,ATM,Verified,0,13
TXN000003601,CUST051002,2019-01-12,21:20,NRI,UPI,542.05,Debit,118960.66,Salary,Karnataka,557,0,No loan,0.0,Success,Branch,Verified,0,21
TXN000003602,CUST057650,2019-01-12,16:53,Savings,UPI,477.79,Credit,4684.05,Fuel,Maharashtra,460,0,No loan,0.0,Success,API,Verified,0,16
TXN000003603,CUST060958,2019-01-12,14:09,Savings,UPI,839.19,Debit,33856.75,Peer Transfer,Karnataka,857,0,No loan,0.0,Success,Mobile_App,Verified,0,14
TXN000003604,CUST035518,2019-01-12,08:51,NRI,IMPS,7035.94,Debit,56089.98,Food & Dining,Delhi,620,1,Personal,7171.2,Success,Mobile_App,Verified,0,8
TXN000003605,CUST013157,2019-01-12,03:11,Current,IMPS,10004.38,Debit,116553.63,Salary,Punjab,637,0,No loan,0.0,Success,Mobile_App,Verified,0,3
TXN000003606,CUST023065,2019-01-12,21:55,Current,Net_Banking,13405.2,Debit,12295.92,Retail,Tamil Nadu,328,0,No loan,0.0,Success,ATM,Verified,0,21
TXN000003607,CUST025712,2019-01-12,05:14,Current,NEFT,7859.23,Credit,52730.17,Food & Dining,Tamil Nadu,344,0,No loan,0.0,Success,POS_Terminal,Pending,0,5
TXN000003608,CUST030107,2019-01-12,02:45,Savings,UPI,1472.33,Debit,108426.56,Government,Tamil Nadu,851,1,Personal,12065.01,Success,Branch,Verified,0,2
TXN000003609,CUST065459,2019-01-12,14:40,Savings,IMPS,5583.01,Debit,129142.21,Peer Transfer,Karnataka,565,0,No loan,0.0,Success,Branch,Verified,0,14
TXN000003610,CUST016590,2019-01-12,12:42,Current,Cheque,504786.93,Debit,61356.35,Utilities,UP,546,1,Gold,8135.99,Success,Mobile_App,Verified,0,12
TXN000003611,CUST007215,2019-01-12,13:55,Savings,RTGS,327957.2,Debit,29163.98,Salary,Karnataka,578,0,No loan,0.0,Failed,Mobile_App,Verified,0,13
TXN000003612,CUST027128,2019-01-12,19:12,Savings,NEFT,1647.06,Debit,104301.06,Retail,Tamil Nadu,677,0,No loan,0.0,Success,ATM,Verified,0,19
TXN000003613,CUST005142,2019-01-12,15:37,NRI,IMPS,9874.54,Debit,8395.11,Fuel,West Bengal,899,0,No loan,0.0,Success,Web,Verified,0,15
TXN000003614,CUST028885,2019-01-12,00:54,Current,POS,1344.35,Debit,232120.18,Entertainment,Delhi,575,0,No loan,0.0,Success,ATM,Verified,0,0
TXN000003615,CUST002709,2019-01-12,09:02,NRI,UPI,831.87,Debit,22098.16,Entertainment,Maharashtra,884,0,No loan,0.0,Success,ATM,Verified,0,9
TXN000003616,CUST018376,2019-01-12,20:46,Current,Cheque,3797.6,Credit,22109.0,Peer Transfer,Telangana,658,0,No loan,0.0,Success,Mobile_App,Verified,0,20
TXN000003617,CUST015089,2019-01-12,07:40,Salary,IMPS,1208.32,Credit,5169.01,Food & Dining,Delhi,509,0,No loan,0.0,Success,API,Verified,0,7
TXN000003618,CUST057616,2019-01-12,19:24,Savings,RTGS,197268.2,Debit,25523.81,Peer Transfer,Punjab,630,0,No loan,0.0,Success,POS_Terminal,Verified,0,19
TXN000003619,CUST045047,2019-01-12,08:57,NRI,ATM_Withdrawal,1000.0,Debit,5890.28,Education,Rajasthan,378,0,No loan,0.0,Success,Mobile_App,Pending,0,8
TXN000003620,CUST010015,2019-01-12,16:21,Current,ATM_Withdrawal,1000.0,Debit,17429.82,E-Commerce,Delhi,403,1,Home,7468.3,Success,Mobile_App,Verified,0,16
TXN000003621,CUST064426,2019-01-12,15:59,Salary,IMPS,5888.47,Debit,93511.24,Education,Tamil Nadu,533,0,No loan,0.0,Success,API,Verified,0,15
TXN000003622,CUST003274,2019-01-12,05:56,Current,POS,4211.67,Debit,8739.19,Government,Karnataka,441,0,No loan,0.0,Success,Branch,Verified,0,5
TXN000003623,CUST047136,2019-01-12,13:12,Savings,UPI,10816.23,Debit,47901.17,Investment,Maharashtra,882,0,No loan,0.0,Success,POS_Terminal,Verified,0,13
TXN000003624,CUST030882,2019-01-12,10:40,Salary,IMPS,17703.74,Credit,14715.53,Food & Dining,West Bengal,318,0,No loan,0.0,Success,Branch,Verified,0,10
TXN000003625,CUST078078,2019-01-12,07:00,Salary,Cheque,12743.58,Debit,15524.04,Fuel,Delhi,704,0,No loan,0.0,Success,API,Verified,0,7
TXN000003626,CUST008713,2019-01-12,04:23,Savings,POS,1767.82,Debit,71999.56,Travel,Maharashtra,511,1,Home,6502.51,Success,Mobile_App,Pending,0,4
TXN000003627,CUST074705,2019-01-12,23:38,Savings,UPI,114.12,Debit,134630.58,Education,Tamil Nadu,398,0,No loan,0.0,Success,ATM,Verified,0,23
TXN000003628,CUST052875,2019-01-12,14:32,Salary,POS,13007.08,Debit,44552.46,Peer Transfer,UP,758,0,No loan,0.0,Reversed,Web,Verified,0,14
TXN000003629,CUST069088,2019-01-12,00:00,Current,POS,477.86,Debit,44989.05,Healthcare,Maharashtra,549,0,No loan,0.0,Success,Mobile_App,Verified,0,0
TXN000003630,CUST012298,2019-01-12,00:38,Savings,ATM_Withdrawal,1000.0,Debit,323192.19,E-Commerce,Delhi,310,0,No loan,0.0,Failed,Branch,Verified,0,0
TXN000003631,CUST027129,2019-01-12,23:24,Salary,UPI,4079.69,Credit,35319.79,Utilities,Delhi,894,1,Home,3261.22,Success,Mobile_App,Verified,0,23
TXN000003632,CUST068369,2019-01-12,14:37,Current,UPI,604.2,Debit,21601.71,E-Commerce,Maharashtra,745,0,No loan,0.0,Success,ATM,Verified,0,14
TXN000003633,CUST078959,2019-01-12,13:19,Savings,ATM_Withdrawal,1000.0,Debit,28206.47,Fuel,Karnataka,541,0,No loan,0.0,Success,Mobile_App,Pending,0,13
TXN000003634,CUST032921,2019-01-12,01:10,Salary,ATM_Withdrawal,2000.0,Debit,80318.9,Entertainment,Maharashtra,654,0,No loan,0.0,Success,Mobile_App,Verified,0,1
TXN000003635,CUST011157,2019-01-12,10:33,Current,Net_Banking,64084.94,Debit,7154.63,Retail,Punjab,535,0,No loan,0.0,Success,Branch,Verified,0,10
TXN000003636,CUST011109,2019-01-12,08:41,Current,Credit_Card,2580.44,Debit,54322.28,Government,Karnataka,373,1,Unknown,3263.5,Reversed,Mobile_App,Verified,0,8
TXN000003637,CUST031846,2019-01-12,01:04,Salary,ATM_Withdrawal,2000.0,Debit,57751.62,Retail,Tamil Nadu,820,1,Personal,12412.06,Success,POS_Terminal,Verified,0,1
TXN000003638,CUST002801,2019-01-12,16:11,Savings,UPI,558.75,Debit,11801.22,Salary,Gujarat,732,1,Home,22840.14,Success,Mobile_App,Verified,0,16
TXN000003639,CUST042713,2019-01-12,21:07,Current,UPI,1566.1,Credit,56206.1,Food & Dining,Delhi,892,0,No loan,0.0,Success,Mobile_App,Verified,0,21
TXN000003640,CUST002611,2019-01-12,20:27,Current,NEFT,5743.57,Debit,26356.59,Investment,UP,356,1,Gold,7502.55,Success,POS_Terminal,Verified,0,20
TXN000003641,CUST077604,2019-01-12,00:28,Current,UPI,703.18,Debit,25951.98,Peer Transfer,Tamil Nadu,388,0,No loan,0.0,Success,Branch,Verified,0,0
TXN000003642,CUST033873,2019-01-12,11:53,Savings,RTGS,157014.76,Debit,152905.55,E-Commerce,Rajasthan,319,0,No loan,0.0,Success,Mobile_App,Verified,0,11
TXN000003643,CUST010729,2019-01-12,03:54,Savings,IMPS,15958.83,Debit,18509.0,Investment,Maharashtra,617,0,No loan,0.0,Success,Mobile_App,Verified,0,3
TXN000003644,CUST020584,2019-01-12,11:01,Savings,UPI,870.0,Credit,5681.88,E-Commerce,UP,534,1,Home,5664.29,Success,Web,Verified,0,11
TXN000003645,CUST007264,2019-01-12,22:25,Current,IMPS,5723.22,Credit,39768.83,Food & Dining,Maharashtra,767,0,No loan,0.0,Success,Web,Verified,0,22
TXN000003646,CUST067451,2019-01-12,11:41,Current,Auto_Debit,748.07,Debit,24519.77,Travel,Maharashtra,875,0,No loan,0.0,Success,Mobile_App,Verified,0,11
TXN000003647,CUST019457,2019-01-12,23:39,Current,POS,1259.74,Debit,117945.69,Investment,Karnataka,303,0,No loan,0.0,Success,POS_Terminal,Verified,0,23
TXN000003648,CUST065943,2019-01-12,05:12,Current,IMPS,4037.03,Debit,8175.88,Entertainment,Delhi,559,0,No loan,0.0,Success,API,Verified,0,5
TXN000003649,CUST013690,2019-01-12,02:59,Savings,ATM_Withdrawal,2000.0,Debit,8454.22,Real Estate,West Bengal,349,0,No loan,0.0,Success,Web,Verified,0,2
TXN000003650,CUST032935,2019-01-12,13:25,NRI,Auto_Debit,1929.7,Debit,9934.96,Utilities,Maharashtra,439,1,Business,9295.12,Success,ATM,Verified,0,13
TXN000003651,CUST033277,2019-01-12,15:26,Salary,POS,956.1,Debit,1722.62,Salary,Delhi,541,0,No loan,0.0,Success,POS_Terminal,Verified,0,15
TXN000003652,CUST019874,2019-01-12,20:53,Savings,UPI,18111.2,Debit,18416.7,Food & Dining,Rajasthan,678,0,No loan,0.0,Success,Web,Verified,0,20
TXN000003653,CUST013051,2019-01-12,21:29,Savings,UPI,292.6,Credit,51658.27,Food & Dining,Maharashtra,479,0,No loan,0.0,Success,POS_Terminal,Verified,0,21
TXN000003654,CUST066217,2019-01-12,16:39,Savings,UPI,2762.83,Debit,22362.1,E-Commerce,West Bengal,532,0,No loan,0.0,Success,Mobile_App,Verified,0,16
TXN000003655,CUST021645,2019-01-12,05:37,Savings,IMPS,1863.27,Debit,128473.58,Government,Karnataka,847,1,Education,8909.43,Success,POS_Terminal,Verified,0,5
TXN000003656,CUST062022,2019-01-12,22:59,Fixed Deposit,UPI,288.01,Debit,31788.1,Food & Dining,Karnataka,563,1,Business,12348.33,Success,Web,Verified,0,22
TXN000003657,CUST037126,2019-01-12,14:16,Savings,UPI,408.28,Credit,6748.38,Fuel,Delhi,381,1,Education,1426.71,Success,Web,Verified,0,14
TXN000003658,CUST066900,2019-01-12,02:22,Current,Cheque,8759.14,Credit,289695.77,Fuel,UP,829,1,Auto,14755.5,Success,Web,Expired,0,2
TXN000003659,CUST042292,2019-01-12,21:30,Savings,RTGS,553101.65,Debit,4910.37,Travel,Maharashtra,542,0,No loan,0.0,Success,Web,Verified,0,21
TXN000003660,CUST035061,2019-01-12,09:55,Current,Net_Banking,35963.87,Credit,11995.5,Insurance,Maharashtra,873,0,No loan,0.0,Success,Web,Verified,0,9
TXN000003661,CUST001539,2019-01-12,10:34,Savings,POS,2788.21,Debit,8929.37,Entertainment,Gujarat,543,0,No loan,0.0,Success,API,Verified,0,10
TXN000003662,CUST036177,2019-01-12,05:02,Current,UPI,1837.79,Debit,16898.84,Food & Dining,Delhi,822,0,No loan,0.0,Success,Web,Verified,0,5
TXN000003663,CUST041521,2019-01-12,12:12,Savings,RTGS,110989.07,Debit,5853.01,Salary,Delhi,366,0,No loan,0.0,Success,Web,Pending,0,12
TXN000003664,CUST025676,2019-01-12,17:45,Savings,Auto_Debit,2678.07,Debit,17483.59,Healthcare,Maharashtra,430,0,No loan,0.0,Success,Mobile_App,Verified,0,17
TXN000003665,CUST018288,2019-01-12,09:32,NRI,POS,713.95,Debit,17340.85,Education,Maharashtra,726,1,Education,8627.7,Success,Web,Verified,0,9
TXN000003666,CUST000175,2019-01-12,19:08,Fixed Deposit,UPI,5724.91,Debit,71601.36,Healthcare,West Bengal,715,0,No loan,0.0,Success,Web,Verified,0,19
TXN000003667,CUST034999,2019-01-12,03:18,Savings,POS,1307.42,Debit,304402.04,Travel,Tamil Nadu,678,0,No loan,0.0,Success,Branch,Verified,0,3
TXN000003668,CUST053313,2019-01-12,20:31,Salary,IMPS,271.94,Credit,36963.09,Retail,West Bengal,879,1,Home,6467.69,Success,Mobile_App,Verified,0,20
TXN000003669,CUST012113,2019-01-12,13:26,Salary,UPI,5191.76,Debit,56266.92,Real Estate,Karnataka,877,0,No loan,0.0,Success,API,Verified,0,13
TXN000003670,CUST075226,2019-01-12,09:28,Savings,UPI,1017.82,Credit,24344.72,Retail,Karnataka,514,1,Auto,5937.02,Success,Mobile_App,Verified,0,9
TXN000003671,CUST044815,2019-01-12,10:47,NRI,UPI,1261.09,Debit,16477.95,Retail,Karnataka,352,1,Home,3579.34,Reversed,Web,Verified,0,10
TXN000003672,CUST050720,2019-01-12,11:59,Fixed Deposit,IMPS,14848.87,Debit,254443.18,Salary,Telangana,435,1,Auto,1554.23,Success,API,Verified,0,11
TXN000003673,CUST033920,2019-01-12,20:11,Savings,RTGS,366136.32,Debit,110040.04,Entertainment,Tamil Nadu,369,0,No loan,0.0,Failed,Mobile_App,Verified,0,20
TXN000003674,CUST073156,2019-01-12,05:50,Savings,ATM_Withdrawal,2000.0,Debit,136800.56,Retail,Telangana,416,0,No loan,0.0,Success,Mobile_App,Expired,0,5
TXN000003675,CUST071570,2019-01-12,09:24,Savings,IMPS,2567.36,Credit,90758.99,Real Estate,Telangana,362,0,No loan,0.0,Success,Mobile_App,Pending,0,9
TXN000003676,CUST041329,2019-01-12,11:19,Savings,UPI,710.22,Debit,6228.31,Investment,Telangana,521,1,Personal,11318.19,Success,Web,Verified,0,11
TXN000003677,CUST070483,2019-01-12,09:31,Savings,ATM_Withdrawal,1000.0,Debit,10642.72,Food & Dining,Rajasthan,331,0,No loan,0.0,Success,ATM,Verified,0,9
TXN000003678,CUST024619,2019-01-12,04:00,Savings,NEFT,14462.91,Debit,375669.77,Government,Tamil Nadu,419,0,No loan,0.0,Pending,API,Verified,0,4
TXN000003679,CUST034676,2019-01-12,10:11,Savings,RTGS,109210.78,Debit,60342.92,Food & Dining,Karnataka,320,1,Unknown,6674.5,Success,Web,Pending,0,10
TXN000003680,CUST018920,2019-01-13,09:40,Savings,Auto_Debit,1523.08,Debit,14524.12,Real Estate,Tamil Nadu,807,0,No loan,0.0,Success,Branch,Verified,0,9
TXN000003681,CUST004174,2019-01-13,15:53,Salary,UPI,3031.62,Credit,4980.77,Food & Dining,UP,486,0,No loan,0.0,Success,Mobile_App,Verified,0,15
TXN000003682,CUST026401,2019-01-13,11:53,Current,RTGS,94577.52,Debit,26340.58,Utilities,Rajasthan,646,0,No loan,0.0,Success,ATM,Verified,0,11
TXN000003683,CUST050446,2019-01-13,11:51,Savings,Net_Banking,119331.13,Debit,376079.57,Entertainment,Maharashtra,302,1,Personal,6016.91,Success,Web,Verified,0,11
TXN000003684,CUST070306,2019-01-13,09:11,NRI,ATM_Withdrawal,2000.0,Debit,11145.19,Investment,Delhi,421,1,Auto,6025.97,Success,ATM,Verified,0,9
TXN000003685,CUST037565,2019-01-13,05:43,Current,UPI,992.0,Credit,22636.9,Peer Transfer,Delhi,541,0,No loan,0.0,Success,Web,Verified,0,5
TXN000003686,CUST045815,2019-01-13,22:32,Current,ATM_Withdrawal,2000.0,Debit,50139.43,Entertainment,Telangana,435,1,Home,7502.11,Success,Mobile_App,Verified,0,22
TXN000003687,CUST079748,2019-01-13,12:46,Savings,IMPS,664.91,Debit,20736.51,Peer Transfer,Delhi,712,0,No loan,0.0,Success,Mobile_App,Verified,0,12
TXN000003688,CUST027963,2019-01-13,12:44,Salary,Auto_Debit,2034.65,Debit,23198.94,Government,Karnataka,691,0,No loan,0.0,Success,Mobile_App,Verified,0,12
TXN000003689,CUST070534,2019-01-13,10:00,Current,ATM_Withdrawal,10000.0,Debit,6083.13,Healthcare,Delhi,314,1,Home,4581.88,Success,ATM,Verified,0,10
TXN000003690,CUST056185,2019-01-13,05:33,Fixed Deposit,Net_Banking,16269.03,Debit,29411.33,Food & Dining,Tamil Nadu,854,0,No loan,0.0,Success,Mobile_App,Verified,0,5
TXN000003691,CUST010579,2019-01-13,06:56,Savings,UPI,1298.91,Credit,83557.07,Utilities,Tamil Nadu,519,0,No loan,0.0,Success,Mobile_App,Verified,0,6
TXN000003692,CUST018625,2019-01-13,19:40,Salary,IMPS,6096.66,Credit,221026.64,Government,Telangana,887,0,No loan,0.0,Success,Web,Verified,0,19
TXN000003693,CUST039195,2019-01-13,20:07,Current,Auto_Debit,3495.74,Debit,89901.97,Real Estate,Maharashtra,423,1,Personal,4574.01,Success,API,Verified,0,20
TXN000003694,CUST000390,2019-01-13,05:59,Savings,RTGS,129797.55,Credit,118182.26,Peer Transfer,UP,500,1,Personal,2054.85,Success,API,Verified,0,5
TXN000003695,CUST067392,2019-01-13,00:18,Salary,UPI,887.0,Credit,8117.67,Education,Tamil Nadu,885,0,No loan,0.0,Success,Web,Verified,0,0
TXN000003696,CUST013795,2019-01-13,15:54,Current,UPI,2367.49,Debit,95058.55,E-Commerce,Telangana,709,1,Personal,3371.72,Success,Web,Verified,0,15
TXN000003697,CUST058003,2019-01-13,00:53,Savings,Auto_Debit,5367.27,Debit,1428.22,Retail,Delhi,548,1,Home,2207.31,Success,Mobile_App,Verified,0,0
TXN000003698,CUST035532,2019-01-13,16:25,Current,IMPS,2258.28,Debit,54861.49,Healthcare,Karnataka,773,0,No loan,0.0,Reversed,Branch,Verified,0,16
TXN000003699,CUST052816,2019-01-13,22:06,NRI,NEFT,13693.9,Debit,41239.04,Education,Tamil Nadu,845,0,No loan,0.0,Success,API,Verified,0,22
TXN000003700,CUST004987,2019-01-13,01:09,Savings,UPI,188.7,Debit,16471.37,Retail,Delhi,582,0,No loan,0.0,Success,ATM,Verified,0,1
TXN000003701,CUST032299,2019-01-13,19:08,Fixed Deposit,UPI,343.1,Credit,19271.06,Peer Transfer,Tamil Nadu,333,1,Personal,17306.25,Success,API,Verified,0,19
TXN000003702,CUST001482,2019-01-13,09:15,Savings,IMPS,5745.23,Debit,24762.12,Travel,Karnataka,642,0,No loan,0.0,Reversed,Web,Verified,0,9
TXN000003703,CUST056409,2019-01-13,23:47,Savings,NEFT,16719.02,Credit,1603136.56,Peer Transfer,Telangana,703,1,Home,802.1,Success,Branch,Verified,0,23
TXN000003704,CUST069268,2019-01-13,08:57,Savings,UPI,256.83,Credit,19570.17,E-Commerce,Delhi,490,1,Auto,4249.48,Success,Mobile_App,Verified,0,8
TXN000003705,CUST016836,2019-01-13,15:14,Salary,IMPS,164.31,Credit,419557.4,Salary,Karnataka,774,1,Unknown,16524.71,Success,ATM,Verified,0,15
TXN000003706,CUST027799,2019-01-13,19:16,Salary,Cheque,14571.25,Credit,132678.22,Real Estate,Delhi,364,1,Personal,3703.31,Success,API,Verified,0,19
TXN000003707,CUST064888,2019-01-13,03:36,Current,IMPS,2389.98,Debit,9523.85,Food & Dining,West Bengal,649,0,No loan,0.0,Reversed,Mobile_App,Verified,0,3
TXN000003708,CUST019478,2019-01-13,18:09,Savings,UPI,614.8,Credit,484202.33,Real Estate,Tamil Nadu,863,0,No loan,0.0,Success,Mobile_App,Verified,0,18
TXN000003709,CUST017267,2019-01-13,12:24,Current,Cheque,1862285.86,Credit,3572.79,Utilities,Telangana,526,1,Unknown,8570.45,Success,Web,Verified,0,12
TXN000003710,CUST043527,2019-01-13,12:25,Savings,UPI,1160.32,Credit,3078349.54,Government,Maharashtra,435,0,No loan,0.0,Success,Mobile_App,Verified,0,12
TXN000003711,CUST011890,2019-01-13,11:58,NRI,RTGS,170045.12,Debit,21981.94,Healthcare,Telangana,300,0,No loan,0.0,Success,ATM,Verified,0,11
TXN000003712,CUST024336,2019-01-13,04:07,Savings,POS,127.31,Debit,17270.26,Retail,Rajasthan,890,0,No loan,0.0,Success,ATM,Verified,0,4
TXN000003713,CUST011255,2019-01-13,07:05,Fixed Deposit,Net_Banking,57505.43,Credit,43598.32,Peer Transfer,Tamil Nadu,530,0,No loan,0.0,Success,API,Verified,0,7
TXN000003714,CUST011443,2019-01-13,19:45,Salary,NEFT,9209.12,Debit,94108.0,Insurance,Tamil Nadu,487,1,Gold,3319.94,Success,Mobile_App,Verified,0,19
TXN000003715,CUST046290,2019-01-13,14:36,Salary,Net_Banking,8153.84,Credit,8913.61,Salary,Maharashtra,480,0,No loan,0.0,Success,Mobile_App,Verified,0,14
TXN000003716,CUST053748,2019-01-13,01:55,Salary,Net_Banking,4005.99,Credit,42828.04,E-Commerce,Maharashtra,661,0,No loan,0.0,Success,Branch,Verified,0,1
TXN000003717,CUST037328,2019-01-13,20:31,Salary,UPI,2004.5,Debit,7308.16,Retail,Tamil Nadu,696,0,No loan,0.0,Success,API,Pending,0,20
TXN000003718,CUST016200,2019-01-13,14:56,Savings,Net_Banking,6995.04,Debit,36952.79,Food & Dining,Delhi,323,1,Auto,6495.05,Success,Web,Verified,0,14
TXN000003719,CUST072828,2019-01-13,17:38,Salary,RTGS,91009.1,Credit,52361.7,Salary,Rajasthan,661,1,Gold,6036.93,Success,Mobile_App,Verified,0,17
TXN000003720,CUST000113,2019-01-13,04:06,NRI,NEFT,62849.39,Debit,24209.81,Education,Delhi,702,0,No loan,0.0,Success,Web,Verified,0,4
TXN000003721,CUST019582,2019-01-13,08:31,Savings,Net_Banking,57140.28,Credit,14347.23,Insurance,Telangana,537,0,No loan,0.0,Failed,Web,Verified,0,8
TXN000003722,CUST059723,2019-01-13,20:37,Salary,NEFT,223728.36,Debit,11153.7,Food & Dining,UP,690,1,Auto,2712.78,Pending,POS_Terminal,Verified,0,20
TXN000003723,CUST016524,2019-01-13,06:15,Savings,UPI,102.89,Credit,367718.07,Food & Dining,Karnataka,844,1,Home,7764.2,Success,Mobile_App,Verified,0,6
TXN000003724,CUST066961,2019-01-13,15:10,Current,UPI,1760.63,Debit,23135.64,Travel,Karnataka,357,1,Home,2581.23,Success,Mobile_App,Verified,0,15
TXN000003725,CUST019553,2019-01-13,06:44,Current,IMPS,3919.91,Credit,14072.07,Retail,Maharashtra,675,1,Business,14107.98,Success,ATM,Verified,0,6
TXN000003726,CUST010809,2019-01-13,22:28,Current,Net_Banking,15025.96,Credit,14135.16,Government,West Bengal,505,1,Unknown,3271.72,Success,Web,Verified,0,22
TXN000003727,CUST072526,2019-01-13,23:37,Current,Cheque,1682695.72,Credit,14232.94,Peer Transfer,Karnataka,769,0,No loan,0.0,Success,API,Verified,0,23
TXN000003728,CUST023621,2019-01-13,05:43,Current,UPI,561.05,Credit,31530.39,Food & Dining,Telangana,512,1,Business,10093.95,Success,Web,Verified,0,5
TXN000003729,CUST000888,2019-01-13,09:11,Savings,IMPS,4785.8,Debit,49884.35,Real Estate,Delhi,506,1,Home,4838.4,Success,Mobile_App,Verified,0,9
TXN000003730,CUST031803,2019-01-13,14:58,Savings,UPI,555.87,Debit,276021.4,Utilities,Karnataka,599,1,Gold,7893.47,Pending,API,Pending,0,14
TXN000003731,CUST026050,2019-01-13,00:43,NRI,NEFT,19972.99,Debit,425728.09,Investment,Telangana,512,0,No loan,0.0,Success,API,Verified,0,0
TXN000003732,CUST077790,2019-01-13,18:26,Savings,UPI,650.27,Credit,18598.99,Peer Transfer,West Bengal,822,0,No loan,0.0,Success,ATM,Verified,0,18
TXN000003733,CUST007847,2019-01-13,22:06,NRI,UPI,2089.31,Debit,98747.13,Insurance,Tamil Nadu,779,0,No loan,0.0,Success,API,Verified,0,22
TXN000003734,CUST046221,2019-01-13,18:06,Salary,ATM_Withdrawal,2000.0,Debit,244274.26,E-Commerce,Gujarat,894,0,No loan,0.0,Success,API,Verified,0,18
TXN000003735,CUST046164,2019-01-13,06:29,Current,ATM_Withdrawal,10000.0,Debit,11144.43,Real Estate,Karnataka,754,0,No loan,0.0,Success,POS_Terminal,Verified,0,6
TXN000003736,CUST003766,2019-01-13,19:47,Savings,ATM_Withdrawal,1000.0,Debit,49680.78,Utilities,UP,448,1,Business,5172.23,Success,Mobile_App,Verified,0,19
TXN000003737,CUST045271,2019-01-13,13:38,NRI,Credit_Card,6212.79,Debit,39464.61,Healthcare,Tamil Nadu,841,0,No loan,0.0,Success,Mobile_App,Verified,0,13
TXN000003738,CUST075278,2019-01-13,13:58,Fixed Deposit,NEFT,12439.81,Debit,17966.28,E-Commerce,Tamil Nadu,785,0,No loan,0.0,Success,POS_Terminal,Verified,0,13
TXN000003739,CUST022932,2019-01-13,19:05,Salary,IMPS,3317.58,Debit,15077.08,Real Estate,West Bengal,672,0,No loan,0.0,Success,Mobile_App,Verified,0,19
TXN000003740,CUST055634,2019-01-13,19:28,Fixed Deposit,NEFT,26316.19,Debit,28680.45,Healthcare,Gujarat,818,1,Personal,4458.89,Success,API,Verified,0,19
TXN000003741,CUST051914,2019-01-13,06:04,Current,IMPS,9512.77,Credit,3502.49,Food & Dining,Tamil Nadu,621,0,No loan,0.0,Success,POS_Terminal,Verified,0,6
TXN000003742,CUST025992,2019-01-13,13:20,Savings,NEFT,89662.78,Credit,29103.37,Retail,Delhi,438,1,Home,12174.9,Success,POS_Terminal,Verified,0,13
TXN000003743,CUST054846,2019-01-13,17:21,Salary,RTGS,62945.06,Debit,21202.3,Utilities,Delhi,663,0,No loan,0.0,Success,Mobile_App,Verified,0,17
TXN000003744,CUST055313,2019-01-13,01:18,Fixed Deposit,Credit_Card,2067.27,Debit,16117.78,Food & Dining,Karnataka,513,1,Gold,3953.52,Success,ATM,Verified,0,1
TXN000003745,CUST010562,2019-01-13,02:23,Current,IMPS,10333.29,Debit,525780.33,Travel,Tamil Nadu,742,0,No loan,0.0,Pending,API,Pending,0,2
TXN000003746,CUST016902,2019-01-13,07:31,Savings,ATM_Withdrawal,2000.0,Debit,33827.15,Real Estate,Karnataka,661,1,Home,3879.22,Success,Web,Verified,0,7
TXN000003747,CUST062876,2019-01-13,00:44,Fixed Deposit,ATM_Withdrawal,1000.0,Debit,127792.43,Peer Transfer,Karnataka,505,1,Personal,6868.17,Success,Mobile_App,Pending,0,0
TXN000003748,CUST025918,2019-01-13,12:32,Savings,Auto_Debit,2404.85,Debit,93662.3,Utilities,Gujarat,590,0,No loan,0.0,Success,POS_Terminal,Pending,0,12
TXN000003749,CUST062121,2019-01-13,20:36,Savings,Cheque,23770.11,Debit,111064.55,Retail,Telangana,760,0,No loan,0.0,Success,Web,Verified,0,20
TXN000003750,CUST001989,2019-01-13,18:54,Fixed Deposit,Net_Banking,5024.21,Credit,19669.55,Government,Karnataka,495,0,No loan,0.0,Success,ATM,Verified,0,18
TXN000003751,CUST014257,2019-01-13,20:57,Salary,Cheque,95602.87,Credit,72618.58,Insurance,Maharashtra,689,1,Education,4209.91,Success,Mobile_App,Verified,0,20
TXN000003752,CUST028231,2019-01-13,05:05,Savings,UPI,1083.92,Credit,88941.22,Real Estate,Maharashtra,454,0,No loan,0.0,Success,Mobile_App,Pending,0,5
TXN000003753,CUST059779,2019-01-13,04:41,Current,UPI,3972.88,Debit,11133.35,Retail,Maharashtra,783,0,No loan,0.0,Success,Web,Verified,0,4
TXN000003754,CUST045834,2019-01-13,03:45,Savings,POS,862.62,Debit,29220.0,Government,Karnataka,657,1,Home,4390.34,Success,POS_Terminal,Verified,0,3
TXN000003755,CUST022626,2019-01-13,03:32,Current,NEFT,6614.86,Credit,4385.6,Food & Dining,Karnataka,875,0,No loan,0.0,Success,Branch,Verified,0,3
TXN000003756,CUST032089,2019-01-13,13:08,NRI,IMPS,1090.16,Credit,69642.36,Entertainment,Karnataka,511,0,No loan,0.0,Success,POS_Terminal,Verified,0,13
TXN000003757,CUST079651,2019-01-13,19:48,Savings,UPI,384.78,Debit,11356.79,Education,Karnataka,794,0,No loan,0.0,Success,POS_Terminal,Verified,1,19
TXN000003758,CUST041168,2019-01-13,18:38,Savings,POS,3239.06,Debit,242631.74,Entertainment,Delhi,420,1,Auto,11601.25,Success,Mobile_App,Expired,0,18
TXN000003759,CUST071292,2019-01-13,08:32,NRI,UPI,280.51,Credit,4036.87,E-Commerce,Maharashtra,891,1,Education,2748.88,Success,Mobile_App,Pending,0,8
TXN000003760,CUST065304,2019-01-13,01:34,Salary,UPI,418.98,Debit,16619.18,Salary,Karnataka,815,0,No loan,0.0,Success,Mobile_App,Verified,0,1
TXN000003761,CUST076362,2019-01-13,10:38,Current,UPI,1008.39,Debit,40953.44,Utilities,Gujarat,405,0,No loan,0.0,Success,Mobile_App,Verified,0,10
TXN000003762,CUST004118,2019-01-13,06:09,Fixed Deposit,POS,1361.93,Debit,19938.48,Salary,Gujarat,378,0,No loan,0.0,Success,Web,Verified,0,6
TXN000003763,CUST060711,2019-01-13,06:59,Savings,UPI,282.66,Credit,25357.94,Entertainment,Karnataka,470,0,No loan,0.0,Success,Branch,Pending,0,6
TXN000003764,CUST067055,2019-01-13,04:40,Current,UPI,913.57,Credit,52494.36,Utilities,Telangana,605,0,No loan,0.0,Success,POS_Terminal,Verified,0,4
TXN000003765,CUST030950,2019-01-13,20:28,Savings,IMPS,14218.21,Credit,74217.85,Entertainment,Delhi,735,1,Unknown,14875.57,Success,Web,Verified,0,20
TXN000003766,CUST022548,2019-01-13,05:51,Current,UPI,243.52,Credit,4786.49,Utilities,Tamil Nadu,482,0,No loan,0.0,Success,Mobile_App,Expired,0,5
TXN000003767,CUST068137,2019-01-13,17:21,NRI,ATM_Withdrawal,5000.0,Debit,133328.24,Healthcare,Telangana,586,1,Unknown,3903.74,Success,Mobile_App,Verified,0,17
TXN000003768,CUST064620,2019-01-13,00:15,NRI,Auto_Debit,2532.24,Debit,31435.81,Retail,Maharashtra,355,0,No loan,0.0,Success,Mobile_App,Verified,0,0
TXN000003769,CUST061843,2019-01-13,06:47,Salary,ATM_Withdrawal,3000.0,Debit,84223.73,Food & Dining,Gujarat,537,1,Unknown,11536.68,Success,Mobile_App,Pending,0,6
TXN000003770,CUST026991,2019-01-13,09:26,Savings,Cheque,1505.86,Debit,103893.75,Entertainment,Maharashtra,682,0,No loan,0.0,Success,Mobile_App,Verified,0,9
TXN000003771,CUST016194,2019-01-13,05:28,Current,UPI,983.63,Credit,11130.87,Retail,Delhi,761,1,Business,5119.82,Success,Web,Verified,0,5
TXN000003772,CUST030110,2019-01-13,19:24,Savings,UPI,3116.18,Credit,319879.54,Real Estate,Gujarat,804,1,Personal,7307.3,Success,API,Verified,0,19
TXN000003773,CUST019234,2019-01-13,05:30,Salary,UPI,485.12,Debit,15477.33,Investment,Gujarat,894,1,Auto,16899.62,Success,POS_Terminal,Verified,0,5
TXN000003774,CUST034511,2019-01-13,01:06,Salary,UPI,575.3,Credit,19064.09,Salary,UP,463,0,No loan,0.0,Success,Mobile_App,Verified,0,1
TXN000003775,CUST001307,2019-01-13,15:13,Current,UPI,35.5,Debit,18409.45,Investment,Punjab,406,0,No loan,0.0,Failed,POS_Terminal,Verified,0,15
TXN000003776,CUST003850,2019-01-13,21:23,Savings,Credit_Card,19402.76,Debit,105986.64,Retail,Delhi,893,1,Auto,3881.45,Success,Web,Verified,0,21
TXN000003777,CUST012361,2019-01-13,21:47,Fixed Deposit,IMPS,1448.5,Debit,184934.56,Travel,Karnataka,673,0,No loan,0.0,Success,Mobile_App,Verified,0,21
TXN000003778,CUST045801,2019-01-13,05:23,Savings,NEFT,6532.4,Debit,92598.41,Healthcare,Maharashtra,878,0,No loan,0.0,Failed,ATM,Verified,0,5
TXN000003779,CUST036964,2019-01-13,10:37,NRI,UPI,1074.05,Credit,44328.67,Investment,Tamil Nadu,891,1,Home,34028.54,Success,Web,Verified,0,10
TXN000003780,CUST054331,2019-01-13,15:45,Savings,NEFT,11148.9,Debit,18803.36,Fuel,Telangana,792,0,No loan,0.0,Success,Branch,Verified,0,15
TXN000003781,CUST051708,2019-01-13,18:17,Savings,IMPS,3270.79,Debit,10024.18,Salary,Telangana,747,0,No loan,0.0,Success,API,Verified,0,18
TXN000003782,CUST018690,2019-01-13,19:32,Current,UPI,1411.45,Credit,47986.91,Travel,Delhi,320,0,No loan,0.0,Success,POS_Terminal,Pending,0,19
TXN000003783,CUST029085,2019-01-13,10:28,Current,UPI,425.19,Credit,754775.86,Peer Transfer,Telangana,491,1,Home,2576.93,Success,API,Verified,0,10
TXN000003784,CUST040388,2019-01-13,00:46,Current,POS,479.52,Debit,76550.4,Utilities,West Bengal,431,0,No loan,0.0,Success,ATM,Pending,0,0
TXN000003785,CUST074817,2019-01-13,17:45,Salary,NEFT,3882.25,Debit,7537.93,Education,Delhi,409,0,No loan,0.0,Success,POS_Terminal,Expired,0,17
TXN000003786,CUST002643,2019-01-13,10:28,NRI,POS,844.41,Debit,532541.27,Entertainment,West Bengal,800,0,No loan,0.0,Success,Web,Verified,0,10
TXN000003787,CUST042138,2019-01-13,01:00,Savings,POS,1021.37,Debit,2707.21,Food & Dining,Maharashtra,361,0,No loan,0.0,Success,API,Verified,0,1
TXN000003788,CUST079833,2019-01-13,06:50,NRI,POS,2997.3,Debit,6764.65,Real Estate,Delhi,683,1,Education,13969.47,Success,Branch,Verified,0,6
TXN000003789,CUST055562,2019-01-13,16:13,NRI,UPI,632.93,Debit,427429.5,Real Estate,Karnataka,365,0,No loan,0.0,Success,Mobile_App,Verified,0,16
TXN000003790,CUST062261,2019-01-13,11:37,Savings,IMPS,2788.81,Debit,19124.51,Investment,Tamil Nadu,555,0,No loan,0.0,Success,ATM,Expired,0,11
TXN000003791,CUST015439,2019-01-13,17:34,Current,UPI,1571.6,Debit,77935.65,Utilities,Telangana,769,0,No loan,0.0,Success,Mobile_App,Verified,0,17
TXN000003792,CUST048443,2019-01-13,11:11,Current,NEFT,48475.48,Debit,7012.84,Retail,Delhi,416,1,Personal,2916.94,Success,Mobile_App,Verified,0,11
TXN000003793,CUST002995,2019-01-13,23:00,Savings,Net_Banking,8347.29,Debit,3863.54,Education,Karnataka,456,0,No loan,0.0,Success,POS_Terminal,Verified,0,23
TXN000003794,CUST001814,2019-01-13,23:27,Savings,UPI,360.59,Credit,5460.51,E-Commerce,Rajasthan,495,0,No loan,0.0,Success,Mobile_App,Verified,0,23
TXN000003795,CUST055277,2019-01-13,09:19,Current,RTGS,140007.26,Credit,8540.72,Peer Transfer,Gujarat,445,0,No loan,0.0,Success,POS_Terminal,Verified,0,9
TXN000003796,CUST041244,2019-01-13,21:44,Salary,IMPS,8639.74,Debit,14994.29,Retail,Rajasthan,323,1,Auto,2124.5,Success,Mobile_App,Pending,0,21
TXN000003797,CUST062913,2019-01-13,12:44,Current,IMPS,1267.25,Credit,65100.19,Salary,Rajasthan,687,0,No loan,0.0,Failed,API,Verified,0,12
TXN000003798,CUST060273,2019-01-13,23:40,Current,IMPS,33234.6,Debit,2957.8,Entertainment,Maharashtra,536,0,No loan,0.0,Success,Mobile_App,Verified,0,23
TXN000003799,CUST042052,2019-01-13,04:15,Current,UPI,682.0,Debit,34066.21,Retail,Karnataka,718,1,Unknown,13130.29,Pending,ATM,Verified,0,4
TXN000003800,CUST078855,2019-01-13,05:51,Current,POS,1833.51,Debit,26848.43,Peer Transfer,Maharashtra,745,0,No loan,0.0,Success,Mobile_App,Verified,0,5
TXN000003801,CUST065619,2019-01-13,14:08,Savings,Net_Banking,142144.55,Debit,25388.45,Travel,West Bengal,430,1,Home,3791.79,Success,Mobile_App,Verified,0,14
TXN000003802,CUST001921,2019-01-13,23:39,Savings,Auto_Debit,3288.15,Debit,26732.11,Utilities,West Bengal,599,1,Home,1686.7,Success,Mobile_App,Verified,0,23
TXN000003803,CUST077220,2019-01-13,19:46,Salary,NEFT,4419.25,Credit,4870.61,Entertainment,Delhi,337,1,Home,2720.6,Success,ATM,Verified,0,19
TXN000003804,CUST076873,2019-01-13,03:11,Savings,UPI,198.14,Credit,9423.62,Insurance,Tamil Nadu,410,0,No loan,0.0,Success,Branch,Verified,0,3
TXN000003805,CUST002094,2019-01-13,11:05,Savings,UPI,461.43,Credit,121087.26,E-Commerce,Delhi,635,0,No loan,0.0,Success,Web,Verified,0,11
TXN000003806,CUST012906,2019-01-13,18:29,Current,ATM_Withdrawal,1000.0,Debit,94130.46,Food & Dining,West Bengal,481,1,Personal,5143.73,Success,Mobile_App,Verified,0,18
TXN000003807,CUST024352,2019-01-13,11:42,Current,Net_Banking,300285.86,Debit,27829.12,Entertainment,Rajasthan,647,0,No loan,0.0,Success,Mobile_App,Verified,0,11
TXN000003808,CUST030982,2019-01-13,10:30,Current,Auto_Debit,2863.79,Debit,229250.47,Food & Dining,Tamil Nadu,865,0,No loan,0.0,Success,API,Verified,0,10
TXN000003809,CUST073904,2019-01-13,19:12,Current,Credit_Card,872.89,Debit,473128.16,Healthcare,UP,411,1,Business,2649.15,Success,Branch,Verified,0,19
TXN000003810,CUST070822,2019-01-13,11:00,Savings,POS,1101.8,Debit,122246.87,Travel,Karnataka,525,0,No loan,0.0,Pending,Web,Verified,0,11
TXN000003811,CUST078514,2019-01-13,10:04,Salary,ATM_Withdrawal,1000.0,Debit,1968.77,Education,Karnataka,321,0,No loan,0.0,Success,Mobile_App,Verified,0,10
TXN000003812,CUST019875,2019-01-13,20:11,Salary,POS,235.18,Debit,23746.23,Insurance,Delhi,601,0,No loan,0.0,Success,POS_Terminal,Verified,0,20
TXN000003813,CUST050932,2019-01-13,10:31,Current,UPI,1703.21,Debit,41902.78,Peer Transfer,Telangana,725,0,No loan,0.0,Success,Mobile_App,Pending,0,10
TXN000003814,CUST007675,2019-01-13,01:59,Current,UPI,459.89,Credit,69480.83,Travel,Maharashtra,854,1,Business,1363.53,Success,Web,Verified,0,1
TXN000003815,CUST050517,2019-01-13,19:14,Savings,IMPS,4052.95,Credit,67290.19,Real Estate,Maharashtra,804,0,No loan,0.0,Failed,ATM,Verified,0,19
TXN000003816,CUST060687,2019-01-13,23:58,NRI,IMPS,20334.34,Debit,5608.51,E-Commerce,Tamil Nadu,545,1,Auto,3825.68,Success,API,Verified,0,23
TXN000003817,CUST069213,2019-01-13,02:15,Savings,UPI,1964.08,Credit,12955.48,E-Commerce,Delhi,841,1,Business,4496.86,Pending,Mobile_App,Verified,0,2
TXN000003818,CUST002427,2019-01-13,11:59,Savings,POS,3152.62,Debit,37461.56,Education,Karnataka,696,0,No loan,0.0,Success,POS_Terminal,Verified,0,11
TXN000003819,CUST068499,2019-01-13,10:53,Savings,ATM_Withdrawal,1000.0,Debit,198892.74,Healthcare,Tamil Nadu,561,0,No loan,0.0,Pending,Web,Verified,0,10
TXN000003820,CUST029944,2019-01-13,05:25,Savings,POS,696.95,Debit,61473.58,Food & Dining,Gujarat,869,0,No loan,0.0,Success,Mobile_App,Verified,0,5
TXN000003821,CUST066396,2019-01-13,21:17,Salary,UPI,395.52,Credit,24842.28,E-Commerce,UP,420,0,No loan,0.0,Success,Mobile_App,Verified,0,21
TXN000003822,CUST044817,2019-01-13,18:51,Salary,RTGS,109947.96,Debit,86914.76,Salary,Tamil Nadu,714,1,Auto,20830.24,Pending,Branch,Verified,0,18
TXN000003823,CUST004139,2019-01-13,22:40,Savings,NEFT,31308.38,Debit,231510.97,Peer Transfer,Punjab,751,0,No loan,0.0,Success,ATM,Verified,0,22
TXN000003824,CUST075946,2019-01-13,21:28,Salary,POS,249.14,Debit,28542.85,Peer Transfer,Karnataka,571,0,No loan,0.0,Success,Mobile_App,Verified,0,21
TXN000003825,CUST004018,2019-01-13,03:58,Fixed Deposit,ATM_Withdrawal,500.0,Debit,84817.02,Salary,Karnataka,512,1,Home,5967.24,Success,API,Verified,0,3
TXN000003826,CUST010452,2019-01-13,10:09,Savings,POS,183.19,Debit,16192.3,Fuel,Rajasthan,439,1,Business,5227.92,Success,ATM,Verified,0,10
TXN000003827,CUST062957,2019-01-13,14:33,Savings,Net_Banking,12365.74,Debit,7369.79,Fuel,West Bengal,486,1,Unknown,5527.59,Success,Mobile_App,Expired,0,14
TXN000003828,CUST010279,2019-01-13,10:53,Savings,IMPS,8691.02,Debit,30473.34,Government,Maharashtra,770,0,No loan,0.0,Success,Web,Verified,0,10
TXN000003829,CUST043765,2019-01-13,23:53,Savings,NEFT,9826.62,Debit,353072.89,Education,Karnataka,649,1,Personal,2291.13,Success,Mobile_App,Verified,0,23
TXN000003830,CUST001135,2019-01-13,09:48,Current,RTGS,232812.94,Credit,18534.22,Retail,UP,668,1,Auto,7018.74,Success,POS_Terminal,Verified,0,9
TXN000003831,CUST062944,2019-01-13,23:17,Savings,ATM_Withdrawal,3000.0,Debit,36506.68,Utilities,Rajasthan,771,1,Business,6278.84,Success,POS_Terminal,Verified,0,23
TXN000003832,CUST054319,2019-01-13,05:58,Current,Auto_Debit,287.23,Debit,65781.26,Salary,Delhi,386,1,Unknown,1507.95,Success,Mobile_App,Verified,0,5
TXN000003833,CUST060129,2019-01-13,23:40,Savings,UPI,3147.39,Debit,17083.63,Fuel,UP,554,0,No loan,0.0,Success,Branch,Verified,0,23
TXN000003834,CUST021870,2019-01-13,14:21,Savings,UPI,396.22,Debit,11570.99,Travel,Tamil Nadu,518,0,No loan,0.0,Success,Web,Verified,0,14
TXN000003835,CUST005040,2019-01-13,12:47,Current,IMPS,5130.27,Debit,276881.71,Real Estate,Karnataka,761,1,Personal,654.45,Success,Web,Verified,0,12
TXN000003836,CUST021282,2019-01-13,20:19,Savings,Cheque,2454.57,Debit,3963.91,Investment,Karnataka,677,1,Education,10919.54,Success,POS_Terminal,Verified,0,20
TXN000003837,CUST010443,2019-01-13,00:08,Salary,IMPS,1146.2,Credit,14298.37,Peer Transfer,West Bengal,809,0,No loan,0.0,Success,Mobile_App,Verified,0,0
TXN000003838,CUST073789,2019-01-13,01:42,Fixed Deposit,Cheque,130044.91,Debit,138992.91,Peer Transfer,Maharashtra,893,1,Education,6285.63,Success,Mobile_App,Verified,0,1
TXN000003839,CUST027587,2019-01-13,22:09,Current,POS,333.22,Debit,170772.87,E-Commerce,Delhi,558,0,No loan,0.0,Failed,API,Verified,0,22
TXN000003840,CUST053054,2019-01-13,08:44,Savings,Net_Banking,13541.28,Debit,149147.36,Utilities,Maharashtra,393,0,No loan,0.0,Success,Web,Verified,0,8
TXN000003841,CUST050490,2019-01-13,07:39,Savings,UPI,62.15,Credit,9514.85,Travel,Punjab,847,0,No loan,0.0,Success,Web,Verified,0,7
TXN000003842,CUST067088,2019-01-13,03:21,Fixed Deposit,Credit_Card,2517.62,Debit,9371.54,Travel,UP,613,1,Auto,5461.26,Pending,Mobile_App,Verified,0,3
TXN000003843,CUST012626,2019-01-13,22:21,Current,UPI,4169.02,Debit,67477.03,Utilities,Tamil Nadu,306,0,No loan,0.0,Success,Branch,Verified,0,22
TXN000003844,CUST034398,2019-01-13,17:08,NRI,UPI,192.33,Debit,11066.77,Healthcare,Maharashtra,841,0,No loan,0.0,Success,POS_Terminal,Verified,0,17
TXN000003845,CUST058672,2019-01-13,04:23,Salary,NEFT,3162.15,Credit,36740.64,Retail,Rajasthan,362,0,No loan,0.0,Success,Mobile_App,Verified,0,4
TXN000003846,CUST066898,2019-01-13,04:50,Savings,RTGS,1739876.76,Credit,40623.52,Insurance,Rajasthan,661,1,Personal,5772.53,Success,Web,Verified,0,4
TXN000003847,CUST026150,2019-01-13,05:26,Current,IMPS,11953.28,Debit,27065.36,Peer Transfer,Gujarat,418,0,No loan,0.0,Success,Branch,Verified,0,5
TXN000003848,CUST060031,2019-01-13,15:53,Current,POS,1141.8,Debit,18565.09,Insurance,UP,331,0,No loan,0.0,Success,Branch,Verified,0,15
TXN000003849,CUST069907,2019-01-13,06:07,Savings,UPI,477.8,Debit,99689.15,Government,Telangana,699,0,No loan,0.0,Success,Web,Verified,0,6
TXN000003850,CUST005284,2019-01-13,18:57,Fixed Deposit,IMPS,2816.05,Debit,39378.01,Salary,Maharashtra,845,0,No loan,0.0,Success,POS_Terminal,Pending,0,18
TXN000003851,CUST007611,2019-01-13,20:37,Savings,UPI,1069.32,Debit,12737.56,Real Estate,Gujarat,657,0,No loan,0.0,Reversed,Branch,Verified,0,20
TXN000003852,CUST043327,2019-01-13,06:21,Current,NEFT,42459.01,Credit,15894.35,Entertainment,Telangana,866,0,No loan,0.0,Success,Web,Verified,0,6
TXN000003853,CUST014925,2019-01-13,18:25,Salary,POS,2603.45,Debit,76709.6,Food & Dining,Karnataka,333,0,No loan,0.0,Success,ATM,Verified,0,18
TXN000003854,CUST076163,2019-01-13,12:43,Savings,POS,14941.92,Debit,26170.22,E-Commerce,Delhi,602,0,No loan,0.0,Success,Mobile_App,Verified,0,12
TXN000003855,CUST000870,2019-01-13,08:37,Savings,IMPS,3738.01,Credit,94329.2,Real Estate,Telangana,826,0,No loan,0.0,Success,Web,Verified,0,8
TXN000003856,CUST001015,2019-01-13,12:40,Current,ATM_Withdrawal,1000.0,Debit,5693.17,Food & Dining,Tamil Nadu,334,0,No loan,0.0,Success,Mobile_App,Verified,0,12
TXN000003857,CUST010104,2019-01-13,18:58,NRI,Auto_Debit,1990.61,Debit,39476.23,Insurance,Maharashtra,533,1,Education,9518.91,Success,POS_Terminal,Verified,0,18
TXN000003858,CUST033459,2019-01-13,05:31,Current,ATM_Withdrawal,1000.0,Debit,19564.7,Utilities,Delhi,750,1,Home,2887.57,Success,POS_Terminal,Verified,0,5
TXN000003859,CUST023249,2019-01-13,05:19,Savings,UPI,576.37,Credit,134758.0,Education,Maharashtra,498,0,No loan,0.0,Success,Mobile_App,Verified,0,5
TXN000003860,CUST043517,2019-01-13,05:30,Savings,IMPS,6397.79,Debit,740768.83,Real Estate,Telangana,445,1,Home,17410.92,Success,Web,Verified,0,5
TXN000003861,CUST029062,2019-01-13,01:47,Current,IMPS,4140.85,Debit,29467.83,Peer Transfer,West Bengal,405,0,No loan,0.0,Success,Mobile_App,Verified,0,1
TXN000003862,CUST024171,2019-01-13,18:48,Salary,POS,671.68,Debit,407192.72,Retail,Delhi,607,1,Education,4656.69,Success,Mobile_App,Verified,0,18
TXN000003863,CUST008025,2019-01-13,23:28,Current,POS,2793.03,Debit,5481.22,Utilities,Karnataka,637,0,No loan,0.0,Success,ATM,Verified,0,23
TXN000003864,CUST043804,2019-01-13,03:30,Current,ATM_Withdrawal,500.0,Debit,39251.47,Education,UP,387,1,Education,3644.66,Success,Mobile_App,Verified,0,3
TXN000003865,CUST019297,2019-01-13,04:56,Savings,Auto_Debit,2262.84,Debit,16162.59,Fuel,Maharashtra,501,0,No loan,0.0,Success,POS_Terminal,Verified,0,4
TXN000003866,CUST018258,2019-01-13,06:40,Savings,UPI,398.66,Debit,21919.1,Entertainment,Punjab,774,1,Personal,381.04,Success,Web,Verified,0,6
TXN000003867,CUST012856,2019-01-13,21:01,NRI,ATM_Withdrawal,1000.0,Debit,4786.72,Government,Rajasthan,640,0,No loan,0.0,Success,Web,Verified,0,21
TXN000003868,CUST020026,2019-01-13,05:58,Savings,IMPS,9331.64,Credit,39862.78,Peer Transfer,Tamil Nadu,887,0,No loan,0.0,Failed,Mobile_App,Verified,0,5
TXN000003869,CUST004459,2019-01-13,09:04,Current,IMPS,6376.9,Credit,20333.22,Peer Transfer,Karnataka,313,0,No loan,0.0,Success,ATM,Verified,0,9
TXN000003870,CUST063611,2019-01-13,09:35,Salary,IMPS,10691.01,Credit,288785.17,Retail,Punjab,315,0,No loan,0.0,Success,API,Verified,0,9
TXN000003871,CUST070844,2019-01-13,04:21,Current,UPI,195.11,Debit,22227.0,Peer Transfer,Tamil Nadu,647,0,No loan,0.0,Success,Web,Verified,0,4
TXN000003872,CUST049832,2019-01-13,00:40,Current,NEFT,3933.15,Debit,99413.86,Peer Transfer,West Bengal,667,0,No loan,0.0,Success,Mobile_App,Verified,0,0
TXN000003873,CUST043428,2019-01-13,05:26,Savings,Credit_Card,744.91,Debit,10113.3,E-Commerce,UP,786,0,No loan,0.0,Success,Mobile_App,Verified,0,5
TXN000003874,CUST038507,2019-01-13,09:17,Savings,UPI,4323.61,Debit,11197.23,Travel,Maharashtra,854,0,No loan,0.0,Success,Web,Pending,0,9
TXN000003875,CUST005669,2019-01-13,17:42,Savings,ATM_Withdrawal,1000.0,Debit,169157.12,Retail,Rajasthan,784,0,No loan,0.0,Success,Branch,Verified,0,17
TXN000003876,CUST047196,2019-01-13,06:59,Savings,NEFT,133937.79,Debit,24480.96,Travel,UP,646,0,No loan,0.0,Success,Mobile_App,Verified,0,6
TXN000003877,CUST073234,2019-01-13,15:38,Salary,Cheque,25727.86,Credit,83410.85,Travel,Delhi,778,0,No loan,0.0,Success,POS_Terminal,Verified,0,15
TXN000003878,CUST024418,2019-01-13,19:39,Current,POS,416.89,Debit,13722.83,Food & Dining,Karnataka,454,1,Home,4383.24,Success,POS_Terminal,Verified,0,19
TXN000003879,CUST010752,2019-01-13,17:53,Salary,ATM_Withdrawal,1000.0,Debit,66375.38,Travel,Maharashtra,687,0,No loan,0.0,Success,Mobile_App,Verified,0,17
TXN000003880,CUST046219,2019-01-13,21:40,Current,NEFT,72140.7,Credit,14122.06,Peer Transfer,Maharashtra,452,0,No loan,0.0,Success,Mobile_App,Verified,0,21
TXN000003881,CUST007353,2019-01-13,06:36,Salary,UPI,474.79,Debit,25672.88,Food & Dining,Tamil Nadu,594,0,No loan,0.0,Success,Mobile_App,Verified,0,6
TXN000003882,CUST079053,2019-01-13,21:42,Salary,Cheque,486.48,Credit,155188.27,Insurance,Karnataka,890,1,Home,7528.61,Success,Branch,Verified,0,21
TXN000003883,CUST028928,2019-01-13,07:27,Fixed Deposit,ATM_Withdrawal,5000.0,Debit,551209.6,Government,Telangana,769,1,Education,6866.53,Success,Mobile_App,Verified,0,7
TXN000003884,CUST041095,2019-01-13,04:46,Current,Net_Banking,5296.22,Debit,6063.1,Utilities,Tamil Nadu,756,0,No loan,0.0,Success,Mobile_App,Verified,0,4
TXN000003885,CUST054123,2019-01-13,19:05,Salary,UPI,1631.52,Credit,11133.33,Healthcare,Tamil Nadu,380,0,No loan,0.0,Success,Branch,Verified,0,19
TXN000003886,CUST029494,2019-01-13,20:58,Savings,UPI,345.55,Credit,29085.71,Fuel,Rajasthan,446,1,Personal,8039.41,Success,API,Verified,0,20
TXN000003887,CUST073540,2019-01-13,14:45,Savings,UPI,1274.0,Credit,15848.89,Investment,UP,408,0,No loan,0.0,Success,API,Verified,0,14
TXN000003888,CUST031708,2019-01-13,17:04,Salary,IMPS,667.52,Credit,106158.61,E-Commerce,Maharashtra,452,0,No loan,0.0,Success,Mobile_App,Pending,0,17
TXN000003889,CUST068815,2019-01-13,04:09,Savings,UPI,14714.69,Credit,30230.45,Government,Karnataka,604,1,Unknown,6015.06,Pending,POS_Terminal,Verified,0,4
TXN000003890,CUST007297,2019-01-13,15:04,Savings,UPI,794.63,Debit,257138.71,Salary,Maharashtra,606,0,No loan,0.0,Success,Web,Verified,0,15
TXN000003891,CUST025399,2019-01-13,10:38,Savings,NEFT,3589.39,Debit,53617.81,Peer Transfer,Telangana,680,0,No loan,0.0,Success,Mobile_App,Pending,0,10
TXN000003892,CUST035843,2019-01-13,22:13,Current,UPI,1167.93,Credit,5319.97,Food & Dining,Tamil Nadu,491,1,Education,1912.74,Success,Mobile_App,Verified,0,22
TXN000003893,CUST013262,2019-01-13,09:21,Savings,Net_Banking,51783.81,Debit,5428.61,Salary,Karnataka,630,0,No loan,0.0,Success,Branch,Verified,0,9
TXN000003894,CUST076710,2019-01-13,05:22,Current,POS,2282.06,Debit,182115.01,E-Commerce,Tamil Nadu,817,0,No loan,0.0,Success,ATM,Verified,0,5
TXN000003895,CUST056705,2019-01-13,08:32,Current,Credit_Card,6449.59,Debit,368358.27,Government,Tamil Nadu,377,0,No loan,0.0,Success,Mobile_App,Verified,0,8
TXN000003896,CUST067174,2019-01-13,08:00,Current,IMPS,5015.8,Credit,65304.0,Investment,Delhi,530,0,No loan,0.0,Success,Mobile_App,Verified,0,8
TXN000003897,CUST031782,2019-01-13,15:43,Current,RTGS,44629.86,Credit,150879.35,Retail,Tamil Nadu,306,1,Auto,4153.75,Success,Mobile_App,Verified,0,15
TXN000003898,CUST013653,2019-01-13,23:01,Savings,UPI,223.0,Credit,35694.06,Government,Maharashtra,517,0,No loan,0.0,Success,POS_Terminal,Verified,0,23
TXN000003899,CUST005104,2019-01-13,10:55,Savings,NEFT,12731.49,Credit,20572.05,Peer Transfer,Tamil Nadu,464,1,Unknown,18566.47,Success,Web,Verified,0,10
TXN000003900,CUST025501,2019-01-13,19:32,Savings,ATM_Withdrawal,1000.0,Debit,6539.06,Food & Dining,Delhi,762,1,Home,12756.31,Reversed,API,Verified,0,19
TXN000003901,CUST035530,2019-01-13,16:28,Current,UPI,2149.44,Debit,45745.23,Education,Rajasthan,675,0,No loan,0.0,Success,ATM,Verified,0,16
TXN000003902,CUST018453,2019-01-13,00:46,Current,NEFT,2193.97,Credit,99368.5,Travel,Maharashtra,475,0,No loan,0.0,Success,POS_Terminal,Pending,0,0
TXN000003903,CUST049394,2019-01-13,19:10,Savings,NEFT,17819.13,Debit,299836.14,Salary,Tamil Nadu,772,0,No loan,0.0,Success,POS_Terminal,Verified,1,19
TXN000003904,CUST031175,2019-01-13,06:18,Savings,NEFT,17150.16,Credit,2996.46,E-Commerce,Rajasthan,530,0,No loan,0.0,Success,POS_Terminal,Verified,0,6
TXN000003905,CUST064451,2019-01-13,11:49,Current,IMPS,3749.3,Debit,84253.59,Travel,Gujarat,726,0,No loan,0.0,Success,API,Verified,0,11
TXN000003906,CUST035437,2019-01-13,19:54,NRI,IMPS,703.41,Debit,20668.52,Utilities,West Bengal,425,1,Auto,17494.57,Success,ATM,Verified,0,19
TXN000003907,CUST047407,2019-01-13,08:42,Savings,UPI,140.06,Credit,31826.03,Education,Maharashtra,462,0,No loan,0.0,Success,Web,Verified,0,8
TXN000003908,CUST063060,2019-01-13,07:44,Savings,UPI,252.37,Debit,47832.9,Fuel,UP,544,1,Education,1534.88,Success,ATM,Verified,0,7
TXN000003909,CUST015955,2019-01-13,05:26,Current,Net_Banking,2467.48,Debit,721616.97,Education,Gujarat,630,1,Personal,9429.27,Success,Branch,Verified,0,5
TXN000003910,CUST012357,2019-01-13,11:35,Salary,Net_Banking,28323.98,Debit,160657.94,Travel,Gujarat,544,1,Auto,4542.76,Success,Mobile_App,Verified,0,11
TXN000003911,CUST002188,2019-01-13,17:23,Savings,Net_Banking,103282.53,Debit,125144.78,Peer Transfer,Rajasthan,555,1,Home,1569.74,Success,Mobile_App,Verified,0,17
TXN000003912,CUST077244,2019-01-13,16:08,Savings,UPI,1338.73,Debit,29866.56,Salary,Gujarat,684,0,No loan,0.0,Pending,ATM,Verified,0,16
TXN000003913,CUST035099,2019-01-13,15:08,Salary,UPI,153.78,Credit,92594.25,Retail,Delhi,437,1,Unknown,1388.54,Success,Branch,Verified,0,15
TXN000003914,CUST021226,2019-01-13,18:24,Current,IMPS,4318.41,Debit,1218.73,Entertainment,Tamil Nadu,766,0,No loan,0.0,Reversed,ATM,Verified,0,18
TXN000003915,CUST003607,2019-01-13,05:27,Salary,IMPS,502.24,Debit,9434.48,Food & Dining,Tamil Nadu,334,0,No loan,0.0,Success,POS_Terminal,Verified,0,5
TXN000003916,CUST057621,2019-01-13,14:34,Salary,UPI,1494.81,Debit,297539.48,Fuel,Tamil Nadu,497,0,No loan,0.0,Success,API,Verified,0,14
TXN000003917,CUST032829,2019-01-13,14:14,Current,UPI,126.36,Credit,109132.51,Food & Dining,Maharashtra,616,1,Education,2385.73,Success,Branch,Verified,0,14
TXN000003918,CUST026490,2019-01-13,13:54,Savings,POS,666.94,Debit,29623.47,Retail,Karnataka,386,0,No loan,0.0,Success,Web,Verified,0,13
TXN000003919,CUST014388,2019-01-13,18:51,Salary,Auto_Debit,2563.87,Debit,36957.42,E-Commerce,Gujarat,365,0,No loan,0.0,Success,Web,Verified,0,18
TXN000003920,CUST069464,2019-01-13,20:15,Salary,NEFT,44292.76,Credit,91694.53,Peer Transfer,Maharashtra,849,0,No loan,0.0,Success,Mobile_App,Verified,0,20
TXN000003921,CUST071833,2019-01-13,13:25,Savings,NEFT,173939.49,Debit,63295.66,E-Commerce,Karnataka,483,0,No loan,0.0,Success,ATM,Verified,0,13
TXN000003922,CUST002592,2019-01-13,01:12,Current,UPI,348.78,Debit,1536.45,Government,Tamil Nadu,749,1,Home,3109.41,Success,Branch,Verified,0,1
TXN000003923,CUST048517,2019-01-13,07:25,Current,UPI,302.28,Debit,42900.45,Travel,Rajasthan,384,0,No loan,0.0,Success,ATM,Verified,0,7
TXN000003924,CUST062062,2019-01-13,19:08,Savings,RTGS,90448.41,Debit,68886.07,Utilities,Delhi,355,0,No loan,0.0,Success,POS_Terminal,Verified,0,19
TXN000003925,CUST066737,2019-01-13,08:50,Savings,NEFT,119923.42,Credit,194039.37,Real Estate,Karnataka,549,1,Personal,9657.91,Success,Web,Verified,0,8
TXN000003926,CUST061754,2019-01-13,20:10,NRI,UPI,769.01,Credit,8746.17,Salary,Gujarat,572,1,Unknown,3760.6,Failed,Mobile_App,Verified,0,20
TXN000003927,CUST011088,2019-01-13,23:20,Current,NEFT,19523.22,Credit,8349.56,Food & Dining,Maharashtra,619,0,No loan,0.0,Success,Mobile_App,Verified,0,23
TXN000003928,CUST030817,2019-01-13,18:37,Current,Cheque,15642.65,Debit,14298.49,Real Estate,Delhi,683,1,Personal,9679.25,Success,POS_Terminal,Verified,0,18
TXN000003929,CUST023409,2019-01-13,14:48,Current,UPI,1316.43,Credit,9828.07,Retail,Maharashtra,439,0,No loan,0.0,Success,Mobile_App,Expired,0,14
TXN000003930,CUST000137,2019-01-13,17:53,Savings,Credit_Card,7846.82,Debit,46712.41,E-Commerce,Punjab,613,0,No loan,0.0,Success,Web,Expired,0,17
TXN000003931,CUST017414,2019-01-13,07:59,Current,IMPS,1808.83,Credit,57285.65,Peer Transfer,Karnataka,385,1,Home,16010.49,Success,Mobile_App,Verified,0,7
TXN000003932,CUST059501,2019-01-13,21:45,Savings,UPI,528.17,Credit,13253.38,Fuel,Karnataka,343,0,No loan,0.0,Success,Mobile_App,Expired,0,21
TXN000003933,CUST056359,2019-01-13,00:45,NRI,NEFT,1063.51,Credit,22191.94,Utilities,Maharashtra,322,0,No loan,0.0,Success,Branch,Verified,0,0
TXN000003934,CUST066198,2019-01-13,03:16,Savings,NEFT,5651.0,Credit,17979.41,Salary,Maharashtra,368,0,No loan,0.0,Success,Mobile_App,Verified,0,3
TXN000003935,CUST032855,2019-01-13,07:53,Salary,ATM_Withdrawal,2000.0,Debit,2559.42,Utilities,Telangana,333,1,Auto,4235.14,Success,Mobile_App,Expired,0,7
TXN000003936,CUST076241,2019-01-13,15:55,Savings,RTGS,124363.58,Debit,1312023.12,Peer Transfer,Punjab,314,0,No loan,0.0,Success,Web,Verified,0,15
TXN000003937,CUST016323,2019-01-13,05:25,Salary,NEFT,4399.68,Debit,351539.34,Food & Dining,West Bengal,442,0,No loan,0.0,Success,Web,Verified,0,5
TXN000003938,CUST006969,2019-01-13,18:44,Savings,UPI,690.36,Credit,28143.95,Real Estate,Punjab,479,0,No loan,0.0,Success,POS_Terminal,Verified,0,18
TXN000003939,CUST027519,2019-01-13,15:24,Savings,Auto_Debit,9748.19,Debit,128641.48,E-Commerce,Tamil Nadu,883,1,Auto,17640.81,Success,API,Verified,0,15
TXN000003940,CUST051926,2019-01-13,22:55,Savings,IMPS,16863.44,Credit,68965.51,Education,Karnataka,764,1,Personal,5911.44,Success,Mobile_App,Verified,0,22
TXN000003941,CUST059849,2019-01-13,18:13,Savings,POS,3380.8,Debit,27397.15,Investment,West Bengal,624,0,No loan,0.0,Success,Branch,Verified,0,18
TXN000003942,CUST001701,2019-01-13,23:42,Savings,IMPS,3496.37,Credit,8777.3,E-Commerce,UP,701,0,No loan,0.0,Success,Mobile_App,Verified,0,23
TXN000003943,CUST023200,2019-01-13,09:55,Salary,Net_Banking,12634.64,Debit,92237.62,Salary,Tamil Nadu,314,0,No loan,0.0,Success,Web,Verified,0,9
TXN000003944,CUST044590,2019-01-13,14:30,NRI,RTGS,365537.9,Credit,6779.11,Real Estate,Karnataka,693,1,Education,4480.93,Reversed,POS_Terminal,Verified,0,14
TXN000003945,CUST032116,2019-01-13,12:27,Salary,UPI,3170.1,Debit,7534.55,Retail,Telangana,702,0,No loan,0.0,Success,Web,Verified,0,12
TXN000003946,CUST061935,2019-01-13,19:32,Savings,NEFT,289632.79,Credit,706851.69,Insurance,Karnataka,502,0,No loan,0.0,Success,Web,Verified,0,19
TXN000003947,CUST054317,2019-01-13,19:12,Salary,IMPS,15072.6,Debit,4804.6,E-Commerce,West Bengal,874,1,Business,13353.4,Success,Mobile_App,Verified,0,19
TXN000003948,CUST005521,2019-01-13,10:36,Salary,UPI,3407.54,Debit,118785.96,Education,Maharashtra,358,0,No loan,0.0,Success,POS_Terminal,Verified,0,10
TXN000003949,CUST036456,2019-01-13,06:55,Savings,Net_Banking,4601.97,Debit,50512.66,Food & Dining,Delhi,709,1,Business,19937.43,Pending,Mobile_App,Verified,0,6
TXN000003950,CUST041606,2019-01-13,04:39,Current,Cheque,119864.38,Credit,3288.77,E-Commerce,Tamil Nadu,873,0,No loan,0.0,Success,ATM,Verified,0,4
TXN000003951,CUST014956,2019-01-13,04:30,Savings,NEFT,21098.74,Credit,30371.66,Salary,Karnataka,542,1,Gold,3933.55,Success,Web,Verified,0,4
TXN000003952,CUST044050,2019-01-13,06:02,Salary,Net_Banking,6353.81,Debit,3227.55,Travel,Delhi,738,0,No loan,0.0,Failed,Web,Verified,0,6
TXN000003953,CUST013918,2019-01-13,06:19,Savings,UPI,571.16,Credit,52462.95,E-Commerce,Karnataka,785,0,No loan,0.0,Pending,Web,Verified,0,6
TXN000003954,CUST070294,2019-01-13,18:06,NRI,IMPS,788.67,Debit,15332.23,E-Commerce,Maharashtra,410,1,Education,17936.59,Success,POS_Terminal,Verified,0,18
TXN000003955,CUST078582,2019-01-13,15:37,Savings,Credit_Card,1951.17,Debit,17364.15,Salary,Tamil Nadu,858,0,No loan,0.0,Success,Mobile_App,Verified,0,15
TXN000003956,CUST064926,2019-01-13,13:15,Current,IMPS,6830.99,Debit,27069.68,Peer Transfer,Tamil Nadu,638,0,No loan,0.0,Success,Mobile_App,Verified,0,13
TXN000003957,CUST070270,2019-01-13,02:21,NRI,ATM_Withdrawal,2000.0,Debit,76785.37,Retail,West Bengal,858,1,Business,21074.42,Success,Mobile_App,Verified,0,2
TXN000003958,CUST030955,2019-01-13,15:57,Savings,UPI,3696.71,Credit,16714.58,Peer Transfer,Delhi,440,0,No loan,0.0,Success,Mobile_App,Verified,0,15
TXN000003959,CUST072618,2019-01-13,10:55,Salary,ATM_Withdrawal,5000.0,Debit,8453.0,Salary,Delhi,651,0,No loan,0.0,Success,Mobile_App,Verified,0,10
TXN000003960,CUST041459,2019-01-13,02:17,Salary,UPI,4764.04,Credit,8006.63,Investment,Maharashtra,360,0,No loan,0.0,Failed,POS_Terminal,Verified,0,2
TXN000003961,CUST021114,2019-01-13,14:55,Savings,UPI,75.58,Credit,856553.51,Peer Transfer,Tamil Nadu,680,0,No loan,0.0,Success,Mobile_App,Verified,0,14
TXN000003962,CUST043940,2019-01-13,07:40,NRI,UPI,3176.04,Debit,84319.56,Travel,Tamil Nadu,888,0,No loan,0.0,Success,POS_Terminal,Verified,0,7
TXN000003963,CUST029346,2019-01-13,05:20,Salary,Net_Banking,4061.74,Debit,51170.49,Retail,Maharashtra,510,0,No loan,0.0,Success,Branch,Verified,0,5
TXN000003964,CUST046314,2019-01-13,07:37,Savings,IMPS,7260.88,Debit,31994.94,Insurance,Telangana,586,0,No loan,0.0,Success,Branch,Verified,0,7
TXN000003965,CUST069167,2019-01-13,03:59,Savings,Net_Banking,2846.1,Credit,183755.16,Food & Dining,Punjab,825,0,No loan,0.0,Success,Branch,Verified,0,3
TXN000003966,CUST047862,2019-01-13,18:27,Savings,IMPS,869.5,Debit,61228.5,Peer Transfer,Gujarat,470,0,No loan,0.0,Success,API,Verified,0,18
TXN000003967,CUST049299,2019-01-13,20:14,Savings,RTGS,148753.92,Debit,462787.31,Food & Dining,Maharashtra,534,0,No loan,0.0,Success,ATM,Verified,0,20
TXN000003968,CUST047222,2019-01-13,01:48,Current,RTGS,176959.65,Debit,52606.59,Education,West Bengal,338,0,No loan,0.0,Success,Mobile_App,Verified,0,1
TXN000003969,CUST044943,2019-01-13,07:30,Fixed Deposit,NEFT,7087.6,Credit,15809.47,Retail,Karnataka,335,0,No loan,0.0,Success,Web,Verified,0,7
TXN000003970,CUST003454,2019-01-13,01:33,NRI,NEFT,4848.85,Debit,1771.5,Education,Gujarat,759,0,No loan,0.0,Success,Web,Verified,0,1
TXN000003971,CUST054936,2019-01-13,16:56,Savings,Auto_Debit,3287.69,Debit,1031.78,Travel,Maharashtra,679,0,No loan,0.0,Success,Mobile_App,Verified,0,16
TXN000003972,CUST043371,2019-01-13,22:16,Current,RTGS,555170.74,Credit,17562.12,E-Commerce,Karnataka,873,1,Unknown,6040.92,Success,POS_Terminal,Pending,0,22
TXN000003973,CUST008329,2019-01-13,03:57,NRI,Cheque,120787.52,Debit,67986.4,E-Commerce,West Bengal,400,0,No loan,0.0,Success,Mobile_App,Verified,0,3
TXN000003974,CUST015535,2019-01-13,04:20,Current,UPI,557.17,Credit,42533.67,Retail,Karnataka,547,1,Auto,9115.3,Success,Mobile_App,Verified,0,4
TXN000003975,CUST036321,2019-01-13,07:17,Current,NEFT,39290.91,Debit,229189.08,Insurance,Gujarat,521,1,Education,1511.38,Success,Web,Verified,0,7
TXN000003976,CUST049171,2019-01-14,12:30,Current,IMPS,13350.68,Credit,128931.01,Retail,Karnataka,543,0,No loan,0.0,Failed,Mobile_App,Verified,0,12
TXN000003977,CUST008641,2019-01-14,23:27,Current,Auto_Debit,1030.26,Debit,28096.05,E-Commerce,Delhi,730,1,Business,1687.84,Success,Web,Verified,0,23
TXN000003978,CUST030050,2019-01-14,15:09,NRI,UPI,684.83,Debit,37435.67,Entertainment,Karnataka,416,1,Personal,8003.75,Success,POS_Terminal,Verified,0,15
TXN000003979,CUST005619,2019-01-14,09:36,Savings,POS,482.17,Debit,143224.99,Travel,Tamil Nadu,524,0,No loan,0.0,Reversed,Web,Verified,0,9
TXN000003980,CUST056054,2019-01-14,06:19,Salary,POS,563.0,Debit,284365.51,Real Estate,Gujarat,429,1,Personal,6360.36,Success,Web,Verified,0,6
TXN000003981,CUST001921,2019-01-14,08:17,Current,UPI,720.52,Debit,37078.17,Food & Dining,Delhi,594,0,No loan,0.0,Success,Mobile_App,Verified,0,8
TXN000003982,CUST043938,2019-01-14,14:42,Savings,NEFT,64797.34,Credit,17992.43,Investment,Delhi,431,1,Personal,3124.72,Reversed,Mobile_App,Pending,0,14
TXN000003983,CUST069725,2019-01-14,20:04,Fixed Deposit,UPI,287.8,Debit,34069.52,Utilities,West Bengal,705,0,No loan,0.0,Success,Mobile_App,Verified,0,20
TXN000003984,CUST012208,2019-01-14,05:23,Current,NEFT,4331.95,Credit,54581.05,Salary,Delhi,642,0,No loan,0.0,Success,Branch,Verified,0,5
TXN000003985,CUST065775,2019-01-14,07:36,Current,NEFT,260931.57,Debit,11149.49,Retail,Maharashtra,723,0,No loan,0.0,Success,Mobile_App,Verified,0,7
TXN000003986,CUST032973,2019-01-14,17:21,Savings,NEFT,1906.97,Debit,20134.44,E-Commerce,Gujarat,752,1,Home,3325.61,Success,Web,Verified,0,17
TXN000003987,CUST010800,2019-01-14,18:49,Savings,Cheque,79588.85,Debit,20242.06,Utilities,Telangana,473,1,Unknown,7229.71,Success,POS_Terminal,Verified,0,18
TXN000003988,CUST071089,2019-01-14,23:08,Savings,UPI,2834.12,Credit,1767.44,Retail,Maharashtra,639,1,Education,2489.39,Success,ATM,Pending,0,23
TXN000003989,CUST028917,2019-01-14,01:37,Savings,Cheque,14724.19,Debit,129769.27,Travel,Gujarat,887,1,Personal,2953.68,Success,ATM,Pending,0,1
TXN000003990,CUST070464,2019-01-14,08:41,Savings,ATM_Withdrawal,1000.0,Debit,60882.23,Utilities,Delhi,375,0,No loan,0.0,Success,POS_Terminal,Verified,0,8
TXN000003991,CUST076701,2019-01-14,22:04,Savings,UPI,333.34,Credit,6815.23,Entertainment,Karnataka,858,1,Personal,2998.88,Success,Web,Verified,0,22
TXN000003992,CUST037159,2019-01-14,08:09,NRI,Net_Banking,915.74,Credit,23030.34,Healthcare,Karnataka,819,0,No loan,0.0,Success,API,Verified,0,8
TXN000003993,CUST071697,2019-01-14,09:54,Current,UPI,62.04,Debit,7873.0,Peer Transfer,Delhi,638,0,No loan,0.0,Success,Branch,Verified,0,9
TXN000003994,CUST061511,2019-01-14,07:47,Current,UPI,1772.46,Debit,52061.98,Travel,Karnataka,883,0,No loan,0.0,Success,Web,Verified,0,7
TXN000003995,CUST058693,2019-01-14,03:59,Salary,UPI,432.93,Credit,107328.75,Travel,Tamil Nadu,873,0,No loan,0.0,Success,Web,Verified,0,3
TXN000003996,CUST061745,2019-01-14,00:10,Salary,ATM_Withdrawal,1000.0,Debit,3977.51,Education,UP,803,1,Education,3614.64,Success,ATM,Verified,0,0
TXN000003997,CUST015811,2019-01-14,03:24,Current,IMPS,8962.68,Debit,7427.3,Real Estate,West Bengal,456,0,No loan,0.0,Success,ATM,Expired,0,3
TXN000003998,CUST005127,2019-01-14,21:04,Current,NEFT,10370.41,Credit,3060.88,Investment,Gujarat,350,0,No loan,0.0,Success,Web,Verified,0,21
TXN000003999,CUST030010,2019-01-14,23:17,Salary,NEFT,8759.84,Credit,404606.34,Education,Tamil Nadu,707,1,Home,2283.47,Success,Web,Verified,0,23
TXN000004000,CUST000193,2019-01-14,14:26,Savings,UPI,2270.5,Debit,8987.82,Retail,West Bengal,414,1,Auto,1426.89,Success,Web,Verified,0,14
TXN000004001,CUST036414,2019-01-14,00:50,Salary,UPI,321.61,Credit,148127.07,E-Commerce,West Bengal,785,1,Auto,27282.07,Success,Web,Verified,0,0
TXN000004002,CUST012817,2019-01-14,09:38,NRI,Cheque,9237.56,Credit,815970.62,Travel,Maharashtra,884,0,No loan,0.0,Success,POS_Terminal,Verified,0,9
TXN000004003,CUST039083,2019-01-14,10:44,Current,UPI,53.58,Debit,9541.22,Insurance,Maharashtra,894,1,Auto,3725.35,Success,ATM,Verified,0,10
TXN000004004,CUST065049,2019-01-14,14:14,Savings,NEFT,74923.9,Credit,15731.45,Salary,Karnataka,420,0,No loan,0.0,Success,Mobile_App,Verified,0,14
TXN000004005,CUST050941,2019-01-14,19:51,Fixed Deposit,POS,3146.86,Debit,122836.44,Travel,Tamil Nadu,725,0,No loan,0.0,Success,Mobile_App,Verified,0,19
TXN000004006,CUST032131,2019-01-14,03:23,Fixed Deposit,ATM_Withdrawal,3000.0,Debit,16787.03,Insurance,Delhi,743,1,Home,3616.37,Success,Mobile_App,Verified,0,3
TXN000004007,CUST040143,2019-01-14,16:20,Savings,Auto_Debit,2605.34,Debit,262666.52,Insurance,Karnataka,873,1,Personal,10397.92,Success,Mobile_App,Pending,0,16
TXN000004008,CUST036469,2019-01-14,01:04,Current,Net_Banking,4819.33,Debit,7412.91,Investment,Delhi,765,0,No loan,0.0,Success,POS_Terminal,Verified,0,1
TXN000004009,CUST030699,2019-01-14,19:30,Savings,UPI,35604.03,Debit,47772.49,Entertainment,Maharashtra,824,0,No loan,0.0,Success,POS_Terminal,Verified,0,19
TXN000004010,CUST010656,2019-01-14,03:02,Salary,NEFT,2042.97,Debit,66418.17,Salary,Telangana,464,1,Home,10365.85,Success,Mobile_App,Verified,0,3
TXN000004011,CUST047898,2019-01-14,17:13,Fixed Deposit,Auto_Debit,910.77,Debit,66835.41,Education,Maharashtra,649,1,Home,7787.39,Success,Mobile_App,Verified,0,17
TXN000004012,CUST030076,2019-01-14,04:20,Current,POS,3828.04,Debit,174015.58,Government,Maharashtra,575,0,No loan,0.0,Success,Mobile_App,Verified,0,4
TXN000004013,CUST009360,2019-01-14,15:58,Fixed Deposit,ATM_Withdrawal,500.0,Debit,7746.17,Retail,West Bengal,853,0,No loan,0.0,Failed,ATM,Verified,0,15
TXN000004014,CUST042057,2019-01-14,23:53,NRI,IMPS,32396.13,Credit,14774.48,Entertainment,Telangana,882,0,No loan,0.0,Success,Branch,Verified,0,23
TXN000004015,CUST051832,2019-01-14,19:55,Fixed Deposit,Net_Banking,11247.69,Debit,6563.61,Insurance,West Bengal,696,0,No loan,0.0,Success,Mobile_App,Verified,0,19
TXN000004016,CUST059192,2019-01-14,02:55,Current,NEFT,24907.05,Debit,8944.67,Healthcare,Maharashtra,485,0,No loan,0.0,Success,Mobile_App,Verified,0,2
TXN000004017,CUST033273,2019-01-14,01:13,Fixed Deposit,Auto_Debit,2782.78,Debit,142823.19,Healthcare,Maharashtra,899,0,No loan,0.0,Success,POS_Terminal,Verified,0,1
TXN000004018,CUST014672,2019-01-14,08:30,Salary,UPI,7024.64,Credit,33304.13,Education,Telangana,461,0,No loan,0.0,Success,POS_Terminal,Verified,0,8
TXN000004019,CUST027049,2019-01-14,00:28,Savings,ATM_Withdrawal,1000.0,Debit,4540.07,Investment,Karnataka,536,0,No loan,0.0,Reversed,Web,Verified,0,0
TXN000004020,CUST076275,2019-01-14,21:03,Savings,ATM_Withdrawal,5000.0,Debit,141667.71,Peer Transfer,Karnataka,692,0,No loan,0.0,Pending,Branch,Verified,0,21
TXN000004021,CUST025964,2019-01-14,22:17,Current,NEFT,49954.18,Credit,25815.67,Healthcare,Tamil Nadu,607,0,No loan,0.0,Success,Web,Verified,0,22
TXN000004022,CUST043955,2019-01-14,01:00,Savings,UPI,502.57,Credit,41829.88,Retail,Rajasthan,440,0,No loan,0.0,Success,ATM,Pending,0,1
TXN000004023,CUST072310,2019-01-14,05:13,Current,UPI,412.25,Credit,9413.97,Insurance,Karnataka,670,0,No loan,0.0,Success,ATM,Verified,0,5
TXN000004024,CUST000718,2019-01-14,20:49,Savings,UPI,1011.7,Credit,7686.13,Food & Dining,Delhi,665,0,No loan,0.0,Success,POS_Terminal,Verified,0,20
TXN000004025,CUST011677,2019-01-14,21:53,Fixed Deposit,UPI,756.1,Debit,45651.51,Utilities,Punjab,448,1,Home,4561.47,Success,POS_Terminal,Expired,0,21
TXN000004026,CUST004435,2019-01-14,21:36,Savings,RTGS,691988.01,Credit,420556.84,E-Commerce,Tamil Nadu,828,0,No loan,0.0,Success,ATM,Verified,0,21
TXN000004027,CUST049811,2019-01-14,08:33,NRI,ATM_Withdrawal,500.0,Debit,27194.88,Government,West Bengal,739,1,Business,2603.44,Failed,Web,Verified,0,8
TXN000004028,CUST004995,2019-01-14,21:59,Salary,UPI,1380.23,Debit,85699.84,Food & Dining,Tamil Nadu,455,1,Business,4260.27,Success,Mobile_App,Verified,0,21
TXN000004029,CUST004235,2019-01-14,19:05,Savings,IMPS,2331.67,Debit,755608.26,Food & Dining,Gujarat,611,0,No loan,0.0,Reversed,ATM,Verified,0,19
TXN000004030,CUST069301,2019-01-14,00:46,Savings,UPI,1483.24,Credit,28000.21,Insurance,Telangana,314,1,Education,1920.31,Success,Mobile_App,Verified,0,0
TXN000004031,CUST043950,2019-01-14,01:11,NRI,IMPS,10222.59,Credit,21983.28,Entertainment,West Bengal,813,1,Unknown,17488.88,Success,Mobile_App,Verified,0,1
TXN000004032,CUST037406,2019-01-14,03:49,Salary,Credit_Card,598.15,Debit,34642.54,Salary,Gujarat,476,1,Personal,7172.92,Success,POS_Terminal,Verified,0,3
TXN000004033,CUST034873,2019-01-14,17:27,Savings,UPI,161.47,Debit,50301.86,Peer Transfer,Rajasthan,738,1,Auto,2796.31,Success,Mobile_App,Verified,0,17
TXN000004034,CUST042216,2019-01-14,01:34,Salary,UPI,42.23,Debit,27671.42,Travel,Tamil Nadu,750,1,Auto,5248.17,Success,Mobile_App,Verified,0,1
TXN000004035,CUST023186,2019-01-14,08:16,Savings,RTGS,297216.59,Credit,130110.9,Salary,Punjab,599,0,No loan,0.0,Success,Mobile_App,Verified,0,8
TXN000004036,CUST043443,2019-01-14,07:48,Current,ATM_Withdrawal,1000.0,Debit,12723.92,E-Commerce,Karnataka,797,0,No loan,0.0,Failed,Branch,Verified,0,7
TXN000004037,CUST051760,2019-01-14,14:08,NRI,UPI,261.17,Credit,184092.35,Insurance,West Bengal,618,1,Education,891.49,Success,Branch,Expired,0,14
TXN000004038,CUST041154,2019-01-14,17:38,Current,Net_Banking,115742.09,Debit,52955.07,Healthcare,Karnataka,389,0,No loan,0.0,Success,ATM,Verified,0,17
TXN000004039,CUST077536,2019-01-14,05:52,Savings,Cheque,19401.83,Debit,67764.13,Real Estate,Maharashtra,833,0,No loan,0.0,Success,Web,Verified,0,5
TXN000004040,CUST002582,2019-01-14,01:01,Savings,Cheque,18265.72,Debit,7774.31,Education,Maharashtra,669,1,Auto,10255.62,Success,Mobile_App,Verified,0,1
TXN000004041,CUST051718,2019-01-14,14:04,Current,Credit_Card,98.53,Debit,116433.84,Peer Transfer,Karnataka,771,0,No loan,0.0,Success,POS_Terminal,Verified,1,14
TXN000004042,CUST002764,2019-01-14,12:24,Current,Net_Banking,53663.59,Credit,11634.71,Retail,Delhi,334,0,No loan,0.0,Success,Branch,Pending,0,12
TXN000004043,CUST055481,2019-01-14,13:25,Fixed Deposit,UPI,1911.34,Credit,40179.4,Peer Transfer,UP,445,1,Education,16602.25,Success,POS_Terminal,Verified,0,13
TXN000004044,CUST038760,2019-01-14,23:38,Savings,Net_Banking,11208.84,Debit,48882.46,E-Commerce,Maharashtra,326,1,Home,19728.28,Success,Web,Verified,0,23
TXN000004045,CUST076068,2019-01-14,02:15,Current,IMPS,15860.19,Credit,182960.49,Investment,Telangana,317,0,No loan,0.0,Success,Mobile_App,Verified,0,2
TXN000004046,CUST025308,2019-01-14,09:25,Savings,Cheque,73933.44,Debit,127650.76,Healthcare,West Bengal,543,0,No loan,0.0,Success,ATM,Verified,0,9
TXN000004047,CUST011065,2019-01-14,13:57,Current,UPI,427.18,Credit,103520.36,Food & Dining,Tamil Nadu,709,0,No loan,0.0,Success,Mobile_App,Verified,0,13
TXN000004048,CUST076849,2019-01-14,17:32,NRI,UPI,384.54,Debit,189417.32,Education,Delhi,300,0,No loan,0.0,Success,Mobile_App,Verified,0,17
TXN000004049,CUST037549,2019-01-14,19:54,Savings,NEFT,2630.26,Debit,68585.76,Travel,Telangana,463,0,No loan,0.0,Success,Web,Verified,0,19
TXN000004050,CUST036946,2019-01-14,16:17,Savings,NEFT,147015.41,Credit,106018.6,Salary,Delhi,880,0,No loan,0.0,Success,Web,Verified,0,16
TXN000004051,CUST047938,2019-01-14,11:53,Salary,UPI,302.81,Credit,97666.8,Retail,Delhi,334,0,No loan,0.0,Success,ATM,Verified,0,11
TXN000004052,CUST006477,2019-01-14,22:37,Current,Cheque,31109.89,Debit,86404.09,Travel,Tamil Nadu,557,0,No loan,0.0,Reversed,Branch,Verified,0,22
TXN000004053,CUST051757,2019-01-14,14:16,Current,NEFT,18818.41,Debit,2233.44,Retail,Maharashtra,696,0,No loan,0.0,Success,Mobile_App,Verified,0,14
TXN000004054,CUST002383,2019-01-14,11:03,Current,RTGS,437469.56,Debit,126525.22,Utilities,Karnataka,447,1,Home,1539.26,Success,POS_Terminal,Verified,0,11
TXN000004055,CUST049684,2019-01-14,14:24,Savings,ATM_Withdrawal,1000.0,Debit,21280.98,Government,Tamil Nadu,834,0,No loan,0.0,Success,Mobile_App,Verified,0,14
TXN000004056,CUST045277,2019-01-14,14:22,Current,Net_Banking,27500.92,Debit,69493.84,Utilities,Telangana,891,0,No loan,0.0,Success,Mobile_App,Verified,0,14
TXN000004057,CUST033403,2019-01-14,07:42,Salary,IMPS,893.49,Credit,13055.0,Entertainment,Delhi,883,0,No loan,0.0,Success,Web,Verified,0,7
TXN000004058,CUST026947,2019-01-14,19:02,Current,UPI,138.76,Credit,92851.59,Food & Dining,West Bengal,814,0,No loan,0.0,Success,Mobile_App,Pending,0,19
TXN000004059,CUST079699,2019-01-14,19:29,Current,UPI,783.72,Credit,21366.2,Travel,West Bengal,808,0,No loan,0.0,Success,Mobile_App,Verified,0,19
TXN000004060,CUST073934,2019-01-14,19:57,Savings,NEFT,22566.32,Credit,50637.75,Investment,Telangana,629,1,Auto,10911.67,Success,Mobile_App,Verified,0,19
TXN000004061,CUST022336,2019-01-14,20:18,Current,IMPS,3252.7,Credit,55015.95,Government,Maharashtra,324,1,Home,3697.14,Success,ATM,Verified,0,20
TXN000004062,CUST045096,2019-01-14,20:20,Savings,NEFT,6514.67,Credit,374730.81,Retail,Maharashtra,672,0,No loan,0.0,Success,Mobile_App,Verified,0,20
TXN000004063,CUST079931,2019-01-14,18:42,Salary,POS,816.95,Debit,178741.21,Healthcare,Maharashtra,658,0,No loan,0.0,Success,Mobile_App,Verified,0,18
TXN000004064,CUST027198,2019-01-14,17:44,Current,POS,1824.64,Debit,54427.15,Salary,Karnataka,799,0,No loan,0.0,Success,Web,Verified,0,17
TXN000004065,CUST022011,2019-01-14,19:11,Salary,POS,2034.87,Debit,224447.53,Retail,Maharashtra,763,0,No loan,0.0,Success,Web,Verified,0,19
TXN000004066,CUST024124,2019-01-14,20:25,Savings,POS,479.6,Debit,2420.0,Education,Telangana,862,0,No loan,0.0,Success,POS_Terminal,Verified,0,20
TXN000004067,CUST002891,2019-01-14,22:29,Salary,ATM_Withdrawal,1000.0,Debit,296238.87,Healthcare,West Bengal,837,0,No loan,0.0,Success,ATM,Verified,0,22
TXN000004068,CUST008027,2019-01-14,23:06,NRI,IMPS,921.33,Debit,417997.05,Salary,Rajasthan,428,1,Personal,13319.05,Success,Mobile_App,Verified,0,23
TXN000004069,CUST064926,2019-01-14,14:58,NRI,ATM_Withdrawal,10000.0,Debit,157491.49,Utilities,West Bengal,502,1,Education,1707.53,Success,Mobile_App,Verified,0,14
TXN000004070,CUST068843,2019-01-14,05:04,Salary,POS,1585.56,Debit,127027.6,Peer Transfer,Delhi,680,0,No loan,0.0,Success,ATM,Verified,0,5
TXN000004071,CUST033666,2019-01-14,11:51,NRI,ATM_Withdrawal,1000.0,Debit,368588.8,Education,Maharashtra,746,0,No loan,0.0,Pending,Mobile_App,Verified,0,11
TXN000004072,CUST009278,2019-01-14,14:53,Savings,NEFT,60655.77,Credit,22420.52,Utilities,Gujarat,308,1,Education,3152.56,Success,Web,Verified,0,14
TXN000004073,CUST042240,2019-01-14,23:22,Savings,ATM_Withdrawal,2000.0,Debit,122070.44,Insurance,Tamil Nadu,461,0,No loan,0.0,Success,ATM,Verified,0,23
TXN000004074,CUST047665,2019-01-14,18:05,NRI,RTGS,235225.76,Credit,116417.87,Entertainment,Karnataka,687,1,Education,11178.72,Reversed,POS_Terminal,Verified,0,18
TXN000004075,CUST048009,2019-01-14,16:34,Fixed Deposit,UPI,226.23,Debit,4364.75,Entertainment,Telangana,886,0,No loan,0.0,Success,Mobile_App,Verified,0,16
TXN000004076,CUST014684,2019-01-14,22:58,Salary,ATM_Withdrawal,2000.0,Debit,29529.66,Government,Maharashtra,814,0,No loan,0.0,Pending,Mobile_App,Verified,0,22
TXN000004077,CUST000671,2019-01-14,06:03,Current,Auto_Debit,925.91,Debit,38724.38,Real Estate,Gujarat,354,1,Business,3151.39,Success,Mobile_App,Verified,0,6
TXN000004078,CUST017890,2019-01-14,17:46,Current,IMPS,322.96,Credit,49770.44,Retail,Delhi,587,1,Auto,4438.4,Success,Web,Verified,0,17
TXN000004079,CUST055613,2019-01-14,19:45,Current,UPI,552.29,Debit,145439.52,Healthcare,Karnataka,377,0,No loan,0.0,Success,Web,Verified,0,19
TXN000004080,CUST044536,2019-01-14,02:41,Fixed Deposit,UPI,1108.11,Debit,66228.85,Travel,Gujarat,474,0,No loan,0.0,Pending,Mobile_App,Verified,0,2
TXN000004081,CUST078543,2019-01-14,03:20,Salary,IMPS,939.68,Debit,86074.02,Investment,Maharashtra,482,0,No loan,0.0,Success,Mobile_App,Verified,0,3
TXN000004082,CUST054320,2019-01-14,23:48,Savings,NEFT,1535.6,Debit,17307.05,Salary,Rajasthan,545,0,No loan,0.0,Success,ATM,Pending,0,23
TXN000004083,CUST021640,2019-01-14,16:42,Salary,UPI,664.68,Credit,43027.96,Food & Dining,West Bengal,729,0,No loan,0.0,Success,Web,Verified,0,16
TXN000004084,CUST064713,2019-01-14,19:33,Current,POS,516.74,Debit,391739.53,Travel,Karnataka,308,1,Home,2565.85,Success,Mobile_App,Verified,0,19
TXN000004085,CUST016634,2019-01-14,08:52,Salary,UPI,649.18,Debit,92485.03,Peer Transfer,Telangana,444,0,No loan,0.0,Success,Mobile_App,Verified,0,8
TXN000004086,CUST034661,2019-01-14,07:47,NRI,ATM_Withdrawal,500.0,Debit,294132.8,Insurance,Maharashtra,650,1,Education,22250.12,Success,POS_Terminal,Verified,0,7
TXN000004087,CUST068976,2019-01-14,18:38,Salary,Auto_Debit,1814.66,Debit,16469.62,Government,Delhi,752,0,No loan,0.0,Success,Mobile_App,Verified,0,18
TXN000004088,CUST032173,2019-01-14,11:15,Savings,UPI,2224.13,Debit,53362.79,Education,West Bengal,545,1,Unknown,1949.48,Success,Mobile_App,Verified,0,11
TXN000004089,CUST059198,2019-01-14,18:20,Fixed Deposit,ATM_Withdrawal,1000.0,Debit,8762.89,Entertainment,Karnataka,781,0,No loan,0.0,Success,Web,Verified,0,18
TXN000004090,CUST058848,2019-01-14,07:13,Savings,POS,455.71,Debit,91511.1,Government,Tamil Nadu,685,0,No loan,0.0,Success,POS_Terminal,Verified,0,7
TXN000004091,CUST011578,2019-01-14,00:47,Savings,POS,559.04,Debit,128083.66,Peer Transfer,Tamil Nadu,677,1,Education,7636.35,Success,Mobile_App,Verified,0,0
TXN000004092,CUST077300,2019-01-14,07:00,Current,IMPS,1823.09,Credit,22146.83,Utilities,Karnataka,373,0,No loan,0.0,Success,ATM,Verified,0,7
TXN000004093,CUST020177,2019-01-14,14:00,Savings,UPI,639.96,Credit,104571.72,Insurance,Karnataka,714,0,No loan,0.0,Success,ATM,Verified,0,14
TXN000004094,CUST044387,2019-01-14,22:00,Current,NEFT,62021.91,Credit,8046.95,Real Estate,Rajasthan,871,1,Unknown,18894.76,Success,Mobile_App,Verified,0,22
TXN000004095,CUST063973,2019-01-14,21:47,Current,UPI,4091.17,Debit,66683.14,Peer Transfer,Delhi,785,1,Home,15984.75,Success,Mobile_App,Verified,0,21
TXN000004096,CUST041004,2019-01-14,10:09,Salary,IMPS,1620.06,Debit,48075.24,Fuel,Telangana,375,1,Personal,4676.49,Success,ATM,Verified,0,10
TXN000004097,CUST019997,2019-01-14,11:56,Current,NEFT,25751.72,Debit,9360.65,Food & Dining,Tamil Nadu,636,0,No loan,0.0,Success,Web,Verified,0,11
TXN000004098,CUST035932,2019-01-14,22:01,Savings,UPI,904.08,Credit,14197.05,E-Commerce,Tamil Nadu,455,0,No loan,0.0,Success,ATM,Verified,0,22
TXN000004099,CUST035711,2019-01-14,15:20,Salary,UPI,392.52,Credit,250002.56,Food & Dining,Gujarat,319,1,Home,6088.98,Success,Mobile_App,Verified,0,15
TXN000004100,CUST034694,2019-01-14,19:45,Current,Net_Banking,5052.84,Credit,6704.94,Salary,UP,556,0,No loan,0.0,Success,POS_Terminal,Verified,0,19
TXN000004101,CUST035741,2019-01-14,15:18,Salary,NEFT,52523.11,Credit,308256.23,Food & Dining,UP,585,1,Personal,6666.11,Success,ATM,Verified,0,15
TXN000004102,CUST077242,2019-01-14,02:23,Salary,Cheque,217830.14,Debit,105458.67,Peer Transfer,Delhi,804,0,No loan,0.0,Success,Web,Verified,0,2
TXN000004103,CUST076503,2019-01-14,05:08,Current,UPI,605.46,Debit,28131.27,Retail,West Bengal,502,0,No loan,0.0,Success,Mobile_App,Verified,0,5
TXN000004104,CUST017375,2019-01-14,01:06,Savings,UPI,646.7,Credit,2094.96,Salary,Maharashtra,787,1,Education,2886.31,Success,Web,Pending,0,1
TXN000004105,CUST076675,2019-01-14,07:38,Fixed Deposit,IMPS,507.45,Credit,64764.08,Food & Dining,Karnataka,362,1,Personal,3716.35,Success,Mobile_App,Verified,0,7
TXN000004106,CUST045914,2019-01-14,05:03,Current,IMPS,4124.25,Debit,169543.76,Retail,Delhi,806,0,No loan,0.0,Success,Mobile_App,Verified,0,5
TXN000004107,CUST066026,2019-01-14,09:29,Savings,UPI,683.21,Credit,23055.26,Salary,Rajasthan,404,1,Personal,12036.67,Success,API,Pending,0,9
TXN000004108,CUST044517,2019-01-14,12:11,Salary,UPI,1175.93,Debit,84718.19,Salary,Tamil Nadu,732,1,Personal,5580.46,Success,Branch,Expired,0,12
TXN000004109,CUST026070,2019-01-14,20:26,NRI,ATM_Withdrawal,1000.0,Debit,6275.92,Salary,Telangana,511,0,No loan,0.0,Success,Web,Verified,0,20
TXN000004110,CUST056234,2019-01-14,07:19,Current,ATM_Withdrawal,5000.0,Debit,15868.32,Retail,Tamil Nadu,670,0,No loan,0.0,Success,Mobile_App,Verified,0,7
TXN000004111,CUST059050,2019-01-14,09:05,Fixed Deposit,IMPS,2231.94,Credit,226914.38,E-Commerce,UP,618,1,Unknown,1941.86,Success,ATM,Verified,0,9
TXN000004112,CUST039179,2019-01-14,22:08,Salary,POS,709.98,Debit,23298.27,Travel,West Bengal,719,1,Auto,10471.3,Success,Mobile_App,Verified,0,22
TXN000004113,CUST032822,2019-01-14,23:17,NRI,ATM_Withdrawal,5000.0,Debit,31944.17,Food & Dining,Telangana,723,0,No loan,0.0,Success,Mobile_App,Verified,0,23
TXN000004114,CUST051728,2019-01-14,18:26,Current,ATM_Withdrawal,1000.0,Debit,104035.97,Healthcare,Telangana,701,1,Home,5474.31,Success,Mobile_App,Verified,0,18
TXN000004115,CUST060936,2019-01-14,14:37,Current,NEFT,14774.83,Debit,7253.04,Retail,Karnataka,542,1,Unknown,3498.47,Success,Branch,Verified,0,14
TXN000004116,CUST017000,2019-01-14,19:29,Salary,UPI,2476.08,Credit,29260.0,Retail,Gujarat,352,0,No loan,0.0,Success,Web,Verified,0,19
TXN000004117,CUST062523,2019-01-14,04:46,NRI,NEFT,11806.26,Debit,174759.35,Healthcare,Gujarat,332,1,Auto,10955.31,Success,POS_Terminal,Pending,0,4
TXN000004118,CUST038713,2019-01-14,09:00,Savings,NEFT,4192.22,Credit,19152.91,Retail,Maharashtra,440,0,No loan,0.0,Success,Mobile_App,Verified,0,9
TXN000004119,CUST064552,2019-01-14,18:30,Salary,ATM_Withdrawal,1000.0,Debit,48085.89,Salary,Delhi,564,0,No loan,0.0,Success,Mobile_App,Pending,0,18
TXN000004120,CUST040173,2019-01-14,11:19,Current,ATM_Withdrawal,2000.0,Debit,109121.96,Investment,Delhi,889,0,No loan,0.0,Failed,Mobile_App,Verified,0,11
TXN000004121,CUST033723,2019-01-14,04:24,Current,UPI,1353.17,Debit,430846.12,Travel,UP,899,0,No loan,0.0,Success,ATM,Verified,0,4
TXN000004122,CUST010626,2019-01-14,06:49,Fixed Deposit,Net_Banking,8879.07,Credit,76068.49,Salary,Karnataka,365,1,Unknown,1925.66,Success,Mobile_App,Verified,0,6
TXN000004123,CUST067166,2019-01-14,01:12,Savings,UPI,823.09,Debit,15881.26,Retail,Karnataka,377,1,Home,8349.0,Success,ATM,Verified,0,1
TXN000004124,CUST076510,2019-01-14,14:36,Current,Auto_Debit,3630.04,Debit,39616.48,Travel,Maharashtra,501,1,Personal,1550.07,Success,Mobile_App,Pending,0,14
TXN000004125,CUST006860,2019-01-14,23:38,Savings,Cheque,37834.89,Credit,7909.38,Retail,UP,884,0,No loan,0.0,Success,Mobile_App,Verified,0,23
TXN000004126,CUST041610,2019-01-14,10:08,Salary,UPI,57.85,Credit,53526.32,E-Commerce,Telangana,705,1,Unknown,1521.99,Success,ATM,Verified,0,10
TXN000004127,CUST043308,2019-01-14,13:25,Salary,UPI,1042.47,Debit,38546.76,Salary,Tamil Nadu,753,1,Education,5142.96,Success,Web,Verified,0,13
TXN000004128,CUST021840,2019-01-14,08:42,Salary,Net_Banking,14457.33,Credit,49163.36,E-Commerce,Telangana,425,0,No loan,0.0,Success,Mobile_App,Verified,0,8
TXN000004129,CUST027217,2019-01-14,02:55,Savings,POS,1695.28,Debit,22977.27,Education,West Bengal,395,0,No loan,0.0,Success,Web,Verified,0,2
TXN000004130,CUST052954,2019-01-14,15:17,Savings,NEFT,3842.85,Credit,45903.28,E-Commerce,Gujarat,845,1,Personal,7045.24,Success,Mobile_App,Verified,0,15
TXN000004131,CUST060594,2019-01-14,06:49,Salary,POS,193.05,Debit,19007.46,Fuel,Tamil Nadu,334,1,Business,3742.34,Success,Mobile_App,Verified,0,6
TXN000004132,CUST072076,2019-01-14,21:35,Savings,Credit_Card,1208.6,Debit,43050.65,Real Estate,Delhi,311,1,Auto,6100.0,Failed,Web,Verified,0,21
TXN000004133,CUST049523,2019-01-14,18:27,Salary,Cheque,105543.74,Debit,126103.37,Education,West Bengal,776,0,No loan,0.0,Success,Branch,Verified,0,18
TXN000004134,CUST004887,2019-01-14,18:53,Salary,UPI,2634.84,Debit,34164.8,Food & Dining,Karnataka,367,0,No loan,0.0,Success,API,Verified,0,18
TXN000004135,CUST007486,2019-01-14,11:15,Savings,UPI,1159.1,Debit,1272.82,Retail,Gujarat,435,1,Business,3530.59,Success,ATM,Verified,0,11
TXN000004136,CUST031456,2019-01-14,13:37,Salary,IMPS,4775.4,Debit,9745.81,Investment,Delhi,495,1,Business,1832.12,Failed,Mobile_App,Verified,0,13
TXN000004137,CUST016768,2019-01-14,10:45,Current,ATM_Withdrawal,5000.0,Debit,119005.64,Utilities,Rajasthan,783,0,No loan,0.0,Reversed,Mobile_App,Verified,0,10
TXN000004138,CUST028454,2019-01-14,19:00,Savings,ATM_Withdrawal,2000.0,Debit,18412.28,Travel,Delhi,359,1,Business,2696.76,Success,Mobile_App,Verified,0,19
TXN000004139,CUST076281,2019-01-14,02:34,Salary,NEFT,12118.49,Credit,20210.19,Retail,Tamil Nadu,672,1,Personal,4625.03,Success,ATM,Verified,0,2
TXN000004140,CUST053443,2019-01-14,15:36,Savings,NEFT,4035.68,Credit,12026.14,Healthcare,Karnataka,701,1,Auto,6780.96,Success,Web,Verified,0,15
TXN000004141,CUST051878,2019-01-14,12:54,Savings,IMPS,6638.92,Debit,75345.17,Entertainment,Punjab,556,0,No loan,0.0,Success,ATM,Verified,0,12
TXN000004142,CUST012227,2019-01-14,21:53,Salary,UPI,281.74,Credit,31845.74,Retail,Maharashtra,637,0,No loan,0.0,Success,Mobile_App,Verified,0,21
TXN000004143,CUST022589,2019-01-14,04:32,NRI,Credit_Card,43998.98,Debit,876.11,Insurance,Karnataka,741,0,No loan,0.0,Success,Web,Verified,0,4
TXN000004144,CUST078977,2019-01-14,03:09,Salary,UPI,1133.54,Debit,21500.08,Peer Transfer,Gujarat,614,0,No loan,0.0,Success,Web,Verified,0,3
TXN000004145,CUST031710,2019-01-14,19:21,Current,ATM_Withdrawal,2000.0,Debit,10456.18,Entertainment,Gujarat,877,1,Auto,6279.96,Success,Branch,Verified,0,19
TXN000004146,CUST047789,2019-01-14,11:40,Current,UPI,500.66,Debit,46884.35,Entertainment,Maharashtra,391,0,No loan,0.0,Success,Mobile_App,Verified,0,11
TXN000004147,CUST037020,2019-01-14,22:28,Savings,ATM_Withdrawal,1000.0,Debit,82843.61,Government,Karnataka,543,0,No loan,0.0,Success,POS_Terminal,Verified,0,22
TXN000004148,CUST044949,2019-01-14,16:30,Salary,Net_Banking,59647.45,Credit,20757.31,Healthcare,Gujarat,881,0,No loan,0.0,Success,Mobile_App,Verified,0,16
TXN000004149,CUST065134,2019-01-14,05:52,Savings,UPI,720.38,Credit,89832.97,Healthcare,Gujarat,764,0,No loan,0.0,Success,POS_Terminal,Verified,0,5
TXN000004150,CUST066459,2019-01-14,19:36,Current,NEFT,17030.07,Debit,35757.01,Salary,Maharashtra,826,1,Personal,16938.48,Success,Branch,Verified,0,19
TXN000004151,CUST027527,2019-01-14,09:17,Current,POS,5531.35,Debit,25927.41,Entertainment,Tamil Nadu,576,1,Personal,713.06,Success,Mobile_App,Verified,0,9
TXN000004152,CUST073494,2019-01-14,03:27,Current,NEFT,105839.83,Credit,123273.95,E-Commerce,Delhi,704,0,No loan,0.0,Success,API,Verified,0,3
TXN000004153,CUST052199,2019-01-14,14:33,NRI,UPI,1217.84,Debit,668796.98,Food & Dining,Karnataka,408,0,No loan,0.0,Success,Web,Verified,0,14
TXN000004154,CUST043396,2019-01-14,14:41,Current,NEFT,17049.87,Credit,26170.5,Healthcare,UP,637,0,No loan,0.0,Success,Mobile_App,Pending,0,14
TXN000004155,CUST024032,2019-01-14,20:00,NRI,Net_Banking,151290.96,Debit,80354.38,E-Commerce,Maharashtra,687,0,No loan,0.0,Success,POS_Terminal,Expired,0,20
TXN000004156,CUST075543,2019-01-14,11:25,Fixed Deposit,Credit_Card,7885.63,Debit,77648.72,Food & Dining,Gujarat,701,1,Personal,2235.8,Reversed,Web,Verified,0,11
TXN000004157,CUST037702,2019-01-14,08:25,Savings,RTGS,218972.66,Debit,203084.75,Retail,Karnataka,388,0,No loan,0.0,Success,Web,Verified,0,8
TXN000004158,CUST025940,2019-01-14,11:40,Savings,POS,2565.15,Debit,32110.99,Travel,Gujarat,581,0,No loan,0.0,Success,Mobile_App,Verified,0,11
TXN000004159,CUST049146,2019-01-14,13:01,Current,UPI,217.13,Credit,38225.8,E-Commerce,Gujarat,502,0,No loan,0.0,Success,Mobile_App,Verified,0,13
TXN000004160,CUST020325,2019-01-14,06:06,Salary,UPI,94.0,Debit,20925.22,Education,Karnataka,814,1,Unknown,14863.91,Success,Web,Verified,0,6
TXN000004161,CUST022868,2019-01-14,09:19,Salary,UPI,221.57,Credit,151087.14,Food & Dining,West Bengal,404,0,No loan,0.0,Success,ATM,Verified,0,9
TXN000004162,CUST000204,2019-01-14,04:36,Current,NEFT,4341.42,Credit,122669.98,Government,Delhi,360,0,No loan,0.0,Success,ATM,Verified,0,4
TXN000004163,CUST016545,2019-01-14,15:52,Savings,IMPS,7461.93,Credit,62804.82,Salary,Gujarat,347,0,No loan,0.0,Success,Web,Verified,0,15
TXN000004164,CUST015900,2019-01-14,15:48,Salary,ATM_Withdrawal,3000.0,Debit,37768.75,Food & Dining,Rajasthan,874,0,No loan,0.0,Success,ATM,Verified,0,15
TXN000004165,CUST029064,2019-01-14,02:24,Fixed Deposit,Credit_Card,10485.33,Debit,1705.91,Travel,Punjab,847,1,Auto,4718.69,Success,ATM,Verified,0,2
TXN000004166,CUST003749,2019-01-14,02:37,Current,UPI,1990.04,Credit,6189.66,Insurance,Karnataka,843,0,No loan,0.0,Success,POS_Terminal,Verified,0,2
TXN000004167,CUST066630,2019-01-14,19:53,Salary,ATM_Withdrawal,2000.0,Debit,294804.1,Salary,Telangana,316,1,Personal,4647.19,Success,Mobile_App,Verified,0,19
TXN000004168,CUST020885,2019-01-14,03:41,Savings,POS,861.94,Debit,230983.57,Utilities,Karnataka,562,0,No loan,0.0,Failed,ATM,Verified,0,3
TXN000004169,CUST025184,2019-01-14,20:32,Savings,UPI,3666.54,Debit,7676.75,Travel,Telangana,534,0,No loan,0.0,Success,Web,Pending,0,20
TXN000004170,CUST071247,2019-01-14,03:54,Savings,UPI,6996.64,Debit,42519.8,Retail,Maharashtra,529,1,Home,1921.36,Success,Mobile_App,Expired,0,3
TXN000004171,CUST019260,2019-01-14,21:12,Fixed Deposit,UPI,6997.03,Debit,14635.86,E-Commerce,West Bengal,486,0,No loan,0.0,Success,API,Verified,0,21
TXN000004172,CUST035960,2019-01-14,21:46,Current,ATM_Withdrawal,500.0,Debit,70772.88,Education,UP,800,0,No loan,0.0,Success,Mobile_App,Verified,0,21
TXN000004173,CUST033458,2019-01-14,18:17,Savings,IMPS,911.66,Debit,286867.08,Insurance,Karnataka,693,0,No loan,0.0,Success,Web,Verified,0,18
TXN000004174,CUST002104,2019-01-14,22:19,Savings,Cheque,13383.15,Credit,184849.3,Real Estate,West Bengal,476,0,No loan,0.0,Success,Mobile_App,Pending,0,22
TXN000004175,CUST065902,2019-01-14,02:25,Salary,Cheque,12732.86,Debit,23427.98,Real Estate,Rajasthan,582,1,Business,3002.35,Success,Mobile_App,Verified,0,2
TXN000004176,CUST044536,2019-01-14,14:06,Savings,POS,2788.32,Debit,141102.0,Utilities,Telangana,337,0,No loan,0.0,Success,POS_Terminal,Verified,0,14
TXN000004177,CUST016104,2019-01-14,16:04,Current,ATM_Withdrawal,1000.0,Debit,16195.58,Government,Karnataka,727,0,No loan,0.0,Success,ATM,Verified,0,16
TXN000004178,CUST078279,2019-01-14,01:11,Savings,UPI,480.47,Debit,16174.26,Retail,Karnataka,439,0,No loan,0.0,Success,Mobile_App,Verified,0,1
TXN000004179,CUST012392,2019-01-14,01:14,Current,RTGS,70707.13,Debit,7920.18,Food & Dining,Rajasthan,605,1,Personal,8501.43,Success,API,Verified,0,1
TXN000004180,CUST028902,2019-01-14,18:04,Salary,IMPS,5587.69,Credit,83658.14,Retail,Tamil Nadu,349,1,Business,11885.58,Success,Web,Verified,0,18
TXN000004181,CUST067915,2019-01-14,02:52,Savings,UPI,178.73,Debit,45328.95,Retail,Tamil Nadu,643,0,No loan,0.0,Success,Mobile_App,Verified,0,2
TXN000004182,CUST050358,2019-01-14,22:07,Fixed Deposit,POS,1032.02,Debit,20782.82,Travel,Karnataka,307,0,No loan,0.0,Success,Mobile_App,Pending,0,22
TXN000004183,CUST038438,2019-01-14,21:31,Fixed Deposit,Auto_Debit,9576.37,Debit,1053240.65,Travel,Maharashtra,472,0,No loan,0.0,Success,Mobile_App,Verified,0,21
TXN000004184,CUST035504,2019-01-14,21:24,Current,POS,313.87,Debit,906319.23,Retail,Delhi,508,0,No loan,0.0,Success,Web,Verified,0,21
TXN000004185,CUST075404,2019-01-14,12:14,Savings,Auto_Debit,683.76,Debit,3674.03,Investment,Tamil Nadu,613,0,No loan,0.0,Success,Branch,Verified,0,12
TXN000004186,CUST041259,2019-01-14,10:56,Savings,ATM_Withdrawal,1000.0,Debit,3804.01,Investment,Telangana,471,0,No loan,0.0,Success,Web,Verified,0,10
TXN000004187,CUST033725,2019-01-14,12:08,Fixed Deposit,ATM_Withdrawal,2000.0,Debit,83907.12,Travel,UP,610,0,No loan,0.0,Pending,Branch,Verified,0,12
TXN000004188,CUST064287,2019-01-14,22:37,Current,Auto_Debit,644.37,Debit,273133.27,E-Commerce,Rajasthan,419,1,Auto,1347.03,Reversed,Mobile_App,Verified,0,22
TXN000004189,CUST074843,2019-01-14,01:04,Savings,ATM_Withdrawal,1000.0,Debit,20821.06,Utilities,UP,515,1,Education,10689.13,Success,Web,Verified,0,1
TXN000004190,CUST014909,2019-01-14,22:21,Savings,NEFT,80115.1,Credit,40380.07,Peer Transfer,Tamil Nadu,844,1,Auto,1832.44,Success,Branch,Verified,0,22
TXN000004191,CUST050627,2019-01-14,22:25,Savings,RTGS,487927.73,Debit,11142.83,E-Commerce,Maharashtra,808,0,No loan,0.0,Success,POS_Terminal,Verified,0,22
TXN000004192,CUST037229,2019-01-14,15:09,Fixed Deposit,UPI,74.45,Debit,6163.39,Insurance,Maharashtra,523,0,No loan,0.0,Success,POS_Terminal,Verified,0,15
TXN000004193,CUST023387,2019-01-14,01:38,Current,NEFT,9029.05,Credit,15229.22,Retail,Delhi,508,0,No loan,0.0,Success,Web,Expired,0,1
TXN000004194,CUST046755,2019-01-14,22:28,Current,UPI,1321.28,Debit,105871.72,E-Commerce,Punjab,500,0,No loan,0.0,Success,POS_Terminal,Verified,0,22
TXN000004195,CUST028303,2019-01-14,19:58,Savings,ATM_Withdrawal,3000.0,Debit,60631.82,Insurance,Maharashtra,857,0,No loan,0.0,Success,ATM,Verified,0,19
TXN000004196,CUST060816,2019-01-14,12:49,NRI,POS,76.24,Debit,58529.25,Entertainment,West Bengal,549,0,No loan,0.0,Success,Mobile_App,Pending,0,12
TXN000004197,CUST063345,2019-01-14,04:27,Fixed Deposit,Net_Banking,18194.2,Credit,3561.51,Education,Tamil Nadu,703,1,Home,2912.59,Success,Mobile_App,Pending,0,4
TXN000004198,CUST035619,2019-01-14,09:34,Savings,UPI,12030.35,Debit,14005.04,Food & Dining,Tamil Nadu,801,1,Education,5105.28,Success,Branch,Verified,0,9
TXN000004199,CUST076235,2019-01-14,05:31,Savings,IMPS,667.35,Debit,47084.12,Retail,Maharashtra,570,0,No loan,0.0,Success,Mobile_App,Pending,0,5
TXN000004200,CUST061115,2019-01-14,12:08,Salary,UPI,265.54,Debit,45055.63,Peer Transfer,Maharashtra,716,0,No loan,0.0,Success,Branch,Verified,0,12
TXN000004201,CUST070131,2019-01-14,02:52,Salary,Net_Banking,1117.46,Debit,17221.78,Real Estate,Gujarat,425,0,No loan,0.0,Success,Web,Verified,0,2
TXN000004202,CUST025526,2019-01-14,18:03,NRI,UPI,1768.56,Debit,37531.32,Investment,Gujarat,642,0,No loan,0.0,Success,POS_Terminal,Verified,0,18
TXN000004203,CUST079819,2019-01-14,00:31,Salary,ATM_Withdrawal,2000.0,Debit,28997.97,Utilities,Rajasthan,640,0,No loan,0.0,Success,POS_Terminal,Verified,0,0
TXN000004204,CUST014335,2019-01-14,04:56,Savings,RTGS,188200.65,Credit,285149.89,Salary,Rajasthan,534,0,No loan,0.0,Success,POS_Terminal,Verified,0,4
TXN000004205,CUST062768,2019-01-14,10:35,Current,NEFT,24518.74,Credit,56100.41,Retail,Karnataka,660,1,Home,7258.41,Success,POS_Terminal,Verified,0,10
TXN000004206,CUST006645,2019-01-14,20:14,Current,Auto_Debit,3158.76,Debit,13187.26,Entertainment,Maharashtra,570,0,No loan,0.0,Failed,ATM,Verified,0,20
TXN000004207,CUST032934,2019-01-14,02:38,Savings,Net_Banking,34935.41,Debit,5057.37,Investment,Telangana,865,1,Business,5119.57,Success,Mobile_App,Verified,0,2
TXN000004208,CUST043470,2019-01-14,16:18,Salary,POS,1250.39,Debit,1626.03,Retail,Tamil Nadu,793,1,Business,2433.9,Success,Mobile_App,Verified,0,16
TXN000004209,CUST033688,2019-01-14,00:12,Current,UPI,1153.98,Debit,324164.08,Retail,Delhi,331,0,No loan,0.0,Success,Mobile_App,Verified,0,0
TXN000004210,CUST052657,2019-01-14,02:45,Salary,POS,936.99,Debit,34148.98,E-Commerce,Delhi,371,0,No loan,0.0,Success,Mobile_App,Verified,0,2
TXN000004211,CUST017376,2019-01-14,10:57,Current,POS,4923.47,Debit,31026.93,Food & Dining,Gujarat,586,1,Personal,12636.85,Success,API,Verified,0,10
TXN000004212,CUST065207,2019-01-14,17:33,Savings,Cheque,15308.64,Debit,318235.02,Education,Maharashtra,394,0,No loan,0.0,Success,POS_Terminal,Pending,0,17
TXN000004213,CUST036608,2019-01-14,19:09,Salary,POS,451.84,Debit,8527.17,Education,Tamil Nadu,512,0,No loan,0.0,Failed,API,Verified,0,19
TXN000004214,CUST023994,2019-01-14,14:22,Current,Auto_Debit,2111.07,Debit,2099.06,Peer Transfer,Gujarat,740,0,No loan,0.0,Reversed,API,Verified,0,14
TXN000004215,CUST044387,2019-01-14,08:15,Current,Auto_Debit,426.32,Debit,15127.49,Travel,Tamil Nadu,701,0,No loan,0.0,Success,Web,Verified,0,8
TXN000004216,CUST046288,2019-01-14,14:31,Salary,NEFT,46547.0,Credit,4813.09,Retail,Punjab,712,0,No loan,0.0,Success,Web,Verified,0,14
TXN000004217,CUST076313,2019-01-14,21:00,Current,IMPS,1648.43,Debit,120845.16,Real Estate,Karnataka,883,0,No loan,0.0,Success,Web,Verified,0,21
TXN000004218,CUST075325,2019-01-14,09:11,Salary,POS,782.87,Debit,362439.43,Insurance,Gujarat,341,1,Home,16151.57,Success,Web,Verified,0,9
TXN000004219,CUST071197,2019-01-14,22:10,Savings,IMPS,4058.02,Debit,98623.22,Healthcare,Rajasthan,677,1,Unknown,3785.7,Success,Web,Expired,0,22
TXN000004220,CUST070015,2019-01-14,23:10,Savings,UPI,718.92,Debit,22887.57,Retail,Delhi,554,0,No loan,0.0,Success,Web,Verified,0,23
TXN000004221,CUST008211,2019-01-14,14:44,Salary,ATM_Withdrawal,500.0,Debit,91795.08,Peer Transfer,Gujarat,480,0,No loan,0.0,Success,Web,Verified,0,14
TXN000004222,CUST010923,2019-01-14,14:28,Savings,UPI,386.18,Debit,237616.35,Real Estate,Maharashtra,353,0,No loan,0.0,Success,POS_Terminal,Verified,0,14
TXN000004223,CUST036290,2019-01-14,01:55,Savings,IMPS,9231.33,Debit,109450.31,Peer Transfer,Tamil Nadu,683,1,Home,7729.45,Failed,Branch,Verified,0,1
TXN000004224,CUST033341,2019-01-14,10:34,Salary,Net_Banking,63212.43,Credit,13073.98,Retail,Tamil Nadu,689,1,Education,2868.27,Success,Mobile_App,Pending,0,10
TXN000004225,CUST039851,2019-01-14,06:49,Savings,NEFT,2733.19,Credit,4608.02,Investment,Delhi,524,1,Personal,3219.52,Success,Web,Verified,0,6
TXN000004226,CUST056985,2019-01-14,00:01,Fixed Deposit,UPI,267.67,Debit,19432.6,Investment,Maharashtra,371,0,No loan,0.0,Success,POS_Terminal,Verified,0,0
TXN000004227,CUST011095,2019-01-14,23:55,NRI,POS,1092.81,Debit,111287.52,Salary,Delhi,350,0,No loan,0.0,Success,Mobile_App,Verified,0,23
TXN000004228,CUST033419,2019-01-14,06:26,Current,Net_Banking,3115.84,Debit,369575.88,Salary,Tamil Nadu,432,0,No loan,0.0,Success,API,Verified,0,6
TXN000004229,CUST005742,2019-01-14,21:23,Current,Cheque,24544.27,Debit,34256.73,Investment,Tamil Nadu,664,0,No loan,0.0,Failed,Web,Verified,0,21
TXN000004230,CUST072375,2019-01-14,22:02,Savings,POS,1014.91,Debit,77739.71,Utilities,Punjab,325,0,No loan,0.0,Success,POS_Terminal,Verified,0,22
TXN000004231,CUST068799,2019-01-14,07:04,Current,UPI,45.07,Credit,49416.79,E-Commerce,Rajasthan,646,0,No loan,0.0,Success,ATM,Verified,0,7
TXN000004232,CUST070533,2019-01-14,02:14,NRI,Cheque,1534.8,Debit,43886.1,Entertainment,Punjab,456,1,Personal,14425.62,Success,Mobile_App,Verified,0,2
TXN000004233,CUST022165,2019-01-14,14:49,Fixed Deposit,POS,577.21,Debit,64755.07,Investment,West Bengal,632,0,No loan,0.0,Success,POS_Terminal,Expired,0,14
TXN000004234,CUST035596,2019-01-14,13:02,Savings,ATM_Withdrawal,2000.0,Debit,83554.02,Government,Rajasthan,834,1,Home,3399.53,Success,ATM,Verified,0,13
TXN000004235,CUST030258,2019-01-14,02:40,NRI,UPI,687.96,Credit,16573.59,Retail,Maharashtra,315,0,No loan,0.0,Success,POS_Terminal,Verified,0,2
TXN000004236,CUST014212,2019-01-14,15:28,Current,NEFT,621.34,Debit,175057.07,Fuel,Tamil Nadu,531,1,Business,4809.96,Success,POS_Terminal,Verified,0,15
TXN000004237,CUST005233,2019-01-14,22:47,Salary,RTGS,104096.45,Credit,3165.48,Travel,Telangana,896,0,No loan,0.0,Success,Mobile_App,Pending,0,22
TXN000004238,CUST067754,2019-01-14,05:07,Savings,Cheque,170702.54,Debit,37488.52,Investment,Gujarat,482,0,No loan,0.0,Success,Mobile_App,Verified,0,5
TXN000004239,CUST052692,2019-01-14,05:09,Current,IMPS,2650.8,Credit,224981.75,Retail,Tamil Nadu,304,0,No loan,0.0,Success,POS_Terminal,Verified,0,5
TXN000004240,CUST079769,2019-01-14,15:50,Salary,Cheque,59570.9,Debit,83722.64,Investment,Maharashtra,607,1,Education,3281.43,Success,Branch,Pending,0,15
TXN000004241,CUST025614,2019-01-14,04:41,Current,NEFT,11229.01,Debit,38799.15,Peer Transfer,Punjab,381,0,No loan,0.0,Success,Mobile_App,Verified,0,4
TXN000004242,CUST014027,2019-01-14,20:41,Savings,UPI,198.04,Credit,44775.11,Entertainment,Tamil Nadu,606,0,No loan,0.0,Success,Mobile_App,Verified,0,20
TXN000004243,CUST053536,2019-01-14,14:26,Salary,Credit_Card,4443.53,Debit,80075.81,E-Commerce,UP,429,0,No loan,0.0,Success,Branch,Verified,0,14
TXN000004244,CUST030909,2019-01-14,21:26,Salary,UPI,361.78,Credit,13242.48,Food & Dining,Maharashtra,632,0,No loan,0.0,Success,Mobile_App,Verified,0,21
TXN000004245,CUST052114,2019-01-14,10:02,Savings,POS,1033.33,Debit,29479.8,Peer Transfer,UP,654,1,Education,980.72,Success,Branch,Pending,0,10
TXN000004246,CUST019611,2019-01-14,20:33,Salary,UPI,38.27,Debit,164019.23,Peer Transfer,Maharashtra,879,0,No loan,0.0,Success,Mobile_App,Verified,0,20
TXN000004247,CUST046647,2019-01-14,15:49,Salary,UPI,1342.64,Debit,433455.62,Retail,Delhi,819,0,No loan,0.0,Success,Mobile_App,Verified,0,15
TXN000004248,CUST063186,2019-01-14,20:49,Salary,UPI,1148.22,Credit,23320.02,Travel,Delhi,405,1,Personal,1545.87,Success,Web,Verified,0,20
TXN000004249,CUST072568,2019-01-14,12:06,Salary,POS,2083.62,Debit,41045.16,Peer Transfer,Tamil Nadu,768,0,No loan,0.0,Success,ATM,Verified,0,12
TXN000004250,CUST047575,2019-01-14,17:08,Savings,IMPS,333.46,Credit,102731.1,E-Commerce,Rajasthan,646,1,Auto,3729.96,Failed,Mobile_App,Verified,0,17
TXN000004251,CUST036183,2019-01-14,09:18,Savings,ATM_Withdrawal,1000.0,Debit,39565.4,Healthcare,Delhi,322,1,Home,8921.4,Success,Web,Verified,0,9
TXN000004252,CUST000571,2019-01-14,08:48,Salary,NEFT,33831.46,Debit,60464.09,E-Commerce,Maharashtra,410,0,No loan,0.0,Pending,Mobile_App,Expired,0,8
TXN000004253,CUST019289,2019-01-14,14:08,Current,UPI,315.91,Credit,19876.08,E-Commerce,Karnataka,561,0,No loan,0.0,Success,Web,Verified,0,14
TXN000004254,CUST078825,2019-01-14,22:09,Savings,UPI,192.6,Debit,176276.86,Insurance,Karnataka,681,0,No loan,0.0,Success,Web,Verified,0,22
TXN000004255,CUST029878,2019-01-14,07:31,Salary,POS,499.32,Debit,31696.11,E-Commerce,Rajasthan,321,0,No loan,0.0,Success,ATM,Verified,0,7
TXN000004256,CUST000918,2019-01-14,00:23,Fixed Deposit,UPI,81.22,Debit,266468.83,Salary,West Bengal,340,0,No loan,0.0,Success,API,Verified,0,0
TXN000004257,CUST075603,2019-01-14,22:37,Savings,Credit_Card,5865.46,Debit,541685.76,Government,Gujarat,765,0,No loan,0.0,Success,POS_Terminal,Verified,0,22
TXN000004258,CUST064576,2019-01-14,05:18,Current,Net_Banking,6097.61,Credit,7171.3,Utilities,Gujarat,539,0,No loan,0.0,Success,Mobile_App,Verified,0,5
TXN000004259,CUST072519,2019-01-14,19:13,Current,UPI,589.59,Debit,10148.9,Real Estate,Maharashtra,394,1,Personal,2652.2,Success,ATM,Verified,0,19
TXN000004260,CUST039105,2019-01-14,13:58,Current,Auto_Debit,1420.82,Debit,42470.93,Food & Dining,UP,693,0,No loan,0.0,Success,Branch,Verified,0,13
TXN000004261,CUST018063,2019-01-14,16:03,Savings,ATM_Withdrawal,1000.0,Debit,101667.83,Utilities,Maharashtra,540,1,Unknown,11991.27,Success,ATM,Verified,0,16
TXN000004262,CUST017000,2019-01-14,02:38,Salary,POS,219.64,Debit,134997.26,Retail,Tamil Nadu,444,0,No loan,0.0,Success,Mobile_App,Verified,0,2
TXN000004263,CUST061846,2019-01-14,00:14,Current,UPI,49.7,Credit,33041.51,Real Estate,Maharashtra,762,0,No loan,0.0,Success,Mobile_App,Pending,0,0
TXN000004264,CUST009942,2019-01-14,01:03,Savings,NEFT,822.08,Credit,26371.07,Government,Delhi,741,1,Home,2202.77,Success,Branch,Verified,0,1
TXN000004265,CUST061170,2019-01-14,08:31,Salary,UPI,940.95,Debit,63051.17,Insurance,West Bengal,534,1,Home,3894.51,Pending,Web,Verified,0,8
TXN000004266,CUST023471,2019-01-14,20:27,Current,Cheque,17733.27,Debit,129100.62,Government,West Bengal,888,1,Unknown,4785.25,Success,POS_Terminal,Verified,0,20
TXN000004267,CUST059822,2019-01-14,05:10,Fixed Deposit,Auto_Debit,2551.9,Debit,71475.48,Fuel,Delhi,488,1,Home,4117.97,Success,ATM,Verified,0,5
TXN000004268,CUST044436,2019-01-14,23:00,Salary,IMPS,6313.4,Credit,42278.9,Food & Dining,Gujarat,892,0,No loan,0.0,Success,Mobile_App,Verified,0,23
TXN000004269,CUST004530,2019-01-14,19:14,Fixed Deposit,NEFT,93175.02,Credit,213022.87,Retail,West Bengal,769,0,No loan,0.0,Reversed,ATM,Expired,0,19
TXN000004270,CUST012193,2019-01-14,19:16,Current,ATM_Withdrawal,500.0,Debit,23289.75,Utilities,Maharashtra,732,0,No loan,0.0,Success,Mobile_App,Verified,0,19
TXN000004271,CUST074103,2019-01-14,16:30,Fixed Deposit,UPI,959.8,Credit,69220.52,Insurance,Rajasthan,706,1,Personal,1927.81,Reversed,ATM,Verified,0,16
TXN000004272,CUST072763,2019-01-14,23:11,Savings,NEFT,30793.41,Debit,46390.4,Salary,Gujarat,487,0,No loan,0.0,Success,Mobile_App,Expired,0,23
TXN000004273,CUST034088,2019-01-14,04:12,Savings,IMPS,468.52,Debit,74449.04,Peer Transfer,Telangana,824,1,Personal,2424.41,Success,Web,Verified,0,4
TXN000004274,CUST066678,2019-01-14,03:04,Savings,POS,408.87,Debit,7972.32,Food & Dining,Punjab,762,0,No loan,0.0,Success,ATM,Verified,0,3
TXN000004275,CUST004628,2019-01-14,20:50,NRI,UPI,474.51,Credit,124727.82,Food & Dining,Karnataka,804,0,No loan,0.0,Success,Branch,Verified,0,20
TXN000004276,CUST056542,2019-01-14,00:22,Fixed Deposit,Auto_Debit,216.29,Debit,40016.98,Healthcare,Tamil Nadu,523,1,Business,4873.36,Pending,Web,Verified,0,0
TXN000004277,CUST068227,2019-01-14,04:59,NRI,IMPS,3737.66,Credit,147974.93,Retail,Karnataka,758,0,No loan,0.0,Success,Web,Verified,1,4
TXN000004278,CUST003256,2019-01-14,18:27,Current,Auto_Debit,2960.48,Debit,176517.81,Travel,Rajasthan,676,0,No loan,0.0,Success,API,Verified,0,18
TXN000004279,CUST057434,2019-01-14,07:43,Fixed Deposit,ATM_Withdrawal,5000.0,Debit,76711.51,Fuel,Tamil Nadu,683,0,No loan,0.0,Success,Branch,Verified,0,7
TXN000004280,CUST005214,2019-01-14,23:56,Salary,ATM_Withdrawal,2000.0,Debit,52640.09,Food & Dining,Karnataka,602,0,No loan,0.0,Failed,Web,Expired,0,23
TXN000004281,CUST019405,2019-01-14,07:04,Savings,UPI,419.32,Debit,29555.97,Healthcare,West Bengal,671,1,Gold,2800.82,Success,Web,Verified,0,7
TXN000004282,CUST025381,2019-01-14,16:37,Savings,Net_Banking,17799.37,Debit,57292.24,E-Commerce,West Bengal,784,0,No loan,0.0,Success,ATM,Verified,0,16
TXN000004283,CUST019174,2019-01-14,21:06,Salary,Auto_Debit,3395.0,Debit,11412.29,E-Commerce,Gujarat,599,0,No loan,0.0,Failed,API,Verified,0,21
TXN000004284,CUST053028,2019-01-14,18:57,Savings,POS,517.77,Debit,9338.8,Real Estate,Tamil Nadu,655,0,No loan,0.0,Success,ATM,Verified,0,18
TXN000004285,CUST023990,2019-01-14,05:41,Current,ATM_Withdrawal,1000.0,Debit,47333.43,Education,Rajasthan,335,1,Gold,6573.11,Success,Branch,Verified,0,5
TXN000004286,CUST024520,2019-01-14,18:33,Savings,RTGS,168608.81,Debit,90464.58,Government,Telangana,777,1,Home,10388.24,Success,Mobile_App,Verified,0,18
TXN000004287,CUST022440,2019-01-14,16:01,Savings,UPI,212.12,Debit,27075.4,E-Commerce,Telangana,758,1,Education,2358.86,Success,Mobile_App,Verified,0,16
TXN000004288,CUST076950,2019-01-14,07:50,Savings,UPI,56.58,Credit,31684.88,Healthcare,Karnataka,587,0,No loan,0.0,Success,Mobile_App,Verified,0,7
TXN000004289,CUST014996,2019-01-14,03:31,Savings,POS,696.85,Debit,9910.36,Retail,Delhi,607,0,No loan,0.0,Success,POS_Terminal,Verified,0,3
TXN000004290,CUST023560,2019-01-14,21:37,Current,NEFT,28990.65,Credit,53013.93,Government,Tamil Nadu,549,0,No loan,0.0,Success,Mobile_App,Verified,0,21
TXN000004291,CUST005022,2019-01-14,07:16,Fixed Deposit,IMPS,2466.68,Debit,143830.27,Travel,Maharashtra,643,0,No loan,0.0,Success,ATM,Verified,0,7
TXN000004292,CUST021120,2019-01-14,20:34,Salary,IMPS,27771.86,Debit,15597.5,Retail,UP,571,0,No loan,0.0,Success,Web,Verified,0,20
TXN000004293,CUST051540,2019-01-14,09:38,Savings,NEFT,66855.21,Credit,37591.61,E-Commerce,Delhi,322,0,No loan,0.0,Success,Mobile_App,Verified,0,9
TXN000004294,CUST039351,2019-01-14,10:01,Savings,NEFT,14933.53,Debit,149628.15,Education,Maharashtra,643,0,No loan,0.0,Success,Web,Verified,0,10
TXN000004295,CUST046224,2019-01-15,17:08,Savings,Cheque,67913.69,Debit,98727.71,Government,Karnataka,405,1,Auto,888.66,Success,Mobile_App,Verified,0,17
TXN000004296,CUST025518,2019-01-15,00:21,Current,Auto_Debit,2829.7,Debit,14858.35,Retail,Maharashtra,513,0,No loan,0.0,Success,Web,Verified,0,0
TXN000004297,CUST078654,2019-01-15,18:36,NRI,NEFT,13101.22,Debit,23091.49,Travel,Tamil Nadu,714,0,No loan,0.0,Success,API,Verified,0,18
TXN000004298,CUST022251,2019-01-15,04:34,Savings,UPI,2255.07,Debit,10988.38,Peer Transfer,Maharashtra,899,0,No loan,0.0,Success,Mobile_App,Verified,0,4
TXN000004299,CUST066799,2019-01-15,08:49,Current,IMPS,3996.11,Credit,5799.93,Fuel,Karnataka,775,0,No loan,0.0,Success,Web,Verified,0,8
TXN000004300,CUST054200,2019-01-15,01:32,Savings,UPI,2162.19,Debit,16235.43,Food & Dining,Maharashtra,330,0,No loan,0.0,Success,Web,Verified,0,1
TXN000004301,CUST059547,2019-01-15,04:45,Savings,NEFT,19283.26,Debit,75146.35,Salary,Maharashtra,814,1,Personal,11768.41,Success,API,Verified,0,4
TXN000004302,CUST003328,2019-01-15,00:20,Savings,UPI,46.52,Debit,22239.77,Entertainment,Karnataka,467,0,No loan,0.0,Success,Mobile_App,Verified,0,0
TXN000004303,CUST029769,2019-01-15,11:37,Savings,UPI,3388.23,Debit,15438.05,E-Commerce,UP,729,1,Business,9219.29,Success,Mobile_App,Verified,0,11
TXN000004304,CUST064419,2019-01-15,05:33,Salary,POS,116.47,Debit,113956.49,Peer Transfer,Telangana,530,1,Personal,1272.08,Success,Mobile_App,Verified,0,5
TXN000004305,CUST042789,2019-01-15,23:54,Savings,NEFT,56716.55,Credit,106759.59,Travel,Gujarat,586,0,No loan,0.0,Success,Web,Verified,0,23
TXN000004306,CUST046831,2019-01-15,07:46,Savings,ATM_Withdrawal,1000.0,Debit,450866.06,Retail,UP,428,0,No loan,0.0,Success,Web,Verified,0,7
TXN000004307,CUST052447,2019-01-15,01:45,Savings,UPI,287.78,Credit,22398.27,E-Commerce,Gujarat,884,0,No loan,0.0,Success,Mobile_App,Verified,0,1
TXN000004308,CUST015161,2019-01-15,09:38,Current,POS,244.08,Debit,13711.31,Food & Dining,West Bengal,748,1,Unknown,5223.5,Success,Web,Verified,0,9
TXN000004309,CUST056584,2019-01-15,08:25,Current,UPI,2999.39,Credit,9932.83,Peer Transfer,Gujarat,577,0,No loan,0.0,Success,POS_Terminal,Verified,0,8
TXN000004310,CUST033999,2019-01-15,23:32,Salary,NEFT,963.82,Credit,26436.94,Peer Transfer,UP,767,0,No loan,0.0,Success,API,Verified,0,23
TXN000004311,CUST027231,2019-01-15,07:24,Fixed Deposit,UPI,5787.82,Credit,12505.1,E-Commerce,Telangana,683,0,No loan,0.0,Pending,Mobile_App,Verified,0,7
TXN000004312,CUST009077,2019-01-15,22:12,Savings,UPI,6003.49,Debit,96706.27,E-Commerce,Delhi,591,0,No loan,0.0,Success,Mobile_App,Verified,0,22
TXN000004313,CUST069342,2019-01-15,04:49,Savings,UPI,2771.72,Debit,8565.92,Travel,Gujarat,579,0,No loan,0.0,Success,Mobile_App,Verified,0,4
TXN000004314,CUST031086,2019-01-15,04:53,Savings,Net_Banking,1634.2,Debit,16156.18,E-Commerce,Gujarat,737,0,No loan,0.0,Success,POS_Terminal,Verified,0,4
TXN000004315,CUST055572,2019-01-15,15:06,Savings,RTGS,322040.95,Debit,8763.26,E-Commerce,Gujarat,806,1,Personal,2246.6,Success,API,Verified,0,15
TXN000004316,CUST014716,2019-01-15,12:34,Salary,UPI,2067.35,Debit,29198.09,Entertainment,Telangana,735,0,No loan,0.0,Failed,Web,Verified,0,12
TXN000004317,CUST005751,2019-01-15,18:18,Savings,UPI,1206.56,Credit,36302.67,E-Commerce,Karnataka,699,0,No loan,0.0,Success,Branch,Verified,0,18
TXN000004318,CUST078769,2019-01-15,06:56,Current,ATM_Withdrawal,10000.0,Debit,1647.92,Salary,Karnataka,477,1,Education,3319.85,Success,Branch,Verified,0,6
TXN000004319,CUST035904,2019-01-15,18:47,Current,UPI,1060.73,Debit,14154.14,E-Commerce,Tamil Nadu,803,0,No loan,0.0,Success,Mobile_App,Verified,0,18
TXN000004320,CUST072490,2019-01-15,03:27,Fixed Deposit,UPI,867.14,Credit,4259.88,Peer Transfer,Tamil Nadu,830,1,Education,2343.38,Success,ATM,Expired,0,3
TXN000004321,CUST032094,2019-01-15,16:03,Current,ATM_Withdrawal,5000.0,Debit,50062.44,E-Commerce,Karnataka,451,0,No loan,0.0,Success,Branch,Verified,0,16
TXN000004322,CUST034315,2019-01-15,21:14,Savings,UPI,596.57,Debit,366971.7,E-Commerce,Karnataka,310,1,Personal,4803.76,Success,Mobile_App,Verified,0,21
TXN000004323,CUST048226,2019-01-15,05:48,Savings,Cheque,5507.41,Debit,137992.57,Food & Dining,Maharashtra,890,1,Auto,6807.31,Success,Mobile_App,Verified,0,5
TXN000004324,CUST035180,2019-01-15,04:55,Savings,Auto_Debit,3318.42,Debit,6566.75,Retail,Telangana,593,1,Personal,1826.0,Reversed,Mobile_App,Verified,0,4
TXN000004325,CUST025339,2019-01-15,03:22,Savings,ATM_Withdrawal,3000.0,Debit,90941.11,Entertainment,Karnataka,886,0,No loan,0.0,Success,Mobile_App,Pending,0,3
TXN000004326,CUST069682,2019-01-15,13:40,Savings,UPI,127.49,Debit,26375.5,E-Commerce,Gujarat,537,0,No loan,0.0,Success,Mobile_App,Verified,0,13
TXN000004327,CUST032102,2019-01-15,09:53,Current,RTGS,72354.05,Credit,24317.58,Healthcare,Karnataka,559,0,No loan,0.0,Success,Mobile_App,Verified,0,9
TXN000004328,CUST002776,2019-01-15,12:06,Fixed Deposit,RTGS,274627.76,Debit,22411.52,Education,Tamil Nadu,395,1,Home,5708.12,Success,ATM,Verified,0,12
TXN000004329,CUST045620,2019-01-15,07:14,Fixed Deposit,POS,954.08,Debit,56181.3,Retail,Gujarat,677,0,No loan,0.0,Success,ATM,Verified,0,7
TXN000004330,CUST045839,2019-01-15,18:40,Savings,IMPS,4955.21,Debit,4917.57,Entertainment,Gujarat,671,0,No loan,0.0,Success,Web,Verified,0,18
TXN000004331,CUST019540,2019-01-15,05:37,Salary,Cheque,21669.09,Debit,52779.11,Travel,Rajasthan,353,0,No loan,0.0,Success,ATM,Verified,0,5
TXN000004332,CUST057125,2019-01-15,16:09,Savings,ATM_Withdrawal,2000.0,Debit,133381.52,Healthcare,Gujarat,532,0,No loan,0.0,Success,Branch,Verified,0,16
TXN000004333,CUST065150,2019-01-15,18:55,Savings,UPI,750.81,Credit,54476.12,Utilities,Gujarat,466,0,No loan,0.0,Success,Mobile_App,Verified,0,18
TXN000004334,CUST026617,2019-01-15,18:50,Salary,RTGS,67504.7,Credit,94316.53,E-Commerce,Karnataka,440,0,No loan,0.0,Success,Mobile_App,Verified,0,18
TXN000004335,CUST079656,2019-01-15,08:52,Current,Credit_Card,436.39,Debit,21521.84,Entertainment,Rajasthan,785,1,Business,13604.01,Success,POS_Terminal,Verified,0,8
TXN000004336,CUST054568,2019-01-15,10:48,Savings,IMPS,16575.05,Credit,111591.88,Food & Dining,Karnataka,709,0,No loan,0.0,Success,API,Verified,0,10
TXN000004337,CUST037100,2019-01-15,20:22,Fixed Deposit,IMPS,105794.2,Credit,14961.0,Peer Transfer,Karnataka,869,0,No loan,0.0,Success,POS_Terminal,Verified,0,20
TXN000004338,CUST075832,2019-01-15,04:01,Savings,UPI,1801.3,Debit,40153.09,Salary,Maharashtra,864,0,No loan,0.0,Success,Mobile_App,Verified,0,4
TXN000004339,CUST061800,2019-01-15,23:06,Current,IMPS,5692.79,Debit,14034.23,Food & Dining,Punjab,874,0,No loan,0.0,Success,Mobile_App,Verified,0,23
TXN000004340,CUST025480,2019-01-15,23:47,Current,Auto_Debit,1497.14,Debit,25479.65,Education,Maharashtra,410,0,No loan,0.0,Success,Web,Verified,0,23
TXN000004341,CUST046173,2019-01-15,12:02,Current,NEFT,1765.58,Credit,53190.12,Real Estate,Maharashtra,676,1,Personal,1372.74,Success,Mobile_App,Verified,0,12
TXN000004342,CUST055864,2019-01-15,08:53,Savings,NEFT,386078.35,Debit,9354.65,E-Commerce,Punjab,503,0,No loan,0.0,Success,Branch,Verified,0,8
TXN000004343,CUST042044,2019-01-15,22:45,Savings,UPI,384.05,Debit,11869.23,Peer Transfer,West Bengal,864,0,No loan,0.0,Success,Web,Verified,0,22
TXN000004344,CUST015409,2019-01-15,11:52,Fixed Deposit,UPI,1186.16,Credit,462251.48,Education,Delhi,426,0,No loan,0.0,Success,Web,Verified,0,11
TXN000004345,CUST057981,2019-01-15,17:20,Current,RTGS,140861.19,Debit,19659.03,E-Commerce,Gujarat,558,1,Personal,18133.17,Success,Web,Verified,0,17
TXN000004346,CUST016352,2019-01-15,14:57,Savings,IMPS,7897.43,Credit,50240.59,E-Commerce,Tamil Nadu,696,0,No loan,0.0,Success,Branch,Verified,0,14
TXN000004347,CUST004132,2019-01-15,15:36,NRI,NEFT,72978.59,Credit,50372.47,Food & Dining,Telangana,747,0,No loan,0.0,Success,POS_Terminal,Pending,0,15
TXN000004348,CUST044826,2019-01-15,14:44,Fixed Deposit,UPI,739.14,Debit,65193.18,Government,Karnataka,709,0,No loan,0.0,Success,Web,Verified,0,14
TXN000004349,CUST011350,2019-01-15,11:52,Current,ATM_Withdrawal,2000.0,Debit,72604.91,Government,Gujarat,707,0,No loan,0.0,Success,ATM,Verified,0,11
TXN000004350,CUST060932,2019-01-15,03:52,NRI,Auto_Debit,1794.58,Debit,7371.89,Retail,Rajasthan,532,0,No loan,0.0,Success,Mobile_App,Verified,0,3
TXN000004351,CUST044255,2019-01-15,00:04,Salary,IMPS,2319.27,Credit,8669.46,Government,Karnataka,510,0,No loan,0.0,Pending,Mobile_App,Verified,0,0
TXN000004352,CUST038226,2019-01-15,19:07,Current,UPI,785.61,Credit,10322.53,Food & Dining,Maharashtra,426,1,Home,12400.98,Success,Branch,Pending,0,19
TXN000004353,CUST012454,2019-01-15,11:16,NRI,Cheque,6144.03,Debit,76970.11,Retail,Tamil Nadu,601,1,Business,2852.13,Success,Mobile_App,Verified,0,11
TXN000004354,CUST018815,2019-01-15,23:58,Savings,UPI,330.79,Credit,22062.99,Entertainment,Delhi,504,0,No loan,0.0,Success,POS_Terminal,Verified,0,23
TXN000004355,CUST018264,2019-01-15,03:11,Current,POS,1396.4,Debit,23718.82,Travel,Delhi,434,0,No loan,0.0,Success,Mobile_App,Verified,0,3
TXN000004356,CUST077695,2019-01-15,16:25,Current,UPI,1954.65,Credit,42403.17,Salary,Maharashtra,531,0,No loan,0.0,Success,POS_Terminal,Verified,0,16
TXN000004357,CUST015736,2019-01-15,09:07,Savings,IMPS,7961.62,Debit,14907.36,Healthcare,Tamil Nadu,407,0,No loan,0.0,Success,Web,Verified,0,9
TXN000004358,CUST015831,2019-01-15,12:58,Savings,NEFT,789.56,Credit,24307.38,Education,Maharashtra,784,0,No loan,0.0,Success,Mobile_App,Verified,0,12
TXN000004359,CUST047894,2019-01-15,17:38,Current,UPI,257.37,Credit,416896.21,Salary,Maharashtra,660,0,No loan,0.0,Success,POS_Terminal,Pending,0,17
TXN000004360,CUST044674,2019-01-15,07:49,Salary,NEFT,84782.58,Credit,27424.55,Retail,Karnataka,435,0,No loan,0.0,Success,Mobile_App,Verified,0,7
TXN000004361,CUST045067,2019-01-15,09:08,Savings,UPI,152.09,Debit,121007.18,Investment,Maharashtra,468,0,No loan,0.0,Success,Web,Expired,0,9
TXN000004362,CUST003374,2019-01-15,19:46,Salary,IMPS,25718.9,Credit,30117.89,E-Commerce,Telangana,899,0,No loan,0.0,Success,Web,Verified,0,19
TXN000004363,CUST010336,2019-01-15,21:05,Current,RTGS,118418.19,Debit,4069.98,Utilities,Karnataka,869,0,No loan,0.0,Success,POS_Terminal,Verified,0,21
TXN000004364,CUST023742,2019-01-15,09:10,Current,UPI,185.07,Credit,33420.92,Travel,Rajasthan,738,1,Personal,6955.59,Success,API,Verified,0,9
TXN000004365,CUST010693,2019-01-15,17:53,Current,Credit_Card,9602.1,Debit,40150.38,Retail,Delhi,377,1,Business,4036.07,Success,Mobile_App,Verified,1,17
TXN000004366,CUST047296,2019-01-15,06:36,Salary,POS,926.65,Debit,170850.7,Peer Transfer,Maharashtra,859,0,No loan,0.0,Success,Web,Verified,0,6
TXN000004367,CUST045542,2019-01-15,08:50,Current,Auto_Debit,1130.5,Debit,268162.97,Investment,Karnataka,730,1,Personal,1060.73,Success,POS_Terminal,Verified,0,8
TXN000004368,CUST034058,2019-01-15,13:06,Fixed Deposit,POS,1135.09,Debit,138833.81,Insurance,Karnataka,726,1,Business,2909.95,Success,Web,Verified,0,13
TXN000004369,CUST066984,2019-01-15,10:20,Savings,RTGS,6754.03,Credit,22159.92,Peer Transfer,Rajasthan,747,1,Unknown,649.69,Success,API,Verified,0,10
TXN000004370,CUST019584,2019-01-15,23:34,Current,Credit_Card,4910.98,Debit,18750.27,Food & Dining,Rajasthan,551,0,No loan,0.0,Success,Mobile_App,Pending,0,23
TXN000004371,CUST022766,2019-01-15,03:13,Current,Net_Banking,25003.64,Credit,38819.2,Peer Transfer,Delhi,642,0,No loan,0.0,Pending,Mobile_App,Verified,0,3
TXN000004372,CUST059288,2019-01-15,06:39,Savings,IMPS,1057.19,Debit,432164.14,Salary,Delhi,798,0,No loan,0.0,Success,Branch,Verified,0,6
TXN000004373,CUST023907,2019-01-15,08:55,Savings,UPI,553.76,Credit,9034.08,Food & Dining,Gujarat,443,0,No loan,0.0,Success,Web,Verified,1,8
TXN000004374,CUST079676,2019-01-15,12:15,Salary,Net_Banking,10538.46,Credit,11832.15,Entertainment,Maharashtra,455,0,No loan,0.0,Success,Mobile_App,Verified,0,12
TXN000004375,CUST046526,2019-01-15,22:04,Savings,RTGS,571864.73,Credit,42973.08,Salary,Delhi,407,1,Home,13516.9,Success,Branch,Verified,0,22
TXN000004376,CUST038231,2019-01-15,14:33,Savings,UPI,314.19,Credit,47882.8,E-Commerce,Karnataka,652,0,No loan,0.0,Success,Mobile_App,Verified,0,14
TXN000004377,CUST019521,2019-01-15,13:38,Savings,POS,1433.59,Debit,62734.19,Retail,Delhi,743,0,No loan,0.0,Success,Mobile_App,Pending,0,13
TXN000004378,CUST051935,2019-01-15,08:01,Current,NEFT,41407.38,Credit,80029.06,Retail,Maharashtra,320,0,No loan,0.0,Success,POS_Terminal,Verified,0,8
TXN000004379,CUST025567,2019-01-15,00:08,Salary,UPI,1720.62,Credit,84222.82,Food & Dining,Maharashtra,365,1,Home,3055.45,Success,Mobile_App,Verified,0,0
TXN000004380,CUST073194,2019-01-15,14:15,Savings,RTGS,55848.37,Credit,103052.66,Retail,Maharashtra,806,0,No loan,0.0,Success,Mobile_App,Verified,0,14
TXN000004381,CUST030135,2019-01-15,10:30,Savings,ATM_Withdrawal,2000.0,Debit,101882.32,Insurance,Delhi,648,0,No loan,0.0,Success,POS_Terminal,Verified,0,10
TXN000004382,CUST010346,2019-01-15,19:44,Salary,UPI,745.51,Debit,125114.98,Food & Dining,Telangana,777,1,Home,6686.88,Pending,Branch,Verified,0,19
TXN000004383,CUST041186,2019-01-15,08:01,Salary,UPI,420.44,Credit,13909.46,Government,Karnataka,690,1,Home,4251.24,Success,Web,Verified,0,8
TXN000004384,CUST070745,2019-01-15,00:27,NRI,RTGS,96538.29,Credit,146968.77,Food & Dining,West Bengal,487,1,Business,6344.29,Success,Mobile_App,Verified,0,0
TXN000004385,CUST033456,2019-01-15,01:31,NRI,POS,1775.59,Debit,38306.43,Real Estate,Delhi,646,0,No loan,0.0,Success,Mobile_App,Verified,0,1
TXN000004386,CUST028019,2019-01-15,14:23,Savings,ATM_Withdrawal,3000.0,Debit,21687.87,Entertainment,Maharashtra,503,0,No loan,0.0,Success,Mobile_App,Verified,0,14
TXN000004387,CUST054220,2019-01-15,16:59,Salary,UPI,409.59,Debit,32495.91,Travel,Delhi,834,0,No loan,0.0,Success,Web,Verified,0,16
TXN000004388,CUST045992,2019-01-15,05:24,Savings,POS,272.63,Debit,31336.11,Retail,West Bengal,646,1,Home,2782.48,Success,Mobile_App,Verified,0,5
TXN000004389,CUST073617,2019-01-15,21:00,Savings,UPI,204.07,Credit,2191.83,E-Commerce,Maharashtra,713,1,Personal,3673.91,Success,Web,Verified,0,21
TXN000004390,CUST009487,2019-01-15,20:46,Fixed Deposit,UPI,608.12,Debit,58759.65,Insurance,Telangana,423,1,Personal,3523.34,Success,Mobile_App,Verified,0,20
TXN000004391,CUST038863,2019-01-15,23:08,Savings,POS,6663.1,Debit,596743.7,Salary,Maharashtra,747,1,Personal,5683.4,Success,POS_Terminal,Verified,0,23
TXN000004392,CUST058871,2019-01-15,10:09,NRI,Auto_Debit,2259.97,Debit,33242.6,Education,Maharashtra,397,0,No loan,0.0,Success,Branch,Verified,0,10
TXN000004393,CUST043857,2019-01-15,03:04,Savings,NEFT,61870.07,Debit,3579.9,Insurance,Rajasthan,741,0,No loan,0.0,Success,Mobile_App,Verified,0,3
TXN000004394,CUST031380,2019-01-15,02:41,Savings,NEFT,36956.52,Debit,26161.84,Travel,Maharashtra,786,0,No loan,0.0,Reversed,Mobile_App,Pending,0,2
TXN000004395,CUST064730,2019-01-15,07:26,Savings,NEFT,108564.2,Credit,35627.36,Food & Dining,Telangana,652,0,No loan,0.0,Success,Mobile_App,Verified,0,7
TXN000004396,CUST028379,2019-01-15,20:21,Savings,RTGS,71125.8,Debit,353821.95,Healthcare,Maharashtra,566,1,Personal,2209.85,Success,Mobile_App,Verified,0,20
TXN000004397,CUST054354,2019-01-15,09:26,Savings,UPI,420.67,Debit,9421.09,Travel,Maharashtra,785,1,Personal,33383.15,Success,POS_Terminal,Verified,0,9
TXN000004398,CUST049997,2019-01-15,01:36,Fixed Deposit,ATM_Withdrawal,3000.0,Debit,23896.72,Retail,Punjab,391,0,No loan,0.0,Success,Mobile_App,Verified,0,1
TXN000004399,CUST014032,2019-01-15,04:52,NRI,NEFT,3007.29,Debit,107831.71,Education,Gujarat,794,1,Personal,4544.65,Success,Mobile_App,Pending,0,4
TXN000004400,CUST065983,2019-01-15,19:48,Salary,UPI,551.98,Debit,20900.51,Salary,West Bengal,468,1,Home,6614.68,Success,Mobile_App,Verified,0,19
TXN000004401,CUST036684,2019-01-15,03:04,Savings,NEFT,1465.05,Credit,24875.08,Retail,Gujarat,583,1,Personal,9767.73,Failed,Mobile_App,Verified,0,3
TXN000004402,CUST017619,2019-01-15,20:08,Salary,UPI,1110.78,Credit,29098.54,Utilities,Karnataka,418,0,No loan,0.0,Success,Mobile_App,Verified,0,20
TXN000004403,CUST006588,2019-01-15,16:15,Savings,NEFT,35126.39,Debit,6677.69,E-Commerce,West Bengal,389,1,Unknown,3883.91,Success,Branch,Verified,0,16
TXN000004404,CUST062791,2019-01-15,04:37,Current,ATM_Withdrawal,1000.0,Debit,21345.16,Education,Delhi,326,1,Business,31676.57,Success,Mobile_App,Verified,0,4
TXN000004405,CUST031481,2019-01-15,12:10,Savings,Auto_Debit,1226.77,Debit,17577.7,Peer Transfer,Delhi,459,0,No loan,0.0,Success,Mobile_App,Verified,0,12
TXN000004406,CUST020528,2019-01-15,21:55,Savings,Cheque,95100.36,Debit,10536.14,E-Commerce,Karnataka,370,1,Auto,3759.05,Success,Mobile_App,Verified,0,21
TXN000004407,CUST023570,2019-01-15,21:26,Savings,NEFT,15752.56,Debit,5492.36,Fuel,Gujarat,413,0,No loan,0.0,Success,Web,Pending,0,21
TXN000004408,CUST011152,2019-01-15,15:17,NRI,POS,739.43,Debit,41250.28,Investment,West Bengal,738,0,No loan,0.0,Reversed,Mobile_App,Verified,0,15
TXN000004409,CUST071095,2019-01-15,12:49,Savings,UPI,442.54,Credit,8087.43,Salary,Gujarat,625,1,Home,20116.69,Success,Web,Verified,0,12
TXN000004410,CUST059175,2019-01-15,01:05,Savings,UPI,455.42,Debit,27266.67,Healthcare,Karnataka,387,0,No loan,0.0,Success,Mobile_App,Verified,0,1
TXN000004411,CUST044740,2019-01-15,22:57,Fixed Deposit,ATM_Withdrawal,3000.0,Debit,47280.07,Investment,Karnataka,441,0,No loan,0.0,Success,Mobile_App,Verified,0,22
TXN000004412,CUST032955,2019-01-15,22:03,Salary,UPI,1285.72,Debit,9205.66,Fuel,Tamil Nadu,497,0,No loan,0.0,Success,ATM,Pending,0,22
TXN000004413,CUST035304,2019-01-15,05:03,Salary,Auto_Debit,9261.85,Debit,275818.19,Retail,Delhi,724,1,Home,1293.97,Success,Mobile_App,Pending,0,5
TXN000004414,CUST034701,2019-01-15,15:19,Current,UPI,153.89,Debit,214843.43,E-Commerce,Delhi,745,0,No loan,0.0,Success,POS_Terminal,Verified,0,15
TXN000004415,CUST067569,2019-01-15,08:41,Salary,Net_Banking,30480.39,Debit,7761.88,Entertainment,Gujarat,318,0,No loan,0.0,Pending,Mobile_App,Verified,0,8
TXN000004416,CUST066789,2019-01-15,22:22,Salary,Credit_Card,872.65,Debit,273870.91,E-Commerce,Maharashtra,574,0,No loan,0.0,Success,Mobile_App,Verified,0,22
TXN000004417,CUST071046,2019-01-15,18:25,Current,Cheque,214480.69,Debit,43701.7,Education,Telangana,429,1,Auto,3234.07,Success,Mobile_App,Expired,0,18
TXN000004418,CUST037843,2019-01-15,00:27,Salary,IMPS,2070.53,Debit,24525.01,Retail,Delhi,339,0,No loan,0.0,Success,Mobile_App,Pending,0,0
TXN000004419,CUST013901,2019-01-15,09:53,Current,IMPS,14952.92,Debit,61870.11,Insurance,Tamil Nadu,354,1,Personal,12275.79,Success,POS_Terminal,Verified,0,9
TXN000004420,CUST001882,2019-01-15,10:30,Current,Auto_Debit,1293.8,Debit,10355.65,Salary,Tamil Nadu,882,0,No loan,0.0,Success,Mobile_App,Verified,0,10
TXN000004421,CUST033038,2019-01-15,09:39,NRI,ATM_Withdrawal,2000.0,Debit,8757.7,Salary,Maharashtra,771,0,No loan,0.0,Failed,Web,Pending,0,9
TXN000004422,CUST001631,2019-01-15,06:05,Current,ATM_Withdrawal,5000.0,Debit,26384.31,Government,Maharashtra,643,1,Home,2115.77,Success,Branch,Pending,0,6
TXN000004423,CUST020790,2019-01-15,11:56,Salary,ATM_Withdrawal,5000.0,Debit,35183.45,Utilities,Telangana,400,1,Education,7892.5,Success,Mobile_App,Verified,0,11
TXN000004424,CUST046152,2019-01-15,07:05,Salary,IMPS,2388.38,Debit,175031.39,Real Estate,Maharashtra,502,0,No loan,0.0,Success,Mobile_App,Verified,0,7
TXN000004425,CUST048921,2019-01-15,01:58,Savings,ATM_Withdrawal,3000.0,Debit,49052.04,Peer Transfer,Karnataka,712,1,Auto,1251.64,Success,ATM,Pending,0,1
TXN000004426,CUST067232,2019-01-15,01:04,Savings,NEFT,5029.45,Credit,8659.66,Retail,Delhi,505,1,Unknown,1865.36,Success,Branch,Verified,0,1
TXN000004427,CUST003263,2019-01-15,16:49,Current,IMPS,1701.03,Debit,34760.26,Utilities,Gujarat,725,1,Business,2108.16,Success,Branch,Verified,0,16
TXN000004428,CUST066982,2019-01-15,02:52,Current,Cheque,19017.84,Credit,48656.09,Education,Gujarat,388,0,No loan,0.0,Success,Branch,Verified,0,2
TXN000004429,CUST075486,2019-01-15,06:54,Savings,RTGS,113806.31,Debit,15874.08,Food & Dining,West Bengal,740,0,No loan,0.0,Success,POS_Terminal,Verified,0,6
TXN000004430,CUST054723,2019-01-15,18:31,Current,UPI,1634.28,Debit,29922.28,Salary,West Bengal,590,1,Auto,16215.99,Success,Mobile_App,Verified,0,18
TXN000004431,CUST050819,2019-01-15,03:13,Savings,Auto_Debit,1098.95,Debit,6769.57,Entertainment,West Bengal,421,0,No loan,0.0,Success,ATM,Verified,0,3
TXN000004432,CUST029933,2019-01-15,03:30,Current,IMPS,440.36,Debit,42084.12,Investment,Maharashtra,437,0,No loan,0.0,Success,Branch,Verified,0,3
TXN000004433,CUST006902,2019-01-15,15:01,Savings,NEFT,11661.36,Credit,71030.99,Food & Dining,Karnataka,348,0,No loan,0.0,Success,Branch,Verified,0,15
TXN000004434,CUST008598,2019-01-15,00:05,Current,POS,91.63,Debit,17970.02,Insurance,Karnataka,585,1,Gold,4688.59,Success,Mobile_App,Verified,0,0
TXN000004435,CUST063910,2019-01-15,21:26,Current,UPI,182.73,Credit,24812.23,Insurance,Punjab,826,0,No loan,0.0,Success,ATM,Verified,0,21
TXN000004436,CUST072392,2019-01-15,11:08,Salary,Cheque,40755.18,Debit,491001.56,E-Commerce,West Bengal,725,0,No loan,0.0,Success,Web,Verified,0,11
TXN000004437,CUST008264,2019-01-15,19:45,Savings,IMPS,236.91,Debit,72201.96,Peer Transfer,Telangana,857,0,No loan,0.0,Success,Mobile_App,Verified,0,19
TXN000004438,CUST063294,2019-01-15,10:16,Salary,UPI,351.38,Credit,7122.65,Investment,Maharashtra,494,0,No loan,0.0,Success,POS_Terminal,Verified,0,10
TXN000004439,CUST025806,2019-01-15,23:44,Current,NEFT,90504.77,Credit,11168.65,Government,Gujarat,852,1,Unknown,4261.38,Success,POS_Terminal,Pending,0,23
TXN000004440,CUST011875,2019-01-15,03:34,Salary,ATM_Withdrawal,2000.0,Debit,181523.81,Food & Dining,Rajasthan,765,0,No loan,0.0,Success,Web,Verified,0,3
TXN000004441,CUST014080,2019-01-15,20:47,Current,Net_Banking,1548.05,Debit,148218.09,Government,Gujarat,824,0,No loan,0.0,Success,Mobile_App,Verified,0,20
TXN000004442,CUST049851,2019-01-15,02:29,Savings,POS,2754.2,Debit,32565.21,Education,Karnataka,594,1,Business,15579.61,Success,POS_Terminal,Verified,0,2
TXN000004443,CUST072780,2019-01-15,11:48,NRI,RTGS,197643.5,Debit,19591.3,Education,Karnataka,396,0,No loan,0.0,Success,Web,Verified,0,11
TXN000004444,CUST009019,2019-01-15,17:36,Savings,IMPS,1299.54,Debit,27357.52,Utilities,Tamil Nadu,401,0,No loan,0.0,Success,API,Verified,0,17
TXN000004445,CUST049501,2019-01-15,11:12,Savings,UPI,39.9,Debit,4407.5,Retail,Karnataka,617,0,No loan,0.0,Success,POS_Terminal,Verified,0,11
TXN000004446,CUST012101,2019-01-15,11:03,Savings,POS,708.84,Debit,88223.63,Fuel,UP,603,0,No loan,0.0,Success,Mobile_App,Pending,0,11
TXN000004447,CUST057022,2019-01-15,21:03,Salary,ATM_Withdrawal,2000.0,Debit,9794.84,Utilities,Maharashtra,566,0,No loan,0.0,Success,Web,Verified,0,21
TXN000004448,CUST019801,2019-01-15,15:54,Salary,IMPS,2232.09,Credit,43969.49,Peer Transfer,Telangana,790,0,No loan,0.0,Success,ATM,Pending,0,15
TXN000004449,CUST063401,2019-01-15,21:28,NRI,Credit_Card,613.62,Debit,139151.62,Education,Karnataka,697,1,Home,3040.67,Success,Mobile_App,Verified,0,21
TXN000004450,CUST029438,2019-01-15,18:02,Savings,Credit_Card,1437.75,Debit,73180.58,Utilities,Karnataka,587,0,No loan,0.0,Pending,Mobile_App,Verified,0,18
TXN000004451,CUST076538,2019-01-15,18:09,Savings,ATM_Withdrawal,2000.0,Debit,14492.0,Salary,Karnataka,863,1,Personal,1545.24,Success,POS_Terminal,Verified,0,18
TXN000004452,CUST046676,2019-01-15,18:29,Savings,UPI,403.64,Debit,47479.55,Salary,Karnataka,541,0,No loan,0.0,Success,Mobile_App,Verified,0,18
TXN000004453,CUST019943,2019-01-15,06:22,Savings,Cheque,153368.19,Credit,3671.6,E-Commerce,Karnataka,310,0,No loan,0.0,Success,Mobile_App,Verified,0,6
TXN000004454,CUST020863,2019-01-15,22:55,NRI,UPI,30.57,Credit,22793.56,Real Estate,Punjab,497,0,No loan,0.0,Success,Mobile_App,Verified,0,22
TXN000004455,CUST011670,2019-01-15,18:13,Salary,ATM_Withdrawal,5000.0,Debit,29663.99,Travel,West Bengal,474,1,Personal,4713.34,Success,Mobile_App,Verified,0,18
TXN000004456,CUST053773,2019-01-15,20:34,Savings,RTGS,38178.78,Debit,23891.06,Education,Tamil Nadu,606,0,No loan,0.0,Success,Mobile_App,Verified,0,20
TXN000004457,CUST015917,2019-01-15,07:48,Current,Net_Banking,2070.3,Debit,28350.35,Fuel,Karnataka,824,0,No loan,0.0,Success,POS_Terminal,Pending,0,7
TXN000004458,CUST010879,2019-01-15,19:54,Savings,UPI,2675.91,Debit,185979.53,Real Estate,Gujarat,726,0,No loan,0.0,Success,Mobile_App,Verified,0,19
TXN000004459,CUST002986,2019-01-15,02:03,Salary,IMPS,11856.02,Debit,49845.03,Healthcare,Karnataka,356,0,No loan,0.0,Success,Mobile_App,Verified,0,2
TXN000004460,CUST073649,2019-01-15,19:18,Savings,UPI,371.59,Debit,8253.7,Utilities,Rajasthan,819,1,Unknown,5238.38,Success,Web,Expired,0,19
TXN000004461,CUST041236,2019-01-15,09:21,Fixed Deposit,IMPS,2709.62,Credit,55427.03,Fuel,Karnataka,345,0,No loan,0.0,Success,Branch,Verified,0,9
TXN000004462,CUST018932,2019-01-15,23:00,Salary,UPI,378.18,Debit,17984.68,Entertainment,Delhi,634,1,Home,4685.53,Failed,Web,Verified,0,23
TXN000004463,CUST000337,2019-01-15,12:35,Savings,ATM_Withdrawal,3000.0,Debit,45211.95,Peer Transfer,Karnataka,602,0,No loan,0.0,Success,Mobile_App,Expired,0,12
TXN000004464,CUST042934,2019-01-15,23:14,Savings,IMPS,1771.5,Credit,21309.66,Peer Transfer,West Bengal,684,1,Education,3563.97,Success,Mobile_App,Verified,0,23
TXN000004465,CUST045537,2019-01-15,02:03,Savings,IMPS,2370.98,Debit,5904.03,Investment,Rajasthan,715,0,No loan,0.0,Success,Web,Verified,0,2
TXN000004466,CUST069505,2019-01-15,01:36,Savings,NEFT,29578.37,Credit,42132.12,Salary,West Bengal,574,0,No loan,0.0,Success,Mobile_App,Expired,0,1
TXN000004467,CUST051149,2019-01-15,01:13,Savings,POS,6346.24,Debit,157176.36,Utilities,Punjab,520,0,No loan,0.0,Success,Web,Verified,0,1
TXN000004468,CUST016280,2019-01-15,12:22,Savings,NEFT,11031.32,Debit,763059.15,Utilities,West Bengal,681,0,No loan,0.0,Success,Branch,Verified,0,12
TXN000004469,CUST068666,2019-01-15,06:55,Fixed Deposit,POS,377.17,Debit,1583358.81,Food & Dining,Gujarat,854,0,No loan,0.0,Success,Mobile_App,Verified,0,6
TXN000004470,CUST071387,2019-01-15,01:17,Current,POS,3786.87,Debit,115902.69,Real Estate,Karnataka,665,0,No loan,0.0,Success,API,Verified,0,1
TXN000004471,CUST077486,2019-01-15,12:10,NRI,UPI,1615.83,Credit,11002.93,Peer Transfer,UP,663,0,No loan,0.0,Success,API,Verified,0,12
TXN000004472,CUST074056,2019-01-15,09:21,Current,UPI,1389.89,Credit,19015.34,Travel,West Bengal,401,0,No loan,0.0,Success,Mobile_App,Pending,0,9
TXN000004473,CUST077274,2019-01-15,17:31,Fixed Deposit,IMPS,1318.89,Debit,271027.41,Peer Transfer,Maharashtra,374,0,No loan,0.0,Success,ATM,Verified,0,17
TXN000004474,CUST066671,2019-01-15,04:18,Savings,NEFT,544403.99,Debit,296402.28,Real Estate,West Bengal,567,0,No loan,0.0,Success,Web,Verified,0,4
TXN000004475,CUST076475,2019-01-15,03:03,Savings,UPI,373.67,Debit,19156.23,Retail,Rajasthan,894,0,No loan,0.0,Success,Mobile_App,Verified,0,3
TXN000004476,CUST054029,2019-01-15,06:57,Fixed Deposit,NEFT,76119.81,Debit,25763.81,Utilities,Maharashtra,495,1,Home,4941.82,Success,ATM,Verified,0,6
TXN000004477,CUST071129,2019-01-15,05:40,Salary,NEFT,58591.17,Debit,25119.04,Utilities,Telangana,516,0,No loan,0.0,Success,Branch,Verified,0,5
TXN000004478,CUST018109,2019-01-15,06:31,Current,Auto_Debit,1362.18,Debit,44745.96,E-Commerce,Delhi,822,0,No loan,0.0,Success,ATM,Expired,0,6
TXN000004479,CUST052496,2019-01-15,06:49,Savings,NEFT,17420.99,Credit,75503.25,Retail,Tamil Nadu,555,1,Personal,10115.15,Success,Mobile_App,Verified,0,6
TXN000004480,CUST076534,2019-01-15,05:21,Savings,ATM_Withdrawal,2000.0,Debit,2009.41,Travel,Delhi,848,1,Personal,3483.89,Reversed,POS_Terminal,Verified,0,5
TXN000004481,CUST056831,2019-01-15,15:23,Savings,Auto_Debit,1373.39,Debit,83488.29,E-Commerce,Rajasthan,376,1,Auto,5600.53,Pending,ATM,Verified,0,15
TXN000004482,CUST074641,2019-01-15,08:02,Savings,Credit_Card,1838.27,Debit,58289.6,Salary,Rajasthan,312,0,No loan,0.0,Success,Mobile_App,Pending,0,8
TXN000004483,CUST052510,2019-01-15,08:09,Salary,Net_Banking,10678.75,Debit,37516.1,Education,Karnataka,620,0,No loan,0.0,Success,Mobile_App,Verified,0,8
TXN000004484,CUST066407,2019-01-15,04:33,Savings,Net_Banking,11661.9,Debit,245613.73,Retail,Karnataka,748,1,Personal,2718.88,Success,Mobile_App,Verified,0,4
TXN000004485,CUST039520,2019-01-15,12:36,Current,IMPS,27471.82,Credit,70959.41,Real Estate,Tamil Nadu,610,1,Auto,2701.64,Success,Mobile_App,Verified,0,12
TXN000004486,CUST049650,2019-01-15,01:07,Savings,Credit_Card,54728.75,Debit,35509.55,Insurance,Telangana,524,0,No loan,0.0,Success,Mobile_App,Pending,0,1
TXN000004487,CUST034525,2019-01-15,11:57,Current,ATM_Withdrawal,2000.0,Debit,139421.61,Retail,UP,334,0,No loan,0.0,Success,POS_Terminal,Verified,0,11
TXN000004488,CUST033886,2019-01-15,02:52,Fixed Deposit,Credit_Card,3520.75,Debit,51808.21,Real Estate,Maharashtra,632,0,No loan,0.0,Success,Mobile_App,Verified,0,2
TXN000004489,CUST044370,2019-01-15,14:51,Current,UPI,824.17,Credit,22596.2,Salary,Telangana,440,0,No loan,0.0,Success,ATM,Verified,0,14
TXN000004490,CUST030677,2019-01-15,08:38,Current,ATM_Withdrawal,500.0,Debit,29926.12,Retail,UP,664,0,No loan,0.0,Success,ATM,Verified,0,8
TXN000004491,CUST064094,2019-01-15,13:16,Salary,RTGS,78048.51,Debit,15402.26,Retail,Maharashtra,701,0,No loan,0.0,Success,Mobile_App,Verified,0,13
TXN000004492,CUST047765,2019-01-15,20:04,Fixed Deposit,UPI,328.48,Debit,38549.43,Food & Dining,Maharashtra,371,1,Personal,13648.84,Pending,Mobile_App,Verified,0,20
TXN000004493,CUST050800,2019-01-15,21:14,Current,IMPS,872.42,Debit,31561.71,Entertainment,Telangana,303,0,No loan,0.0,Success,Web,Verified,0,21
TXN000004494,CUST079415,2019-01-15,18:27,Salary,UPI,665.14,Credit,12409.38,Investment,Delhi,795,0,No loan,0.0,Success,POS_Terminal,Verified,0,18
TXN000004495,CUST072308,2019-01-15,09:20,Current,Net_Banking,12907.73,Credit,50820.34,Utilities,Gujarat,537,1,Home,5699.47,Success,Branch,Verified,0,9
TXN000004496,CUST031924,2019-01-15,00:06,Savings,POS,592.71,Debit,8591.9,Food & Dining,Gujarat,347,0,No loan,0.0,Success,Mobile_App,Verified,0,0
TXN000004497,CUST078389,2019-01-15,08:23,Savings,UPI,1625.66,Credit,43392.5,Food & Dining,Karnataka,412,0,No loan,0.0,Success,Web,Verified,0,8
TXN000004498,CUST047575,2019-01-15,13:17,Current,UPI,1992.76,Debit,91936.19,E-Commerce,Tamil Nadu,334,0,No loan,0.0,Success,POS_Terminal,Verified,0,13
TXN000004499,CUST043392,2019-01-15,16:11,Savings,UPI,1558.48,Credit,67536.54,Salary,West Bengal,802,1,Home,2373.64,Success,Mobile_App,Verified,0,16
TXN000004500,CUST053665,2019-01-15,12:54,Savings,ATM_Withdrawal,3000.0,Debit,103412.63,Investment,Delhi,809,1,Gold,17307.96,Success,ATM,Verified,0,12
TXN000004501,CUST067385,2019-01-15,00:10,NRI,RTGS,37891.33,Credit,9444.57,Food & Dining,Delhi,878,1,Home,1913.85,Success,Web,Verified,0,0
TXN000004502,CUST031028,2019-01-15,01:53,Salary,UPI,417.71,Debit,23254.26,Utilities,Tamil Nadu,428,0,No loan,0.0,Success,Mobile_App,Verified,0,1
TXN000004503,CUST035465,2019-01-15,22:49,Fixed Deposit,UPI,1422.93,Credit,41340.68,Investment,Karnataka,547,0,No loan,0.0,Success,Mobile_App,Verified,0,22
TXN000004504,CUST034486,2019-01-15,04:41,Salary,IMPS,11953.1,Debit,8129.76,Real Estate,Maharashtra,452,0,No loan,0.0,Success,Branch,Verified,0,4
TXN000004505,CUST019457,2019-01-15,10:01,Savings,UPI,193.14,Credit,19875.32,Travel,Karnataka,304,0,No loan,0.0,Success,Web,Verified,0,10
TXN000004506,CUST074796,2019-01-15,09:38,Current,NEFT,5902.74,Debit,170767.79,Education,Gujarat,504,1,Auto,1340.99,Success,POS_Terminal,Verified,0,9
TXN000004507,CUST035555,2019-01-15,10:55,NRI,Net_Banking,71159.76,Credit,1030.87,Investment,Karnataka,664,0,No loan,0.0,Success,ATM,Verified,0,10
TXN000004508,CUST046923,2019-01-15,06:54,Salary,UPI,23.71,Debit,732089.24,Healthcare,Tamil Nadu,680,0,No loan,0.0,Success,Mobile_App,Verified,0,6
TXN000004509,CUST013410,2019-01-15,02:36,Savings,IMPS,520.72,Credit,82291.22,E-Commerce,Gujarat,436,0,No loan,0.0,Success,POS_Terminal,Verified,0,2
TXN000004510,CUST069328,2019-01-15,10:30,Savings,POS,728.31,Debit,5934.61,E-Commerce,Maharashtra,868,0,No loan,0.0,Success,ATM,Verified,0,10
TXN000004511,CUST036640,2019-01-15,05:40,NRI,POS,1533.11,Debit,6658.1,Utilities,Delhi,831,1,Education,7879.96,Success,ATM,Verified,0,5
TXN000004512,CUST063628,2019-01-15,12:57,Salary,ATM_Withdrawal,2000.0,Debit,98218.6,Utilities,Telangana,488,0,No loan,0.0,Success,Web,Verified,0,12
TXN000004513,CUST019693,2019-01-15,10:34,Savings,POS,1095.34,Debit,54758.62,Peer Transfer,West Bengal,375,1,Home,7273.92,Success,Web,Verified,0,10
TXN000004514,CUST078841,2019-01-15,00:32,Savings,IMPS,11583.23,Credit,29242.65,Investment,Karnataka,313,0,No loan,0.0,Success,Web,Verified,0,0
TXN000004515,CUST054201,2019-01-15,16:53,Current,Cheque,11312.77,Credit,471145.29,Investment,Delhi,319,1,Personal,6351.22,Success,Mobile_App,Verified,0,16
TXN000004516,CUST057416,2019-01-15,14:04,NRI,Credit_Card,821.16,Debit,46161.84,Salary,Gujarat,610,1,Education,6597.42,Success,Mobile_App,Verified,0,14
TXN000004517,CUST018075,2019-01-15,01:54,Salary,IMPS,1910.42,Debit,98168.11,Food & Dining,Gujarat,545,0,No loan,0.0,Success,Branch,Verified,0,1
TXN000004518,CUST015550,2019-01-15,04:48,Current,NEFT,3703.73,Debit,35598.83,Salary,West Bengal,783,0,No loan,0.0,Success,Mobile_App,Verified,0,4
TXN000004519,CUST029964,2019-01-15,09:14,Savings,UPI,5545.74,Credit,248875.75,Travel,Telangana,507,1,Home,3643.55,Success,Web,Verified,0,9
TXN000004520,CUST052266,2019-01-15,13:36,Current,RTGS,82255.22,Debit,20681.43,Salary,Karnataka,793,0,No loan,0.0,Success,Web,Verified,0,13
TXN000004521,CUST016062,2019-01-15,17:53,Savings,NEFT,15933.74,Debit,31784.5,Travel,West Bengal,449,0,No loan,0.0,Success,Web,Expired,0,17
TXN000004522,CUST058227,2019-01-15,23:21,Savings,IMPS,13106.71,Credit,17003.37,Investment,Delhi,617,0,No loan,0.0,Success,ATM,Verified,0,23
TXN000004523,CUST028811,2019-01-15,06:27,Current,NEFT,4522.68,Credit,8073.92,Travel,Maharashtra,897,1,Business,11515.55,Success,API,Expired,0,6
TXN000004524,CUST060007,2019-01-15,19:22,Fixed Deposit,UPI,242.83,Credit,127506.14,Peer Transfer,Maharashtra,365,1,Business,6325.57,Success,POS_Terminal,Verified,0,19
TXN000004525,CUST022801,2019-01-15,04:53,Current,IMPS,1460.99,Debit,108016.9,Travel,Maharashtra,894,0,No loan,0.0,Success,ATM,Verified,0,4
TXN000004526,CUST075477,2019-01-15,11:17,Savings,IMPS,3771.46,Debit,14290.62,Retail,West Bengal,723,1,Auto,3115.03,Success,Branch,Expired,0,11
TXN000004527,CUST069461,2019-01-15,20:45,Savings,NEFT,105961.62,Debit,6651.09,E-Commerce,Tamil Nadu,612,1,Home,1548.45,Success,ATM,Verified,0,20
TXN000004528,CUST057768,2019-01-15,14:42,Current,UPI,1072.61,Debit,24536.32,E-Commerce,Rajasthan,620,1,Personal,3127.65,Failed,API,Verified,0,14
TXN000004529,CUST028055,2019-01-15,08:20,Savings,POS,643.79,Debit,27556.68,Salary,West Bengal,390,0,No loan,0.0,Success,Web,Verified,0,8
TXN000004530,CUST075320,2019-01-15,07:23,Current,NEFT,3695.22,Debit,10204.29,Healthcare,Delhi,466,1,Personal,2344.75,Success,Mobile_App,Verified,0,7
TXN000004531,CUST045398,2019-01-15,18:21,Savings,UPI,2565.14,Debit,45622.66,Government,Tamil Nadu,431,1,Home,6037.54,Success,Mobile_App,Verified,0,18
TXN000004532,CUST013234,2019-01-15,01:45,Current,UPI,1580.46,Credit,1873.82,Investment,West Bengal,370,1,Personal,3184.03,Success,ATM,Verified,0,1
TXN000004533,CUST025069,2019-01-15,15:04,Salary,IMPS,5266.8,Credit,52684.44,Peer Transfer,Delhi,736,0,No loan,0.0,Failed,Branch,Verified,0,15
TXN000004534,CUST065728,2019-01-15,17:40,Savings,UPI,2314.26,Debit,6529.51,Salary,Karnataka,771,1,Personal,815.77,Failed,Web,Verified,0,17
TXN000004535,CUST070454,2019-01-15,22:45,Salary,Auto_Debit,3031.59,Debit,111364.34,Education,West Bengal,325,0,No loan,0.0,Failed,Web,Verified,0,22
TXN000004536,CUST025833,2019-01-15,07:55,Savings,RTGS,112724.73,Debit,30030.76,Government,Gujarat,868,0,No loan,0.0,Success,ATM,Verified,0,7
TXN000004537,CUST013683,2019-01-15,05:11,Savings,NEFT,11907.14,Credit,12771.28,Healthcare,Tamil Nadu,447,0,No loan,0.0,Success,Web,Verified,0,5
TXN000004538,CUST023384,2019-01-15,17:00,Savings,UPI,194.58,Credit,19057.42,Food & Dining,Maharashtra,527,0,No loan,0.0,Success,Mobile_App,Expired,0,17
TXN000004539,CUST058161,2019-01-15,06:00,NRI,UPI,72.42,Debit,62828.97,Education,Karnataka,690,0,No loan,0.0,Success,POS_Terminal,Verified,0,6
TXN000004540,CUST023667,2019-01-15,14:59,Salary,Net_Banking,55112.67,Debit,27569.97,Retail,UP,648,0,No loan,0.0,Success,ATM,Expired,0,14
TXN000004541,CUST058818,2019-01-15,00:32,Current,RTGS,63575.45,Credit,8278.59,E-Commerce,Maharashtra,540,1,Personal,1714.85,Success,Mobile_App,Verified,0,0
TXN000004542,CUST034643,2019-01-15,21:22,Savings,Net_Banking,14668.4,Debit,31186.53,Retail,Telangana,592,0,No loan,0.0,Success,Mobile_App,Verified,0,21
TXN000004543,CUST041831,2019-01-15,22:04,Savings,NEFT,22262.89,Debit,187260.82,Investment,Karnataka,609,0,No loan,0.0,Success,POS_Terminal,Verified,0,22
TXN000004544,CUST010235,2019-01-15,03:25,Salary,NEFT,65189.09,Debit,16712.8,Government,Gujarat,684,0,No loan,0.0,Success,ATM,Verified,0,3
TXN000004545,CUST057617,2019-01-15,13:43,Salary,POS,1648.46,Debit,69184.57,E-Commerce,Maharashtra,424,0,No loan,0.0,Success,Branch,Verified,0,13
TXN000004546,CUST009222,2019-01-15,14:51,Salary,Cheque,716725.46,Debit,33329.13,E-Commerce,Gujarat,367,0,No loan,0.0,Success,ATM,Verified,0,14
TXN000004547,CUST011411,2019-01-15,10:44,Savings,Net_Banking,26137.77,Debit,6739.11,Education,Telangana,555,0,No loan,0.0,Success,Web,Verified,0,10
TXN000004548,CUST061414,2019-01-15,21:29,NRI,UPI,2574.59,Credit,30614.06,Travel,Telangana,437,1,Home,3113.48,Success,Web,Verified,0,21
TXN000004549,CUST001052,2019-01-15,08:04,Current,IMPS,6116.62,Credit,56768.7,Retail,Tamil Nadu,618,0,No loan,0.0,Success,Web,Verified,0,8
TXN000004550,CUST075302,2019-01-15,15:09,Savings,IMPS,9664.04,Credit,93904.73,Peer Transfer,Gujarat,810,0,No loan,0.0,Success,ATM,Verified,0,15
TXN000004551,CUST076919,2019-01-15,23:09,Current,UPI,1948.3,Debit,219260.21,Utilities,Tamil Nadu,383,0,No loan,0.0,Success,ATM,Verified,0,23
TXN000004552,CUST078117,2019-01-15,08:18,Savings,NEFT,9883.68,Debit,29962.56,Insurance,Punjab,825,1,Personal,1768.65,Success,Mobile_App,Verified,0,8
TXN000004553,CUST056564,2019-01-15,14:29,Savings,POS,742.93,Debit,6320.63,Government,Gujarat,812,1,Unknown,918.46,Success,POS_Terminal,Verified,0,14
TXN000004554,CUST044758,2019-01-15,22:33,Salary,ATM_Withdrawal,1000.0,Debit,10129.98,Retail,West Bengal,506,1,Personal,2906.45,Success,Mobile_App,Verified,0,22
TXN000004555,CUST077476,2019-01-15,17:40,Savings,IMPS,6020.3,Debit,11294.69,Education,Punjab,661,0,No loan,0.0,Success,Mobile_App,Pending,0,17
TXN000004556,CUST051258,2019-01-15,20:10,Salary,IMPS,1363.14,Credit,1837.01,Government,Punjab,774,0,No loan,0.0,Success,Web,Verified,0,20
TXN000004557,CUST000308,2019-01-15,17:37,Current,UPI,436.73,Debit,69827.45,E-Commerce,West Bengal,452,1,Home,3768.31,Reversed,POS_Terminal,Verified,0,17
TXN000004558,CUST056890,2019-01-15,09:45,Savings,POS,817.34,Debit,172997.06,Healthcare,West Bengal,742,0,No loan,0.0,Failed,ATM,Verified,0,9
TXN000004559,CUST068896,2019-01-15,00:06,Current,ATM_Withdrawal,2000.0,Debit,36554.52,Education,Tamil Nadu,378,0,No loan,0.0,Success,Web,Verified,0,0
TXN000004560,CUST035945,2019-01-15,17:30,Salary,UPI,197.82,Debit,207823.16,Utilities,Punjab,488,0,No loan,0.0,Success,Web,Verified,0,17
TXN000004561,CUST038135,2019-01-15,06:06,Savings,POS,1938.08,Debit,81167.28,Peer Transfer,Telangana,758,0,No loan,0.0,Success,Mobile_App,Verified,0,6
TXN000004562,CUST027324,2019-01-15,04:03,NRI,NEFT,4037.08,Credit,192893.87,Utilities,Delhi,806,0,No loan,0.0,Success,API,Verified,0,4
TXN000004563,CUST071763,2019-01-15,13:57,Savings,NEFT,18186.33,Debit,3622.99,Entertainment,Gujarat,657,1,Education,5570.5,Success,Mobile_App,Verified,0,13
TXN000004564,CUST025955,2019-01-15,18:58,Current,NEFT,26365.63,Credit,21676.46,Travel,Rajasthan,663,1,Personal,10266.3,Failed,POS_Terminal,Pending,0,18
TXN000004565,CUST055022,2019-01-15,02:16,Savings,POS,738.95,Debit,16522.84,Travel,Punjab,851,0,No loan,0.0,Success,POS_Terminal,Verified,0,2
TXN000004566,CUST079867,2019-01-15,07:43,Salary,POS,1579.96,Debit,171485.1,Entertainment,Tamil Nadu,624,0,No loan,0.0,Success,POS_Terminal,Expired,0,7
TXN000004567,CUST070428,2019-01-15,21:45,NRI,POS,6821.17,Debit,6789.28,Healthcare,Delhi,890,0,No loan,0.0,Success,Mobile_App,Verified,0,21
TXN000004568,CUST004993,2019-01-15,07:58,Salary,ATM_Withdrawal,2000.0,Debit,11864.17,Utilities,Maharashtra,835,1,Business,7422.47,Success,Web,Verified,0,7
TXN000004569,CUST001962,2019-01-15,07:30,Savings,UPI,305.1,Credit,6625.63,Government,Karnataka,376,1,Unknown,7326.88,Success,Web,Verified,0,7
TXN000004570,CUST012498,2019-01-15,19:07,NRI,UPI,295.1,Debit,288710.55,Salary,Delhi,802,0,No loan,0.0,Success,Mobile_App,Verified,0,19
TXN000004571,CUST032552,2019-01-15,18:08,Savings,NEFT,3373.74,Debit,5773.07,Utilities,Tamil Nadu,585,0,No loan,0.0,Success,ATM,Verified,0,18
TXN000004572,CUST076385,2019-01-15,01:21,Savings,UPI,481.61,Debit,30095.59,Retail,Tamil Nadu,506,0,No loan,0.0,Reversed,POS_Terminal,Verified,0,1
TXN000004573,CUST055756,2019-01-15,22:01,Salary,POS,254.94,Debit,83354.33,Healthcare,Maharashtra,454,0,No loan,0.0,Success,Branch,Verified,0,22
TXN000004574,CUST013256,2019-01-15,08:10,Savings,Net_Banking,101672.14,Credit,43443.36,Retail,Karnataka,458,1,Auto,2527.65,Pending,POS_Terminal,Verified,0,8
TXN000004575,CUST004568,2019-01-15,15:39,Savings,RTGS,1822485.52,Credit,20807.77,Food & Dining,UP,733,1,Personal,2078.59,Success,API,Pending,1,15
TXN000004576,CUST048848,2019-01-15,00:29,Savings,UPI,102.04,Debit,6475.54,E-Commerce,Maharashtra,310,0,No loan,0.0,Success,Web,Verified,0,0
TXN000004577,CUST048004,2019-01-15,23:22,Savings,UPI,3699.64,Debit,102395.61,Education,Maharashtra,458,0,No loan,0.0,Success,Mobile_App,Verified,0,23
TXN000004578,CUST020390,2019-01-15,10:31,Current,IMPS,60.5,Debit,18985.54,Healthcare,Rajasthan,571,1,Auto,5071.62,Success,Branch,Verified,0,10
TXN000004579,CUST044524,2019-01-15,10:28,Current,NEFT,108632.59,Credit,24714.04,Travel,Punjab,671,0,No loan,0.0,Success,POS_Terminal,Verified,0,10
TXN000004580,CUST061577,2019-01-15,02:54,Savings,ATM_Withdrawal,3000.0,Debit,11561.31,Travel,Rajasthan,546,0,No loan,0.0,Success,Web,Verified,0,2
TXN000004581,CUST043920,2019-01-15,11:49,Salary,UPI,653.95,Debit,11779.4,E-Commerce,Delhi,304,0,No loan,0.0,Success,Mobile_App,Verified,0,11
TXN000004582,CUST003359,2019-01-15,00:44,Salary,POS,2627.8,Debit,165471.15,Salary,UP,715,1,Business,2619.24,Success,ATM,Verified,0,0
TXN000004583,CUST076525,2019-01-15,18:23,Current,Credit_Card,775.87,Debit,71305.93,Food & Dining,Tamil Nadu,359,1,Personal,5874.0,Success,Web,Verified,0,18
TXN000004584,CUST005699,2019-01-15,06:13,NRI,IMPS,504.49,Credit,181523.51,Utilities,Tamil Nadu,446,1,Business,5415.83,Success,Mobile_App,Verified,0,6
TXN000004585,CUST066810,2019-01-15,23:58,Savings,IMPS,15955.79,Credit,54257.8,Retail,Telangana,558,0,No loan,0.0,Success,API,Verified,0,23
TXN000004586,CUST055806,2019-01-15,06:21,NRI,Credit_Card,320.39,Debit,12242.39,Salary,Maharashtra,799,1,Personal,4822.65,Success,Mobile_App,Verified,0,6
TXN000004587,CUST031350,2019-01-15,03:04,Current,Net_Banking,2251.55,Credit,2408.87,Investment,Karnataka,514,1,Home,9823.8,Success,Mobile_App,Verified,0,3
TXN000004588,CUST076778,2019-01-15,07:58,Current,ATM_Withdrawal,2000.0,Debit,4227035.1,Peer Transfer,Karnataka,407,0,No loan,0.0,Success,Mobile_App,Verified,0,7
TXN000004589,CUST050249,2019-01-15,12:26,Salary,UPI,3121.0,Credit,10591.24,E-Commerce,Rajasthan,679,0,No loan,0.0,Success,Branch,Verified,0,12
TXN000004590,CUST075034,2019-01-15,22:40,Salary,Net_Banking,82422.12,Credit,283673.86,Retail,Punjab,384,0,No loan,0.0,Success,ATM,Verified,0,22
TXN000004591,CUST044042,2019-01-15,20:16,Salary,Net_Banking,3964.39,Debit,103053.01,Real Estate,Gujarat,801,0,No loan,0.0,Success,API,Pending,0,20
TXN000004592,CUST031955,2019-01-15,12:40,Salary,Cheque,105711.09,Debit,29244.77,Salary,Maharashtra,677,1,Home,7540.68,Success,Branch,Verified,0,12
TXN000004593,CUST008003,2019-01-15,23:27,Savings,IMPS,18764.11,Debit,80575.22,Travel,UP,341,1,Home,2581.59,Success,Mobile_App,Verified,0,23
TXN000004594,CUST069784,2019-01-15,11:50,Savings,POS,2225.4,Debit,155914.45,E-Commerce,Delhi,353,0,No loan,0.0,Success,ATM,Verified,1,11
TXN000004595,CUST019739,2019-01-15,02:18,Current,NEFT,3883.55,Credit,2987.76,Salary,Delhi,688,0,No loan,0.0,Success,Web,Verified,0,2
TXN000004596,CUST010704,2019-01-15,04:56,Current,IMPS,1795.26,Credit,203736.71,Healthcare,Maharashtra,381,1,Home,21307.54,Success,Web,Verified,0,4
TXN000004597,CUST049423,2019-01-15,19:06,Fixed Deposit,NEFT,12314.09,Credit,102556.07,Salary,Tamil Nadu,551,1,Personal,964.18,Success,Web,Verified,0,19
TXN000004598,CUST061900,2019-01-15,16:47,Savings,POS,255.45,Debit,53208.96,Retail,Karnataka,769,0,No loan,0.0,Success,Web,Verified,0,16
TXN000004599,CUST012393,2019-01-15,05:19,Current,Auto_Debit,6331.47,Debit,10687.23,E-Commerce,Karnataka,865,0,No loan,0.0,Success,POS_Terminal,Verified,0,5
TXN000004600,CUST044725,2019-01-15,16:00,Savings,POS,125.0,Debit,41236.07,Utilities,West Bengal,431,0,No loan,0.0,Success,Mobile_App,Verified,0,16
TXN000004601,CUST032300,2019-01-15,13:45,Current,Net_Banking,62928.38,Debit,84561.82,Investment,Gujarat,857,0,No loan,0.0,Failed,Branch,Verified,0,13
TXN000004602,CUST015642,2019-01-15,02:59,Salary,NEFT,28232.29,Credit,1165.08,Healthcare,Delhi,548,1,Education,4459.7,Success,ATM,Verified,0,2
TXN000004603,CUST079535,2019-01-15,04:34,Current,ATM_Withdrawal,500.0,Debit,7629.21,Retail,Karnataka,433,1,Personal,9394.36,Success,Mobile_App,Expired,0,4
TXN000004604,CUST006306,2019-01-15,13:33,Savings,IMPS,3250.67,Debit,30016.92,Education,West Bengal,300,0,No loan,0.0,Success,POS_Terminal,Verified,0,13
TXN000004605,CUST018783,2019-01-15,01:10,Current,UPI,597.8,Credit,34446.56,Travel,Punjab,797,1,Personal,1493.4,Success,Mobile_App,Pending,0,1
TXN000004606,CUST078258,2019-01-15,16:01,Savings,POS,2544.01,Debit,399430.47,Food & Dining,Karnataka,341,0,No loan,0.0,Success,ATM,Verified,0,16
TXN000004607,CUST077964,2019-01-15,01:31,Fixed Deposit,UPI,73.4,Credit,25019.14,Healthcare,Maharashtra,614,0,No loan,0.0,Success,POS_Terminal,Pending,0,1
TXN000004608,CUST020567,2019-01-15,18:38,Current,UPI,40.84,Credit,13118.62,Insurance,Gujarat,358,1,Personal,4367.82,Success,Mobile_App,Verified,0,18
TXN000004609,CUST067767,2019-01-15,06:18,Current,UPI,119.69,Debit,20759.02,Insurance,Telangana,701,0,No loan,0.0,Success,Web,Verified,0,6
TXN000004610,CUST006512,2019-01-15,04:18,Current,ATM_Withdrawal,2000.0,Debit,38344.65,Utilities,Rajasthan,749,0,No loan,0.0,Success,Mobile_App,Verified,0,4
TXN000004611,CUST026178,2019-01-15,04:41,Fixed Deposit,UPI,3831.26,Credit,81768.9,Utilities,Karnataka,699,1,Business,10324.94,Success,Web,Verified,0,4
TXN000004612,CUST004766,2019-01-15,18:40,Fixed Deposit,UPI,5004.8,Debit,128120.27,Food & Dining,Delhi,354,1,Business,17611.56,Success,ATM,Verified,0,18
TXN000004613,CUST020355,2019-01-15,19:27,NRI,Auto_Debit,200.09,Debit,29171.65,E-Commerce,Delhi,616,0,No loan,0.0,Success,POS_Terminal,Verified,0,19
TXN000004614,CUST023930,2019-01-15,06:35,Savings,UPI,1603.09,Debit,145944.38,Retail,Maharashtra,705,1,Education,10157.09,Success,Web,Verified,0,6
TXN000004615,CUST028821,2019-01-16,06:08,NRI,IMPS,14138.21,Credit,34359.2,Healthcare,Punjab,583,0,No loan,0.0,Success,Mobile_App,Verified,0,6
TXN000004616,CUST029524,2019-01-16,10:41,Savings,IMPS,27607.08,Credit,11284.75,Insurance,Delhi,554,1,Business,1173.22,Success,Web,Verified,0,10
TXN000004617,CUST071089,2019-01-16,10:15,Fixed Deposit,IMPS,1160.34,Debit,2363.68,Salary,UP,781,1,Auto,2672.85,Success,Mobile_App,Verified,0,10
TXN000004618,CUST066164,2019-01-16,04:09,Salary,UPI,229.42,Debit,255720.86,Healthcare,UP,328,0,No loan,0.0,Success,Branch,Verified,0,4
TXN000004619,CUST077526,2019-01-16,06:15,Salary,UPI,220.26,Credit,76112.94,Government,Maharashtra,404,0,No loan,0.0,Success,POS_Terminal,Verified,0,6
TXN000004620,CUST013781,2019-01-16,11:09,Current,NEFT,3347.95,Credit,7245.12,Salary,West Bengal,521,0,No loan,0.0,Success,Mobile_App,Verified,0,11
TXN000004621,CUST006590,2019-01-16,02:20,Savings,POS,18733.75,Debit,23280.12,Travel,Telangana,319,1,Auto,10491.82,Success,Mobile_App,Verified,0,2
TXN000004622,CUST034813,2019-01-16,07:05,Current,Net_Banking,2545.2,Credit,70831.29,Food & Dining,West Bengal,536,0,No loan,0.0,Success,Mobile_App,Verified,0,7
TXN000004623,CUST045940,2019-01-16,13:19,Current,NEFT,68041.91,Debit,269972.1,Retail,Karnataka,423,1,Auto,3542.37,Success,Web,Verified,0,13
TXN000004624,CUST051494,2019-01-16,11:45,Salary,Net_Banking,309.81,Credit,39863.25,Fuel,UP,767,1,Auto,8359.85,Success,Mobile_App,Verified,0,11
TXN000004625,CUST040954,2019-01-16,08:30,Salary,Credit_Card,5336.71,Debit,82892.52,Salary,UP,810,0,No loan,0.0,Success,Web,Verified,0,8
TXN000004626,CUST065786,2019-01-16,17:59,Current,UPI,12233.9,Debit,1179.11,Fuel,Telangana,688,0,No loan,0.0,Success,POS_Terminal,Verified,0,17
TXN000004627,CUST019310,2019-01-16,08:41,Current,RTGS,138898.43,Debit,23133.4,Salary,UP,810,0,No loan,0.0,Success,Mobile_App,Verified,0,8
TXN000004628,CUST054196,2019-01-16,17:34,Savings,Cheque,5785.54,Credit,1454.41,Investment,Delhi,539,1,Unknown,1340.17,Success,Mobile_App,Verified,0,17
TXN000004629,CUST025902,2019-01-16,20:26,Savings,RTGS,48750.27,Debit,37572.9,Investment,Karnataka,328,0,No loan,0.0,Failed,POS_Terminal,Verified,0,20
TXN000004630,CUST023577,2019-01-16,05:23,NRI,RTGS,58954.1,Credit,6481.05,Healthcare,Telangana,548,1,Home,1748.86,Success,Mobile_App,Verified,0,5
TXN000004631,CUST031509,2019-01-16,18:22,Current,POS,1017.41,Debit,4697.41,Government,West Bengal,492,0,No loan,0.0,Success,ATM,Verified,0,18
TXN000004632,CUST074712,2019-01-16,15:46,Savings,NEFT,63849.35,Debit,44343.15,Travel,West Bengal,665,0,No loan,0.0,Success,POS_Terminal,Expired,0,15
TXN000004633,CUST025465,2019-01-16,09:08,Salary,IMPS,1888.16,Credit,89947.65,Salary,Karnataka,503,0,No loan,0.0,Success,ATM,Verified,0,9
TXN000004634,CUST060282,2019-01-16,18:01,NRI,IMPS,43232.52,Debit,16682.57,Investment,Tamil Nadu,786,0,No loan,0.0,Failed,Mobile_App,Verified,0,18
TXN000004635,CUST016261,2019-01-16,03:50,Savings,UPI,350.31,Debit,76594.47,Healthcare,Maharashtra,649,1,Personal,6073.96,Success,Mobile_App,Verified,0,3
TXN000004636,CUST035441,2019-01-16,02:51,Salary,ATM_Withdrawal,2000.0,Debit,23233.66,Food & Dining,Delhi,795,1,Home,9791.59,Success,ATM,Verified,0,2
TXN000004637,CUST056684,2019-01-16,15:06,Salary,Net_Banking,8380.99,Debit,911398.57,Utilities,Delhi,415,1,Education,12829.78,Success,POS_Terminal,Verified,0,15
TXN000004638,CUST041431,2019-01-16,12:37,Current,NEFT,1203.6,Credit,65896.26,Peer Transfer,Karnataka,638,0,No loan,0.0,Success,Branch,Verified,0,12
TXN000004639,CUST001988,2019-01-16,01:24,Savings,UPI,294.49,Debit,23197.24,Salary,Maharashtra,725,1,Auto,5919.23,Success,Branch,Verified,0,1
TXN000004640,CUST025106,2019-01-16,02:03,Salary,UPI,426.19,Debit,10342.31,Retail,Delhi,567,0,No loan,0.0,Success,ATM,Verified,0,2
TXN000004641,CUST078485,2019-01-16,02:16,Current,UPI,1130.14,Credit,326555.56,Travel,Karnataka,488,1,Business,2038.08,Success,Web,Verified,0,2
TXN000004642,CUST013027,2019-01-16,09:59,Savings,ATM_Withdrawal,10000.0,Debit,18961.41,Utilities,Tamil Nadu,764,0,No loan,0.0,Success,Mobile_App,Verified,0,9
TXN000004643,CUST068310,2019-01-16,22:30,Salary,POS,260.98,Debit,208526.49,Entertainment,Maharashtra,836,1,Business,5074.86,Success,Web,Verified,0,22
TXN000004644,CUST045928,2019-01-16,09:14,Fixed Deposit,Net_Banking,11082.48,Debit,12769.08,Entertainment,Delhi,512,1,Gold,9168.88,Reversed,Web,Verified,0,9
TXN000004645,CUST075415,2019-01-16,04:27,Current,UPI,464.5,Credit,4885.11,Education,Gujarat,601,0,No loan,0.0,Success,Mobile_App,Verified,0,4
TXN000004646,CUST057536,2019-01-16,14:11,Salary,Net_Banking,25823.48,Credit,383044.69,Retail,Tamil Nadu,542,0,No loan,0.0,Success,Mobile_App,Verified,0,14
TXN000004647,CUST042947,2019-01-16,16:40,Current,Auto_Debit,906.24,Debit,152349.79,E-Commerce,Karnataka,457,0,No loan,0.0,Failed,Mobile_App,Verified,0,16
TXN000004648,CUST056562,2019-01-16,07:12,Current,POS,1136.53,Debit,147683.59,Fuel,Tamil Nadu,457,1,Personal,1239.51,Success,Web,Expired,0,7
TXN000004649,CUST010378,2019-01-16,10:20,Current,Credit_Card,918.09,Debit,72212.88,Salary,Telangana,313,1,Personal,8023.43,Success,Mobile_App,Verified,0,10
TXN000004650,CUST053593,2019-01-16,18:12,Salary,UPI,1996.1,Credit,157155.79,E-Commerce,Rajasthan,569,1,Auto,3533.77,Success,Web,Verified,0,18
TXN000004651,CUST007348,2019-01-16,10:00,Savings,ATM_Withdrawal,500.0,Debit,70895.23,Investment,Tamil Nadu,380,1,Auto,4987.7,Success,Web,Verified,0,10
TXN000004652,CUST033777,2019-01-16,11:29,Savings,ATM_Withdrawal,3000.0,Debit,79256.2,Retail,Punjab,482,1,Gold,2942.86,Success,ATM,Verified,0,11
TXN000004653,CUST003784,2019-01-16,04:41,NRI,POS,1639.61,Debit,17672.12,Peer Transfer,West Bengal,389,0,No loan,0.0,Success,ATM,Verified,0,4
TXN000004654,CUST055799,2019-01-16,02:50,Current,IMPS,2236.82,Credit,66030.5,Retail,Gujarat,686,1,Business,8041.52,Success,Mobile_App,Verified,0,2
TXN000004655,CUST004299,2019-01-16,23:17,Current,Auto_Debit,1755.11,Debit,15012.64,Investment,Telangana,704,1,Home,10677.53,Success,API,Verified,0,23
TXN000004656,CUST070205,2019-01-16,01:53,Savings,UPI,2961.21,Debit,41313.46,Healthcare,Gujarat,816,0,No loan,0.0,Success,Mobile_App,Verified,0,1
TXN000004657,CUST055162,2019-01-16,09:04,NRI,Cheque,128540.87,Debit,47982.71,Real Estate,Karnataka,683,1,Personal,3004.26,Success,Web,Expired,0,9
TXN000004658,CUST060653,2019-01-16,07:33,Savings,IMPS,6760.67,Credit,52022.37,E-Commerce,Tamil Nadu,850,0,No loan,0.0,Success,Mobile_App,Verified,0,7
TXN000004659,CUST034485,2019-01-16,02:34,NRI,NEFT,16891.52,Credit,98029.17,Retail,Rajasthan,652,1,Personal,8277.44,Success,Mobile_App,Verified,0,2
TXN000004660,CUST020923,2019-01-16,06:25,Savings,Cheque,8678.34,Debit,228192.6,Entertainment,Gujarat,312,0,No loan,0.0,Success,Mobile_App,Verified,0,6
TXN000004661,CUST034029,2019-01-16,02:05,Savings,ATM_Withdrawal,2000.0,Debit,23617.41,Healthcare,Rajasthan,403,1,Unknown,8600.4,Success,Mobile_App,Verified,0,2
TXN000004662,CUST020317,2019-01-16,22:05,Savings,POS,2872.47,Debit,280681.5,Retail,Punjab,548,1,Education,7399.11,Success,API,Verified,0,22
TXN000004663,CUST076997,2019-01-16,01:56,Savings,RTGS,640129.96,Credit,2063225.07,Travel,UP,838,1,Home,5530.84,Success,Mobile_App,Verified,1,1
TXN000004664,CUST016969,2019-01-16,06:28,Savings,POS,352.7,Debit,15645.87,Food & Dining,Delhi,523,1,Business,2195.83,Success,Mobile_App,Pending,0,6
TXN000004665,CUST030267,2019-01-16,12:46,Savings,UPI,883.45,Credit,115255.87,Entertainment,Karnataka,807,1,Personal,5327.37,Success,Branch,Verified,0,12
TXN000004666,CUST024001,2019-01-16,16:01,Salary,IMPS,9226.83,Credit,15066.82,Entertainment,Tamil Nadu,821,0,No loan,0.0,Failed,Mobile_App,Verified,0,16
TXN000004667,CUST014012,2019-01-16,01:13,Savings,IMPS,3694.19,Debit,17250.91,Retail,Punjab,308,1,Gold,5064.25,Success,POS_Terminal,Verified,0,1
TXN000004668,CUST002867,2019-01-16,15:04,Savings,UPI,1425.35,Credit,106187.8,Peer Transfer,Maharashtra,438,0,No loan,0.0,Success,Mobile_App,Expired,0,15
TXN000004669,CUST005899,2019-01-16,16:30,Savings,UPI,13712.01,Debit,137410.22,Retail,Tamil Nadu,498,1,Unknown,3040.42,Success,Mobile_App,Verified,0,16
TXN000004670,CUST018396,2019-01-16,19:21,Current,Credit_Card,4889.32,Debit,897257.21,Food & Dining,Maharashtra,588,1,Auto,24089.94,Success,ATM,Verified,0,19
TXN000004671,CUST039020,2019-01-16,19:48,Salary,RTGS,128755.5,Credit,6832.74,Utilities,Rajasthan,429,1,Unknown,4919.95,Success,Web,Verified,0,19
TXN000004672,CUST004007,2019-01-16,07:17,Current,ATM_Withdrawal,5000.0,Debit,8792.37,Education,Telangana,660,0,No loan,0.0,Success,Mobile_App,Verified,0,7
TXN000004673,CUST034394,2019-01-16,07:38,Savings,POS,2178.76,Debit,222024.8,Healthcare,Punjab,580,0,No loan,0.0,Success,API,Verified,0,7
TXN000004674,CUST010957,2019-01-16,22:59,Savings,UPI,5786.88,Credit,63910.9,E-Commerce,Punjab,412,0,No loan,0.0,Reversed,ATM,Verified,0,22
TXN000004675,CUST050043,2019-01-16,00:42,Savings,NEFT,40578.26,Debit,31426.24,E-Commerce,UP,533,1,Personal,3321.91,Success,ATM,Verified,0,0
TXN000004676,CUST006079,2019-01-16,20:23,Savings,UPI,702.45,Debit,139135.31,Education,Maharashtra,693,1,Auto,3841.09,Success,Mobile_App,Verified,0,20
TXN000004677,CUST029632,2019-01-16,14:12,Current,RTGS,871347.14,Debit,26148.96,Retail,Gujarat,481,1,Auto,2136.97,Success,Web,Verified,0,14
TXN000004678,CUST062902,2019-01-16,09:53,NRI,Cheque,30113.77,Debit,111195.78,E-Commerce,West Bengal,395,0,No loan,0.0,Success,ATM,Verified,0,9
TXN000004679,CUST069498,2019-01-16,12:48,Savings,ATM_Withdrawal,1000.0,Debit,30431.72,Entertainment,Telangana,333,0,No loan,0.0,Success,Mobile_App,Verified,0,12
TXN000004680,CUST041575,2019-01-16,23:15,Salary,UPI,172.25,Debit,348717.1,Food & Dining,Delhi,600,1,Home,4000.6,Success,Mobile_App,Verified,0,23
TXN000004681,CUST031418,2019-01-16,13:30,Savings,IMPS,1161.48,Credit,130083.59,Retail,Gujarat,656,0,No loan,0.0,Success,Branch,Verified,0,13
TXN000004682,CUST065007,2019-01-16,06:55,Current,IMPS,1357.27,Debit,76197.47,Food & Dining,Maharashtra,482,0,No loan,0.0,Success,Web,Verified,0,6
TXN000004683,CUST039455,2019-01-16,00:19,NRI,RTGS,20901.12,Credit,68183.3,Utilities,Punjab,765,0,No loan,0.0,Success,Web,Verified,0,0
TXN000004684,CUST001588,2019-01-16,05:22,Salary,POS,662.66,Debit,14158.9,Travel,Karnataka,701,0,No loan,0.0,Success,Branch,Verified,0,5
TXN000004685,CUST054711,2019-01-16,12:31,Savings,ATM_Withdrawal,10000.0,Debit,34541.94,Utilities,Maharashtra,418,0,No loan,0.0,Success,ATM,Verified,0,12
TXN000004686,CUST075887,2019-01-16,12:21,Savings,Net_Banking,675.21,Debit,8641.46,Retail,Karnataka,575,0,No loan,0.0,Success,Web,Verified,0,12
TXN000004687,CUST018817,2019-01-16,21:27,Current,UPI,882.62,Credit,17211.01,Education,Maharashtra,713,0,No loan,0.0,Success,Web,Pending,0,21
TXN000004688,CUST029433,2019-01-16,04:28,Current,UPI,1510.36,Debit,16305.55,E-Commerce,Tamil Nadu,595,1,Personal,5889.56,Success,Mobile_App,Verified,0,4
TXN000004689,CUST048618,2019-01-16,15:27,Savings,Net_Banking,40667.2,Credit,182013.3,E-Commerce,UP,840,1,Business,11790.6,Success,Mobile_App,Verified,0,15
TXN000004690,CUST072374,2019-01-16,14:01,Current,POS,931.17,Debit,2868.92,Government,UP,332,0,No loan,0.0,Success,ATM,Verified,0,14
TXN000004691,CUST034218,2019-01-16,23:54,Current,UPI,164.37,Credit,225230.16,Food & Dining,West Bengal,777,0,No loan,0.0,Success,Mobile_App,Verified,0,23
TXN000004692,CUST020885,2019-01-16,23:20,Savings,ATM_Withdrawal,2000.0,Debit,30987.69,Entertainment,Gujarat,512,0,No loan,0.0,Success,Branch,Verified,0,23
TXN000004693,CUST005455,2019-01-16,16:31,Savings,UPI,509.31,Debit,231678.46,Salary,West Bengal,433,0,No loan,0.0,Success,API,Verified,0,16
TXN000004694,CUST074961,2019-01-16,14:20,Current,POS,469.85,Debit,39718.97,Education,Karnataka,765,0,No loan,0.0,Success,Mobile_App,Verified,0,14
TXN000004695,CUST043619,2019-01-16,20:08,Salary,IMPS,6545.2,Credit,10040.03,Travel,Gujarat,330,0,No loan,0.0,Success,Web,Verified,0,20
TXN000004696,CUST062672,2019-01-16,14:51,Savings,Auto_Debit,4757.92,Debit,19218.77,Retail,Maharashtra,750,1,Business,3205.94,Success,Mobile_App,Pending,0,14
TXN000004697,CUST047112,2019-01-16,07:52,Current,IMPS,1434.53,Credit,3366.31,Fuel,Rajasthan,413,0,No loan,0.0,Success,ATM,Verified,0,7
TXN000004698,CUST039614,2019-01-16,00:16,Savings,Cheque,151294.17,Debit,8949.8,Travel,Delhi,743,0,No loan,0.0,Success,POS_Terminal,Verified,0,0
TXN000004699,CUST059994,2019-01-16,17:04,Savings,NEFT,3837.53,Credit,11260.76,Government,Rajasthan,640,0,No loan,0.0,Success,Mobile_App,Verified,0,17
TXN000004700,CUST008849,2019-01-16,16:30,Savings,NEFT,11013.08,Debit,79246.9,Travel,Telangana,488,0,No loan,0.0,Success,Branch,Verified,0,16
TXN000004701,CUST078673,2019-01-16,14:44,Current,IMPS,4144.85,Debit,26812.09,Real Estate,Karnataka,879,1,Unknown,3340.63,Success,Branch,Verified,0,14
TXN000004702,CUST066126,2019-01-16,19:31,Current,NEFT,316514.51,Debit,9907.38,Peer Transfer,Maharashtra,586,0,No loan,0.0,Success,Mobile_App,Verified,0,19
TXN000004703,CUST061603,2019-01-16,07:20,Savings,UPI,207.14,Debit,132764.35,Salary,West Bengal,821,0,No loan,0.0,Success,Web,Verified,0,7
TXN000004704,CUST072046,2019-01-16,23:25,Current,POS,708.71,Debit,361785.68,Peer Transfer,Rajasthan,453,0,No loan,0.0,Success,ATM,Verified,0,23
TXN000004705,CUST042223,2019-01-16,21:14,Savings,POS,2157.29,Debit,34505.25,Travel,Delhi,815,1,Personal,3117.61,Success,Web,Verified,0,21
TXN000004706,CUST049224,2019-01-16,09:27,Savings,UPI,2425.33,Credit,313178.18,Education,West Bengal,539,1,Auto,3277.63,Success,POS_Terminal,Verified,0,9
TXN000004707,CUST065334,2019-01-16,06:35,Current,POS,540.93,Debit,36681.2,Retail,Tamil Nadu,872,0,No loan,0.0,Success,Web,Expired,0,6
TXN000004708,CUST052733,2019-01-16,06:06,Savings,UPI,1103.12,Debit,30760.89,Peer Transfer,Tamil Nadu,432,1,Education,6765.24,Success,Web,Verified,0,6
TXN000004709,CUST049421,2019-01-16,13:57,Current,UPI,147.23,Debit,3542.72,Retail,Gujarat,720,0,No loan,0.0,Success,API,Verified,0,13
TXN000004710,CUST075505,2019-01-16,17:30,Savings,ATM_Withdrawal,1000.0,Debit,14833.85,Salary,UP,588,0,No loan,0.0,Success,Web,Verified,0,17
TXN000004711,CUST002463,2019-01-16,22:16,Savings,ATM_Withdrawal,2000.0,Debit,97957.97,Salary,Delhi,830,0,No loan,0.0,Success,Web,Verified,0,22
TXN000004712,CUST009461,2019-01-16,20:15,NRI,Net_Banking,3288.51,Credit,4147.15,Food & Dining,Karnataka,337,1,Personal,3319.23,Success,Mobile_App,Verified,0,20
TXN000004713,CUST009276,2019-01-16,08:15,Savings,NEFT,926.89,Debit,28242.74,Healthcare,Gujarat,792,0,No loan,0.0,Success,POS_Terminal,Verified,0,8
TXN000004714,CUST013270,2019-01-16,11:12,Savings,Auto_Debit,578.46,Debit,50597.64,Peer Transfer,Karnataka,412,0,No loan,0.0,Success,Web,Verified,0,11
TXN000004715,CUST065943,2019-01-16,12:16,Savings,ATM_Withdrawal,3000.0,Debit,15627.94,Education,Gujarat,566,1,Personal,4091.96,Success,Web,Verified,0,12
TXN000004716,CUST072921,2019-01-16,11:31,Fixed Deposit,UPI,861.92,Credit,48850.3,Food & Dining,Maharashtra,555,0,No loan,0.0,Success,POS_Terminal,Verified,0,11
TXN000004717,CUST022554,2019-01-16,12:28,Savings,IMPS,3660.54,Debit,4204.59,Salary,Karnataka,312,0,No loan,0.0,Success,Web,Verified,0,12
TXN000004718,CUST024367,2019-01-16,13:21,Current,NEFT,3689.06,Debit,9885.95,E-Commerce,Maharashtra,413,0,No loan,0.0,Success,API,Verified,0,13
TXN000004719,CUST044037,2019-01-16,03:56,Savings,POS,905.63,Debit,51529.25,E-Commerce,Telangana,596,0,No loan,0.0,Success,API,Verified,0,3
TXN000004720,CUST017370,2019-01-16,22:08,Current,Auto_Debit,880.73,Debit,86103.63,Travel,West Bengal,630,0,No loan,0.0,Success,Mobile_App,Verified,0,22
TXN000004721,CUST011796,2019-01-16,06:14,Savings,NEFT,43750.15,Credit,47008.6,Fuel,Gujarat,512,1,Personal,1189.16,Success,Web,Verified,0,6
TXN000004722,CUST070022,2019-01-16,08:40,Savings,UPI,141.78,Debit,21375.34,E-Commerce,Telangana,861,0,No loan,0.0,Success,Mobile_App,Verified,0,8
TXN000004723,CUST068155,2019-01-16,07:46,Savings,UPI,223.81,Debit,51997.68,Education,UP,776,1,Business,4411.37,Reversed,Web,Verified,0,7
TXN000004724,CUST030144,2019-01-16,07:43,Fixed Deposit,IMPS,348.49,Debit,115804.24,Food & Dining,Karnataka,601,1,Personal,3367.94,Success,Mobile_App,Verified,0,7
TXN000004725,CUST029426,2019-01-16,20:08,Salary,UPI,1103.99,Debit,15857.81,Peer Transfer,UP,689,0,No loan,0.0,Success,Mobile_App,Verified,0,20
TXN000004726,CUST075140,2019-01-16,05:10,Savings,RTGS,144993.75,Debit,6559.05,Education,Rajasthan,539,0,No loan,0.0,Success,Mobile_App,Verified,0,5
TXN000004727,CUST005369,2019-01-16,08:29,Salary,UPI,2753.37,Debit,126490.07,E-Commerce,UP,507,1,Personal,1898.29,Success,ATM,Verified,0,8
TXN000004728,CUST004622,2019-01-16,14:53,Savings,POS,517.5,Debit,220202.74,Entertainment,UP,369,0,No loan,0.0,Failed,Mobile_App,Verified,0,14
TXN000004729,CUST058830,2019-01-16,20:04,Savings,NEFT,1938.12,Credit,77476.01,Food & Dining,Gujarat,389,0,No loan,0.0,Success,POS_Terminal,Verified,0,20
TXN000004730,CUST060295,2019-01-16,13:08,Savings,RTGS,110020.05,Debit,171410.44,Government,Maharashtra,522,1,Home,2362.62,Success,Web,Pending,0,13
TXN000004731,CUST014720,2019-01-16,21:02,Savings,UPI,4942.61,Debit,113651.82,Retail,Telangana,862,0,No loan,0.0,Success,ATM,Verified,0,21
TXN000004732,CUST029228,2019-01-16,20:37,Fixed Deposit,POS,5490.61,Debit,5475.27,Utilities,Tamil Nadu,357,0,No loan,0.0,Success,Web,Verified,0,20
TXN000004733,CUST007567,2019-01-16,18:37,Current,RTGS,104592.27,Credit,55338.03,Retail,West Bengal,345,1,Personal,1907.37,Success,Mobile_App,Expired,0,18
TXN000004734,CUST012307,2019-01-16,18:21,Current,POS,644.54,Debit,56069.72,Utilities,Maharashtra,494,0,No loan,0.0,Success,POS_Terminal,Verified,0,18
TXN000004735,CUST053823,2019-01-16,08:02,Current,IMPS,7415.87,Credit,6074.86,E-Commerce,Maharashtra,435,1,Business,1573.81,Success,Web,Verified,0,8
TXN000004736,CUST024043,2019-01-16,23:14,Savings,ATM_Withdrawal,10000.0,Debit,9628.68,Food & Dining,Delhi,579,0,No loan,0.0,Success,API,Verified,0,23
TXN000004737,CUST015087,2019-01-16,17:32,Current,POS,410.7,Debit,19250.39,Education,Maharashtra,681,0,No loan,0.0,Success,Mobile_App,Verified,0,17
TXN000004738,CUST017388,2019-01-16,05:45,Savings,POS,704.97,Debit,62246.1,Government,Karnataka,886,0,No loan,0.0,Success,POS_Terminal,Verified,0,5
TXN000004739,CUST027043,2019-01-16,09:29,Current,IMPS,8202.48,Debit,40086.89,Government,Tamil Nadu,381,0,No loan,0.0,Success,Mobile_App,Verified,0,9
TXN000004740,CUST051619,2019-01-16,05:51,Salary,ATM_Withdrawal,1000.0,Debit,24623.25,E-Commerce,Tamil Nadu,869,0,No loan,0.0,Success,Mobile_App,Verified,0,5
TXN000004741,CUST018324,2019-01-16,22:54,Salary,IMPS,2523.66,Credit,12767.52,Peer Transfer,Tamil Nadu,730,0,No loan,0.0,Success,POS_Terminal,Verified,0,22
TXN000004742,CUST018020,2019-01-16,16:20,NRI,IMPS,18134.45,Credit,10081.78,Salary,Punjab,540,0,No loan,0.0,Success,Mobile_App,Verified,0,16
TXN000004743,CUST075427,2019-01-16,21:22,Savings,POS,914.63,Debit,104455.16,Salary,West Bengal,792,0,No loan,0.0,Pending,Mobile_App,Verified,0,21
TXN000004744,CUST040864,2019-01-16,08:34,Current,UPI,1428.34,Debit,19523.08,Food & Dining,Tamil Nadu,547,0,No loan,0.0,Success,Mobile_App,Verified,0,8
TXN000004745,CUST010284,2019-01-16,20:06,Current,NEFT,672.17,Credit,106529.52,Salary,Maharashtra,752,0,No loan,0.0,Success,Branch,Verified,0,20
TXN000004746,CUST018280,2019-01-16,23:47,Savings,Auto_Debit,1545.7,Debit,54131.28,Healthcare,Maharashtra,629,0,No loan,0.0,Success,Mobile_App,Verified,0,23
TXN000004747,CUST047000,2019-01-16,00:06,Savings,NEFT,2988.48,Credit,55464.63,E-Commerce,Tamil Nadu,640,0,No loan,0.0,Failed,Web,Expired,0,0
TXN000004748,CUST062781,2019-01-16,06:58,Salary,Net_Banking,4157.33,Credit,46298.61,Food & Dining,Maharashtra,353,1,Personal,11556.24,Failed,Mobile_App,Verified,0,6
TXN000004749,CUST022909,2019-01-16,05:10,Current,Net_Banking,1876.7,Debit,520965.71,Travel,Telangana,491,0,No loan,0.0,Success,ATM,Verified,0,5
TXN000004750,CUST061585,2019-01-16,15:29,Salary,ATM_Withdrawal,2000.0,Debit,106938.2,Insurance,Karnataka,844,1,Unknown,3098.94,Success,Mobile_App,Verified,0,15
TXN000004751,CUST050226,2019-01-16,17:14,Savings,Auto_Debit,1091.04,Debit,10960.63,E-Commerce,Rajasthan,480,0,No loan,0.0,Success,ATM,Verified,0,17
TXN000004752,CUST037953,2019-01-16,15:33,Salary,UPI,391.5,Credit,63343.46,Investment,Maharashtra,589,1,Personal,13246.29,Success,ATM,Verified,0,15
TXN000004753,CUST037664,2019-01-16,23:35,Current,UPI,219.17,Debit,40311.04,Healthcare,Gujarat,410,0,No loan,0.0,Success,Mobile_App,Expired,0,23
TXN000004754,CUST061382,2019-01-16,12:13,Salary,UPI,270.74,Debit,27172.02,Travel,Maharashtra,727,1,Auto,13803.05,Failed,Web,Verified,0,12
TXN000004755,CUST047930,2019-01-16,03:57,Savings,NEFT,43907.2,Credit,81688.51,E-Commerce,Tamil Nadu,399,0,No loan,0.0,Success,Branch,Verified,0,3
TXN000004756,CUST009344,2019-01-16,18:05,Savings,POS,6140.12,Debit,27853.47,E-Commerce,Gujarat,606,1,Unknown,18956.3,Success,Web,Verified,0,18
TXN000004757,CUST076174,2019-01-16,01:52,Current,POS,3256.0,Debit,60408.68,Insurance,Delhi,322,0,No loan,0.0,Success,Mobile_App,Verified,0,1
TXN000004758,CUST039792,2019-01-16,16:07,Current,ATM_Withdrawal,500.0,Debit,15867.72,Food & Dining,Tamil Nadu,461,0,No loan,0.0,Success,Mobile_App,Verified,0,16
TXN000004759,CUST029135,2019-01-16,07:00,Savings,POS,8261.65,Debit,13420.96,Investment,Maharashtra,795,0,No loan,0.0,Success,Mobile_App,Verified,0,7
TXN000004760,CUST047102,2019-01-16,08:11,Current,Credit_Card,598.85,Debit,15385.28,Food & Dining,West Bengal,620,0,No loan,0.0,Success,Mobile_App,Verified,0,8
TXN000004761,CUST069444,2019-01-16,11:57,Savings,POS,2353.51,Debit,13639.3,Retail,Delhi,361,0,No loan,0.0,Success,Web,Verified,0,11
TXN000004762,CUST057531,2019-01-16,03:30,Savings,Cheque,6989.39,Debit,25447.76,Education,Karnataka,539,1,Personal,1817.75,Success,POS_Terminal,Verified,0,3
TXN000004763,CUST046800,2019-01-16,19:41,Salary,UPI,659.67,Credit,2992.69,Retail,Maharashtra,523,1,Personal,10966.66,Success,Mobile_App,Pending,0,19
TXN000004764,CUST004828,2019-01-16,20:30,Current,NEFT,49335.05,Credit,6161.78,Investment,Telangana,682,1,Unknown,3008.55,Success,POS_Terminal,Verified,0,20
TXN000004765,CUST062654,2019-01-16,17:21,Savings,UPI,2167.87,Credit,8500.25,Peer Transfer,Telangana,534,0,No loan,0.0,Success,Branch,Verified,0,17
TXN000004766,CUST013700,2019-01-16,06:49,Savings,Cheque,923550.7,Debit,188339.9,Retail,Tamil Nadu,380,0,No loan,0.0,Success,Mobile_App,Verified,0,6
TXN000004767,CUST005314,2019-01-16,07:21,Salary,UPI,529.62,Credit,198842.53,Utilities,Karnataka,545,1,Home,7733.08,Success,Mobile_App,Verified,0,7
TXN000004768,CUST013599,2019-01-16,21:40,Savings,UPI,1131.57,Credit,316615.22,Retail,UP,618,0,No loan,0.0,Success,Web,Verified,0,21
TXN000004769,CUST028808,2019-01-16,23:59,Savings,NEFT,84727.45,Debit,112247.56,Food & Dining,Maharashtra,629,0,No loan,0.0,Reversed,ATM,Verified,0,23
TXN000004770,CUST070424,2019-01-16,15:29,Savings,ATM_Withdrawal,1000.0,Debit,55926.47,Retail,Karnataka,737,1,Home,4690.11,Success,Web,Verified,0,15
TXN000004771,CUST069391,2019-01-16,05:45,Current,ATM_Withdrawal,2000.0,Debit,17463.1,Retail,Karnataka,732,1,Home,8011.13,Success,Mobile_App,Verified,0,5
TXN000004772,CUST045227,2019-01-16,00:55,Current,UPI,717.8,Credit,20253.55,Retail,Tamil Nadu,681,0,No loan,0.0,Success,ATM,Verified,0,0
TXN000004773,CUST059551,2019-01-16,21:02,Salary,POS,177.98,Debit,10685.44,Insurance,Delhi,615,0,No loan,0.0,Success,Mobile_App,Verified,0,21
TXN000004774,CUST003559,2019-01-16,15:17,Savings,Cheque,181285.41,Credit,15553.24,Government,West Bengal,806,0,No loan,0.0,Success,Mobile_App,Verified,0,15
TXN000004775,CUST075309,2019-01-16,05:15,Current,Auto_Debit,2312.82,Debit,8975.37,Food & Dining,Telangana,379,1,Personal,4866.91,Failed,Mobile_App,Pending,0,5
TXN000004776,CUST050114,2019-01-16,20:43,Savings,UPI,808.34,Debit,71952.85,Retail,Maharashtra,748,0,No loan,0.0,Success,Mobile_App,Verified,0,20
TXN000004777,CUST053000,2019-01-16,17:56,Fixed Deposit,UPI,7961.75,Debit,142609.56,Entertainment,Maharashtra,742,1,Home,19763.0,Pending,ATM,Verified,0,17
TXN000004778,CUST055879,2019-01-16,14:38,NRI,Auto_Debit,651.26,Debit,22569.1,Investment,Karnataka,874,0,No loan,0.0,Success,ATM,Verified,0,14
TXN000004779,CUST036344,2019-01-16,15:21,Current,POS,330.42,Debit,5146.55,Entertainment,West Bengal,838,0,No loan,0.0,Success,Web,Verified,0,15
TXN000004780,CUST058220,2019-01-16,20:41,Current,Auto_Debit,5836.15,Debit,153730.18,Food & Dining,Maharashtra,678,1,Personal,3401.22,Failed,Mobile_App,Verified,0,20
TXN000004781,CUST035187,2019-01-16,22:25,Savings,Net_Banking,18508.64,Credit,4149.68,Healthcare,Delhi,806,1,Home,1262.83,Success,Web,Verified,0,22
TXN000004782,CUST036967,2019-01-16,10:32,Current,UPI,697.82,Debit,28948.66,Salary,UP,790,0,No loan,0.0,Success,ATM,Verified,0,10
TXN000004783,CUST033770,2019-01-16,03:52,Savings,Cheque,33470.69,Debit,32801.04,Peer Transfer,West Bengal,658,0,No loan,0.0,Success,Mobile_App,Verified,0,3
TXN000004784,CUST053219,2019-01-16,20:15,Fixed Deposit,IMPS,15653.89,Credit,11280.97,Real Estate,Karnataka,843,1,Education,12868.79,Success,POS_Terminal,Verified,0,20
TXN000004785,CUST019230,2019-01-16,20:55,Savings,IMPS,15296.55,Credit,16444.57,Peer Transfer,Gujarat,853,1,Business,1276.7,Success,POS_Terminal,Verified,0,20
TXN000004786,CUST075210,2019-01-16,13:44,Current,IMPS,6602.48,Credit,19284.37,Healthcare,Punjab,341,0,No loan,0.0,Success,Mobile_App,Pending,0,13
TXN000004787,CUST027878,2019-01-16,06:23,Salary,UPI,102.22,Debit,314851.84,E-Commerce,Punjab,898,0,No loan,0.0,Success,Mobile_App,Verified,0,6
TXN000004788,CUST058002,2019-01-16,03:55,Savings,POS,2487.29,Debit,41052.48,E-Commerce,Karnataka,811,0,No loan,0.0,Success,Mobile_App,Verified,0,3
TXN000004789,CUST038085,2019-01-16,12:18,Savings,Auto_Debit,936.88,Debit,252173.36,Utilities,Delhi,747,1,Personal,2185.46,Success,Mobile_App,Verified,0,12
TXN000004790,CUST016807,2019-01-16,00:27,Current,Net_Banking,5921.66,Debit,48599.87,Fuel,Maharashtra,642,0,No loan,0.0,Success,ATM,Verified,0,0
TXN000004791,CUST037035,2019-01-16,01:51,Current,IMPS,2592.46,Credit,740962.55,Food & Dining,Karnataka,417,1,Personal,3367.05,Success,Web,Verified,0,1
TXN000004792,CUST040318,2019-01-16,04:03,Current,IMPS,647.51,Debit,20651.68,Utilities,Tamil Nadu,879,0,No loan,0.0,Success,Mobile_App,Verified,0,4
TXN000004793,CUST055469,2019-01-16,22:15,Savings,ATM_Withdrawal,1000.0,Debit,3558.25,Healthcare,Gujarat,571,0,No loan,0.0,Success,Web,Verified,0,22
TXN000004794,CUST019095,2019-01-16,01:45,Fixed Deposit,ATM_Withdrawal,10000.0,Debit,24655.46,Retail,Delhi,776,1,Education,5680.25,Success,Mobile_App,Verified,0,1
TXN000004795,CUST057797,2019-01-16,05:23,Current,ATM_Withdrawal,10000.0,Debit,15636.4,Travel,Telangana,461,0,No loan,0.0,Success,API,Verified,0,5
TXN000004796,CUST010590,2019-01-16,21:57,Salary,POS,629.26,Debit,131782.33,Fuel,Gujarat,351,1,Home,4175.85,Success,Mobile_App,Verified,0,21
TXN000004797,CUST057222,2019-01-16,11:22,Savings,UPI,844.77,Credit,74260.61,Peer Transfer,Delhi,698,0,No loan,0.0,Success,POS_Terminal,Verified,0,11
TXN000004798,CUST001658,2019-01-16,05:21,Savings,POS,368.39,Debit,27870.23,Insurance,Maharashtra,891,1,Personal,16433.5,Success,Web,Verified,0,5
TXN000004799,CUST039532,2019-01-16,00:20,Salary,IMPS,858.25,Debit,31715.45,Investment,Rajasthan,430,0,No loan,0.0,Success,Mobile_App,Verified,0,0
TXN000004800,CUST052228,2019-01-16,01:24,Savings,ATM_Withdrawal,3000.0,Debit,6166.95,Peer Transfer,West Bengal,636,0,No loan,0.0,Success,Mobile_App,Verified,0,1
TXN000004801,CUST003165,2019-01-16,15:06,Current,UPI,624.81,Debit,11319.01,Real Estate,Gujarat,840,1,Home,2328.02,Success,Mobile_App,Verified,0,15
TXN000004802,CUST041248,2019-01-16,12:42,Current,Auto_Debit,2415.92,Debit,29743.87,Salary,Gujarat,355,0,No loan,0.0,Success,Web,Verified,0,12
TXN000004803,CUST019602,2019-01-16,04:13,Salary,UPI,645.05,Credit,18956.41,Travel,Telangana,559,1,Auto,3410.31,Success,ATM,Pending,0,4
TXN000004804,CUST050600,2019-01-16,02:01,Savings,UPI,1934.12,Debit,69832.58,Entertainment,Maharashtra,568,0,No loan,0.0,Success,Mobile_App,Verified,0,2
TXN000004805,CUST071546,2019-01-16,07:26,Savings,POS,1075.24,Debit,9806.7,Investment,Maharashtra,714,1,Auto,4286.85,Success,Mobile_App,Verified,0,7
TXN000004806,CUST004553,2019-01-16,06:13,Savings,UPI,1361.92,Debit,33481.6,Retail,Delhi,531,1,Personal,2379.64,Success,Web,Verified,0,6
TXN000004807,CUST009418,2019-01-16,10:23,Savings,UPI,1200.4,Debit,23637.84,Retail,Maharashtra,327,0,No loan,0.0,Success,Branch,Verified,0,10
TXN000004808,CUST058580,2019-01-16,10:14,Salary,NEFT,79759.33,Debit,19258.05,Utilities,Tamil Nadu,540,0,No loan,0.0,Failed,POS_Terminal,Verified,0,10
TXN000004809,CUST068208,2019-01-16,23:23,Savings,UPI,412.54,Debit,81237.38,Entertainment,UP,501,1,Home,9278.96,Success,ATM,Verified,0,23
TXN000004810,CUST072056,2019-01-16,18:04,Savings,NEFT,2305.52,Credit,28333.83,Investment,Tamil Nadu,739,1,Personal,5397.76,Success,Web,Verified,0,18
TXN000004811,CUST078271,2019-01-16,15:40,Salary,IMPS,17248.91,Debit,189809.89,Retail,Tamil Nadu,340,0,No loan,0.0,Success,Mobile_App,Verified,0,15
TXN000004812,CUST003723,2019-01-16,22:52,Savings,UPI,4899.6,Credit,21034.61,Retail,Tamil Nadu,822,1,Home,1785.1,Failed,Mobile_App,Pending,0,22
TXN000004813,CUST070443,2019-01-16,21:51,Savings,RTGS,79876.05,Debit,28185.93,Retail,Maharashtra,370,1,Auto,3047.82,Success,API,Verified,0,21
TXN000004814,CUST040032,2019-01-16,13:02,Salary,Net_Banking,2979.27,Credit,140008.86,Investment,Telangana,527,0,No loan,0.0,Success,ATM,Verified,0,13
TXN000004815,CUST079236,2019-01-16,17:37,Salary,UPI,109.23,Credit,138662.88,Travel,Maharashtra,475,1,Education,3902.34,Success,Branch,Verified,0,17
TXN000004816,CUST021439,2019-01-16,17:56,Savings,Auto_Debit,1702.18,Debit,35096.58,E-Commerce,UP,806,0,No loan,0.0,Success,Mobile_App,Verified,0,17
TXN000004817,CUST058820,2019-01-16,10:36,Fixed Deposit,Cheque,17413.1,Debit,69475.01,Insurance,Rajasthan,413,0,No loan,0.0,Success,ATM,Verified,0,10
TXN000004818,CUST043857,2019-01-16,08:34,Savings,UPI,305.33,Credit,42333.87,Fuel,Delhi,438,1,Home,11779.92,Success,API,Verified,0,8
TXN000004819,CUST033577,2019-01-16,19:52,Savings,POS,1044.72,Debit,5864.31,Travel,Tamil Nadu,744,0,No loan,0.0,Success,API,Verified,0,19
TXN000004820,CUST041939,2019-01-16,02:48,Savings,UPI,2311.25,Credit,102393.01,E-Commerce,Maharashtra,525,0,No loan,0.0,Success,API,Verified,0,2
TXN000004821,CUST049029,2019-01-16,07:23,Salary,IMPS,2897.85,Credit,130131.35,Peer Transfer,UP,624,0,No loan,0.0,Success,Mobile_App,Verified,0,7
TXN000004822,CUST059808,2019-01-16,19:43,Savings,ATM_Withdrawal,2000.0,Debit,37434.57,Utilities,Karnataka,518,1,Home,8612.9,Success,Mobile_App,Verified,0,19
TXN000004823,CUST049878,2019-01-16,13:45,Salary,UPI,456.84,Debit,14884.27,Retail,Punjab,406,0,No loan,0.0,Success,POS_Terminal,Verified,0,13
TXN000004824,CUST043462,2019-01-16,11:20,Salary,UPI,66.19,Credit,72025.78,E-Commerce,Tamil Nadu,744,1,Personal,16263.38,Success,Mobile_App,Verified,0,11
TXN000004825,CUST040470,2019-01-16,23:51,Current,UPI,911.87,Debit,39896.72,Travel,Gujarat,437,0,No loan,0.0,Success,Web,Verified,0,23
TXN000004826,CUST020436,2019-01-16,01:58,Current,RTGS,227856.29,Debit,91036.42,Travel,Delhi,694,1,Unknown,3173.98,Success,Mobile_App,Verified,0,1
TXN000004827,CUST014192,2019-01-16,03:06,Savings,IMPS,148.33,Debit,6622.11,Fuel,Rajasthan,568,0,No loan,0.0,Failed,ATM,Verified,0,3
TXN000004828,CUST027387,2019-01-16,04:03,Savings,Net_Banking,9139.61,Credit,11257.3,Retail,Gujarat,785,0,No loan,0.0,Success,Branch,Pending,0,4
TXN000004829,CUST031722,2019-01-16,04:36,Fixed Deposit,ATM_Withdrawal,10000.0,Debit,35950.38,Travel,Delhi,728,0,No loan,0.0,Success,ATM,Expired,0,4
TXN000004830,CUST054787,2019-01-16,09:24,Savings,POS,1181.83,Debit,13811.28,Salary,Telangana,503,0,No loan,0.0,Success,Mobile_App,Verified,0,9
TXN000004831,CUST013705,2019-01-16,15:56,Savings,ATM_Withdrawal,1000.0,Debit,27939.47,Food & Dining,UP,402,0,No loan,0.0,Success,Mobile_App,Verified,0,15
TXN000004832,CUST056636,2019-01-16,11:25,Salary,Cheque,51792.63,Credit,46573.74,Utilities,Maharashtra,736,0,No loan,0.0,Success,Branch,Verified,0,11
TXN000004833,CUST002124,2019-01-16,21:17,Savings,UPI,239.93,Credit,48338.34,Education,Delhi,653,0,No loan,0.0,Success,ATM,Pending,0,21
TXN000004834,CUST062994,2019-01-16,15:06,Current,Auto_Debit,2532.3,Debit,107207.53,E-Commerce,West Bengal,718,0,No loan,0.0,Success,Mobile_App,Verified,0,15
TXN000004835,CUST025417,2019-01-16,11:01,NRI,IMPS,27683.59,Credit,33476.49,Food & Dining,Delhi,548,1,Gold,3640.26,Success,Web,Verified,0,11
TXN000004836,CUST001815,2019-01-16,16:42,Savings,NEFT,6123.37,Debit,216536.33,Travel,Tamil Nadu,425,0,No loan,0.0,Reversed,Web,Verified,0,16
TXN000004837,CUST078538,2019-01-16,21:38,Salary,IMPS,18887.48,Debit,112402.24,E-Commerce,Delhi,332,0,No loan,0.0,Success,Branch,Verified,0,21
TXN000004838,CUST050259,2019-01-16,12:46,Savings,POS,365.88,Debit,85173.32,Insurance,Tamil Nadu,840,1,Unknown,3451.9,Success,Mobile_App,Verified,0,12
TXN000004839,CUST016509,2019-01-16,01:23,Current,Cheque,57540.05,Credit,10236.69,E-Commerce,UP,621,1,Home,1550.12,Failed,Mobile_App,Verified,0,1
TXN000004840,CUST078917,2019-01-16,16:14,Current,POS,233.01,Debit,29698.02,Retail,Maharashtra,490,1,Home,4845.04,Success,Web,Verified,0,16
TXN000004841,CUST035700,2019-01-16,05:09,NRI,IMPS,1074.22,Debit,3836.45,Peer Transfer,Tamil Nadu,772,1,Personal,9410.44,Success,POS_Terminal,Verified,0,5
TXN000004842,CUST046336,2019-01-16,04:22,Salary,UPI,383.61,Debit,391620.9,Utilities,Gujarat,445,1,Unknown,6875.2,Success,Mobile_App,Verified,0,4
TXN000004843,CUST046807,2019-01-16,13:49,Savings,Cheque,24013.53,Debit,24549.12,Government,Tamil Nadu,721,0,No loan,0.0,Success,Mobile_App,Verified,0,13
TXN000004844,CUST077854,2019-01-16,03:46,Fixed Deposit,RTGS,84650.26,Debit,79232.23,Travel,Karnataka,466,0,No loan,0.0,Success,Mobile_App,Verified,0,3
TXN000004845,CUST063769,2019-01-16,07:45,Salary,ATM_Withdrawal,1000.0,Debit,18270.71,E-Commerce,Delhi,354,0,No loan,0.0,Success,Web,Pending,0,7
TXN000004846,CUST035740,2019-01-16,05:01,NRI,UPI,696.69,Debit,3390.79,Food & Dining,Gujarat,349,0,No loan,0.0,Success,POS_Terminal,Verified,0,5
TXN000004847,CUST034786,2019-01-16,17:33,Salary,UPI,923.24,Credit,44122.64,Entertainment,Maharashtra,734,1,Auto,8703.04,Success,ATM,Verified,0,17
TXN000004848,CUST031981,2019-01-16,21:00,Savings,Net_Banking,126474.19,Debit,10824.87,Utilities,Karnataka,371,0,No loan,0.0,Success,Web,Verified,1,21
TXN000004849,CUST001610,2019-01-16,03:31,Savings,NEFT,10694.4,Debit,41660.54,Salary,Delhi,730,0,No loan,0.0,Failed,Branch,Expired,0,3
TXN000004850,CUST066254,2019-01-16,14:54,Savings,POS,2750.0,Debit,37618.25,Fuel,UP,577,0,No loan,0.0,Success,POS_Terminal,Verified,0,14
TXN000004851,CUST028142,2019-01-16,11:12,Savings,UPI,982.98,Debit,41035.84,Peer Transfer,Punjab,810,1,Auto,6096.28,Success,Mobile_App,Verified,0,11
TXN000004852,CUST030010,2019-01-16,18:49,Salary,ATM_Withdrawal,5000.0,Debit,405987.94,Healthcare,Gujarat,652,0,No loan,0.0,Success,Mobile_App,Verified,0,18
TXN000004853,CUST006783,2019-01-16,04:07,Savings,ATM_Withdrawal,5000.0,Debit,1952.74,Utilities,Rajasthan,742,0,No loan,0.0,Success,Mobile_App,Verified,0,4
TXN000004854,CUST025934,2019-01-16,22:04,Salary,NEFT,13183.69,Debit,29009.47,Investment,West Bengal,323,0,No loan,0.0,Success,ATM,Verified,0,22
TXN000004855,CUST077155,2019-01-16,09:44,Current,NEFT,12643.82,Credit,39359.45,Government,West Bengal,592,0,No loan,0.0,Success,Mobile_App,Verified,0,9
TXN000004856,CUST008308,2019-01-16,08:00,Savings,UPI,132.21,Debit,62591.61,Retail,Karnataka,630,0,No loan,0.0,Reversed,API,Verified,0,8
TXN000004857,CUST075875,2019-01-16,17:38,Savings,UPI,642.53,Debit,23979.07,Education,West Bengal,734,0,No loan,0.0,Success,API,Verified,0,17
TXN000004858,CUST038347,2019-01-16,09:20,Current,IMPS,1812.09,Credit,4726.45,Entertainment,Delhi,548,0,No loan,0.0,Success,Mobile_App,Verified,0,9
TXN000004859,CUST050773,2019-01-16,10:45,Savings,IMPS,6832.65,Debit,20792.22,Fuel,Karnataka,410,1,Education,2671.27,Success,ATM,Verified,0,10
TXN000004860,CUST072085,2019-01-16,16:42,NRI,Auto_Debit,1014.58,Debit,85304.31,Real Estate,UP,314,0,No loan,0.0,Success,Web,Verified,0,16
TXN000004861,CUST040150,2019-01-16,21:33,Salary,UPI,149.07,Debit,13092.61,Healthcare,Telangana,589,0,No loan,0.0,Success,POS_Terminal,Verified,0,21
TXN000004862,CUST027527,2019-01-16,23:33,Current,NEFT,7109.93,Debit,12510.57,Utilities,Telangana,772,0,No loan,0.0,Success,Mobile_App,Verified,0,23
TXN000004863,CUST068478,2019-01-16,20:18,NRI,IMPS,7469.86,Debit,7736.01,Investment,Maharashtra,451,0,No loan,0.0,Success,Mobile_App,Verified,0,20
TXN000004864,CUST005696,2019-01-16,00:32,Savings,Auto_Debit,1315.8,Debit,33405.44,Government,Karnataka,521,0,No loan,0.0,Reversed,ATM,Verified,0,0
TXN000004865,CUST039170,2019-01-16,06:02,Current,ATM_Withdrawal,500.0,Debit,8620.04,Peer Transfer,Tamil Nadu,357,0,No loan,0.0,Success,Web,Verified,0,6
TXN000004866,CUST047948,2019-01-16,07:26,Salary,POS,4765.13,Debit,179752.52,Food & Dining,Telangana,586,1,Home,1459.47,Success,Branch,Verified,0,7
TXN000004867,CUST047225,2019-01-16,08:58,Savings,Net_Banking,1023.97,Credit,3117.32,Entertainment,Maharashtra,637,1,Home,23724.38,Success,Web,Verified,0,8
TXN000004868,CUST045866,2019-01-16,04:55,Current,UPI,385.19,Debit,75129.78,Government,Tamil Nadu,648,1,Business,6906.59,Success,Mobile_App,Expired,0,4
TXN000004869,CUST025554,2019-01-16,18:50,NRI,IMPS,911.16,Credit,629867.12,Retail,Karnataka,623,0,No loan,0.0,Success,ATM,Pending,0,18
TXN000004870,CUST060411,2019-01-16,13:46,Salary,UPI,312.89,Debit,353589.38,Food & Dining,Karnataka,825,0,No loan,0.0,Failed,Web,Verified,0,13
TXN000004871,CUST024817,2019-01-16,16:48,Salary,NEFT,152748.37,Credit,19629.26,Peer Transfer,UP,591,0,No loan,0.0,Success,Mobile_App,Pending,0,16
TXN000004872,CUST055027,2019-01-16,08:51,Salary,UPI,1018.68,Debit,40732.31,Peer Transfer,Rajasthan,561,1,Personal,3167.89,Success,Web,Verified,0,8
TXN000004873,CUST050706,2019-01-16,03:36,Savings,ATM_Withdrawal,5000.0,Debit,100164.27,Government,Rajasthan,742,0,No loan,0.0,Success,Web,Verified,0,3
TXN000004874,CUST061923,2019-01-16,22:31,Savings,UPI,636.69,Debit,17709.41,Travel,Karnataka,525,0,No loan,0.0,Success,Mobile_App,Verified,0,22
TXN000004875,CUST073915,2019-01-16,23:52,Fixed Deposit,UPI,3200.75,Debit,136485.82,Peer Transfer,Rajasthan,705,0,No loan,0.0,Success,Branch,Verified,0,23
TXN000004876,CUST001882,2019-01-16,05:50,Salary,UPI,481.43,Debit,46618.56,Entertainment,Tamil Nadu,774,0,No loan,0.0,Success,Mobile_App,Verified,0,5
TXN000004877,CUST039568,2019-01-16,05:06,Savings,ATM_Withdrawal,500.0,Debit,26972.66,E-Commerce,West Bengal,648,1,Personal,1545.32,Success,Mobile_App,Verified,0,5
TXN000004878,CUST047366,2019-01-16,04:38,Savings,Cheque,31580.89,Credit,19235.0,Fuel,Delhi,569,0,No loan,0.0,Success,ATM,Verified,0,4
TXN000004879,CUST079212,2019-01-16,23:08,NRI,POS,1909.49,Debit,45772.16,Investment,Karnataka,891,0,No loan,0.0,Success,POS_Terminal,Verified,0,23
TXN000004880,CUST070123,2019-01-16,19:58,NRI,UPI,67.56,Debit,37089.2,Education,West Bengal,485,1,Home,10009.77,Success,Mobile_App,Verified,0,19
TXN000004881,CUST025007,2019-01-16,06:18,Savings,Credit_Card,1160.0,Debit,49419.36,Travel,Gujarat,362,1,Personal,3879.4,Success,Web,Verified,0,6
TXN000004882,CUST041199,2019-01-16,00:15,Savings,UPI,2056.64,Debit,118488.09,Government,West Bengal,383,0,No loan,0.0,Success,Web,Verified,0,0
TXN000004883,CUST022832,2019-01-16,14:31,Current,UPI,322.08,Debit,120713.02,Retail,West Bengal,412,0,No loan,0.0,Success,Mobile_App,Verified,0,14
TXN000004884,CUST016460,2019-01-16,05:04,Fixed Deposit,IMPS,185600.61,Credit,8131.73,E-Commerce,Karnataka,328,0,No loan,0.0,Success,POS_Terminal,Verified,0,5
TXN000004885,CUST032444,2019-01-16,08:59,Current,UPI,285.98,Credit,106097.14,E-Commerce,West Bengal,322,0,No loan,0.0,Success,Mobile_App,Verified,0,8
TXN000004886,CUST042317,2019-01-16,02:36,Savings,Net_Banking,12027.11,Debit,34585.06,Food & Dining,West Bengal,585,1,Business,1754.67,Success,Web,Verified,0,2
TXN000004887,CUST064487,2019-01-16,13:37,Savings,UPI,57.8,Debit,35050.38,Travel,Telangana,770,1,Unknown,2122.03,Success,Mobile_App,Verified,0,13
TXN000004888,CUST005878,2019-01-16,02:10,NRI,ATM_Withdrawal,5000.0,Debit,139540.56,Retail,Delhi,469,1,Gold,11365.32,Success,Mobile_App,Pending,0,2
TXN000004889,CUST039554,2019-01-16,08:35,Savings,RTGS,77496.47,Credit,95562.14,Peer Transfer,Delhi,516,1,Unknown,10743.61,Failed,Web,Verified,0,8
TXN000004890,CUST004923,2019-01-16,02:51,Salary,UPI,301.02,Debit,8639.22,Retail,Rajasthan,757,1,Business,18655.78,Success,ATM,Verified,0,2
TXN000004891,CUST004687,2019-01-16,16:37,Current,NEFT,5826.84,Credit,13733.75,Food & Dining,West Bengal,448,0,No loan,0.0,Success,Mobile_App,Verified,0,16
TXN000004892,CUST032767,2019-01-16,05:34,Current,UPI,114.0,Credit,90102.33,Fuel,Delhi,316,0,No loan,0.0,Success,Mobile_App,Verified,0,5
TXN000004893,CUST079944,2019-01-16,19:04,Fixed Deposit,NEFT,16282.32,Debit,135622.26,Food & Dining,Karnataka,750,0,No loan,0.0,Success,POS_Terminal,Verified,0,19
TXN000004894,CUST032007,2019-01-16,11:52,Savings,UPI,712.16,Debit,140523.34,Food & Dining,West Bengal,365,1,Business,7661.22,Success,Web,Verified,0,11
TXN000004895,CUST031423,2019-01-16,21:28,Current,IMPS,525.87,Credit,9332.27,Government,Tamil Nadu,738,0,No loan,0.0,Failed,POS_Terminal,Verified,0,21
TXN000004896,CUST012206,2019-01-16,22:53,Savings,UPI,253.68,Debit,10631.57,Education,Delhi,761,0,No loan,0.0,Success,ATM,Pending,0,22
TXN000004897,CUST023528,2019-01-16,07:45,Savings,IMPS,6581.41,Debit,9376.8,Peer Transfer,UP,710,1,Auto,1973.48,Success,Mobile_App,Verified,0,7
TXN000004898,CUST018444,2019-01-16,21:16,Savings,UPI,454.08,Debit,45566.71,Investment,Delhi,306,0,No loan,0.0,Success,Web,Verified,0,21
TXN000004899,CUST016525,2019-01-16,05:12,Savings,IMPS,4895.77,Debit,21457.32,E-Commerce,Maharashtra,766,0,No loan,0.0,Success,ATM,Verified,0,5
TXN000004900,CUST028203,2019-01-16,17:18,Salary,Net_Banking,567.48,Credit,23442.19,Fuel,Gujarat,796,0,No loan,0.0,Success,Mobile_App,Verified,0,17
TXN000004901,CUST065553,2019-01-16,13:41,Current,IMPS,7333.05,Debit,78509.72,Healthcare,Maharashtra,584,1,Education,4772.85,Success,Web,Verified,0,13
TXN000004902,CUST046143,2019-01-16,02:54,Savings,IMPS,2042.54,Debit,69629.04,Fuel,Karnataka,377,0,No loan,0.0,Success,Mobile_App,Expired,0,2
TXN000004903,CUST061693,2019-01-16,09:32,Current,ATM_Withdrawal,10000.0,Debit,4021.61,Healthcare,West Bengal,479,1,Home,22446.86,Success,Mobile_App,Verified,0,9
TXN000004904,CUST020856,2019-01-16,08:10,Savings,Net_Banking,14090.44,Credit,14609.93,Travel,Telangana,335,0,No loan,0.0,Success,Mobile_App,Verified,0,8
TXN000004905,CUST060373,2019-01-16,13:32,Current,NEFT,39381.91,Debit,12358.39,Peer Transfer,Tamil Nadu,898,0,No loan,0.0,Success,Web,Verified,0,13
TXN000004906,CUST025096,2019-01-16,09:33,NRI,ATM_Withdrawal,5000.0,Debit,225115.05,Salary,Maharashtra,317,0,No loan,0.0,Success,Web,Verified,0,9
TXN000004907,CUST038725,2019-01-16,17:40,Current,IMPS,3569.93,Credit,211037.48,Investment,Telangana,463,1,Education,911.08,Success,Branch,Verified,0,17
TXN000004908,CUST049242,2019-01-16,00:03,Savings,UPI,1043.18,Debit,21478.42,Investment,Maharashtra,424,0,No loan,0.0,Success,ATM,Pending,0,0
TXN000004909,CUST052004,2019-01-16,08:21,Current,IMPS,196.64,Credit,73264.24,E-Commerce,Karnataka,851,1,Gold,2172.1,Success,Mobile_App,Verified,0,8
TXN000004910,CUST068380,2019-01-16,07:05,Salary,ATM_Withdrawal,5000.0,Debit,213751.01,Healthcare,Telangana,494,1,Auto,13136.9,Success,POS_Terminal,Verified,0,7
TXN000004911,CUST015973,2019-01-16,00:16,Current,IMPS,3550.07,Credit,121478.1,Healthcare,Karnataka,838,0,No loan,0.0,Success,Mobile_App,Verified,0,0
TXN000004912,CUST022928,2019-01-16,15:16,Savings,IMPS,22763.88,Debit,34814.96,Retail,UP,753,0,No loan,0.0,Success,API,Verified,0,15
TXN000004913,CUST066631,2019-01-16,09:39,Current,POS,3243.01,Debit,29572.45,Fuel,Maharashtra,361,1,Personal,11568.08,Success,ATM,Verified,0,9
TXN000004914,CUST052348,2019-01-16,23:30,Savings,POS,336.86,Debit,71431.96,Education,Maharashtra,647,0,No loan,0.0,Success,POS_Terminal,Verified,0,23
TXN000004915,CUST069519,2019-01-16,17:24,Savings,IMPS,3078.37,Debit,4749578.01,Travel,Karnataka,780,0,No loan,0.0,Success,Web,Verified,0,17
TXN000004916,CUST045284,2019-01-16,07:56,Savings,UPI,605.18,Debit,31502.67,Healthcare,Gujarat,529,0,No loan,0.0,Success,Mobile_App,Verified,0,7
TXN000004917,CUST012206,2019-01-16,07:09,NRI,Net_Banking,9406.99,Debit,10236.1,Retail,Delhi,313,1,Unknown,10694.54,Success,Mobile_App,Expired,0,7
TXN000004918,CUST012749,2019-01-16,08:05,Salary,UPI,134.09,Debit,7731.12,Entertainment,Telangana,814,0,No loan,0.0,Success,POS_Terminal,Verified,0,8
TXN000004919,CUST021098,2019-01-16,00:21,Savings,IMPS,5738.98,Credit,61867.64,Education,Tamil Nadu,887,1,Unknown,3785.59,Reversed,Mobile_App,Verified,0,0
TXN000004920,CUST003093,2019-01-16,08:58,Savings,Net_Banking,2204.71,Debit,21175.95,Peer Transfer,Gujarat,443,0,No loan,0.0,Success,Mobile_App,Verified,0,8
TXN000004921,CUST053312,2019-01-16,05:15,Savings,IMPS,11805.32,Credit,1275561.07,Investment,Tamil Nadu,478,0,No loan,0.0,Success,ATM,Verified,0,5
TXN000004922,CUST022693,2019-01-16,02:11,NRI,IMPS,949.06,Debit,23868.4,Peer Transfer,Maharashtra,877,0,No loan,0.0,Success,Mobile_App,Verified,0,2
TXN000004923,CUST023863,2019-01-17,05:47,Current,NEFT,21490.81,Debit,51425.88,Retail,West Bengal,836,0,No loan,0.0,Success,Web,Verified,0,5
TXN000004924,CUST079508,2019-01-17,14:56,Savings,UPI,329.41,Credit,217813.23,Government,West Bengal,462,0,No loan,0.0,Success,ATM,Verified,0,14
TXN000004925,CUST070470,2019-01-17,19:00,Current,Cheque,2715.18,Credit,17237.08,Utilities,Karnataka,509,0,No loan,0.0,Success,ATM,Verified,0,19
TXN000004926,CUST004927,2019-01-17,02:33,NRI,Net_Banking,24485.72,Debit,17395.15,E-Commerce,Delhi,379,1,Personal,17320.1,Success,Mobile_App,Verified,0,2
TXN000004927,CUST003970,2019-01-17,12:29,Fixed Deposit,NEFT,27163.84,Credit,82283.97,Salary,Gujarat,452,1,Business,4741.99,Reversed,Mobile_App,Verified,0,12
TXN000004928,CUST035734,2019-01-17,18:46,NRI,POS,504.46,Debit,12730.37,Investment,Tamil Nadu,784,1,Business,3884.85,Success,ATM,Verified,0,18
TXN000004929,CUST069856,2019-01-17,10:44,Salary,ATM_Withdrawal,5000.0,Debit,24183.42,Travel,Tamil Nadu,675,0,No loan,0.0,Success,ATM,Verified,0,10
TXN000004930,CUST041744,2019-01-17,15:18,Current,UPI,311.51,Debit,123899.65,Government,Karnataka,679,1,Personal,6774.74,Success,API,Verified,0,15
TXN000004931,CUST039877,2019-01-17,00:28,Savings,UPI,838.73,Debit,1970.46,Utilities,Gujarat,838,0,No loan,0.0,Success,Web,Verified,0,0
TXN000004932,CUST020324,2019-01-17,12:24,Current,Auto_Debit,932.88,Debit,197209.9,Investment,Karnataka,885,0,No loan,0.0,Success,Mobile_App,Verified,0,12
TXN000004933,CUST016429,2019-01-17,20:31,Savings,Net_Banking,1889.09,Debit,26615.82,Entertainment,Karnataka,673,1,Personal,3909.38,Success,Mobile_App,Verified,0,20
TXN000004934,CUST034579,2019-01-17,12:29,Savings,ATM_Withdrawal,2000.0,Debit,74264.04,Government,Karnataka,850,1,Personal,5677.26,Success,Web,Verified,0,12
TXN000004935,CUST064141,2019-01-17,09:07,Current,IMPS,14967.33,Debit,27107.47,Retail,Gujarat,474,0,No loan,0.0,Failed,Mobile_App,Verified,0,9
TXN000004936,CUST006365,2019-01-17,19:29,Salary,Net_Banking,6228.6,Debit,12672.14,Entertainment,Delhi,343,1,Home,7100.59,Success,Web,Verified,0,19
TXN000004937,CUST035350,2019-01-17,10:34,Current,ATM_Withdrawal,500.0,Debit,14326.13,Food & Dining,Gujarat,669,0,No loan,0.0,Success,Mobile_App,Verified,0,10
TXN000004938,CUST000692,2019-01-17,13:38,Current,ATM_Withdrawal,500.0,Debit,15620.46,Investment,West Bengal,884,1,Home,15749.68,Success,Web,Verified,0,13
TXN000004939,CUST066468,2019-01-17,14:28,Savings,NEFT,137300.51,Debit,6431.94,Utilities,UP,583,1,Home,1677.21,Success,Mobile_App,Verified,0,14
TXN000004940,CUST045897,2019-01-17,22:46,Salary,UPI,1123.86,Credit,89171.55,Travel,Telangana,883,1,Business,6285.66,Success,Mobile_App,Verified,0,22
TXN000004941,CUST057063,2019-01-17,08:17,Savings,UPI,457.71,Debit,40356.48,Real Estate,Karnataka,757,1,Home,1956.47,Success,API,Verified,0,8
TXN000004942,CUST079763,2019-01-17,21:53,NRI,UPI,314.07,Debit,80949.99,Peer Transfer,Maharashtra,751,0,No loan,0.0,Pending,Web,Verified,0,21
TXN000004943,CUST013862,2019-01-17,18:19,Savings,NEFT,1904.75,Credit,3867.1,Travel,Maharashtra,472,1,Personal,11761.41,Success,Mobile_App,Verified,0,18
TXN000004944,CUST063929,2019-01-17,22:17,Salary,UPI,458.52,Credit,127967.41,Investment,UP,595,0,No loan,0.0,Success,Branch,Verified,0,22
TXN000004945,CUST041348,2019-01-17,08:06,Salary,UPI,986.3,Credit,23132.45,Government,UP,641,0,No loan,0.0,Success,Branch,Verified,0,8
TXN000004946,CUST003122,2019-01-17,16:17,Savings,ATM_Withdrawal,1000.0,Debit,124009.22,Travel,Karnataka,322,0,No loan,0.0,Success,Mobile_App,Verified,0,16
TXN000004947,CUST028165,2019-01-17,20:43,NRI,Auto_Debit,4445.34,Debit,19641.1,Retail,Telangana,759,0,No loan,0.0,Success,Mobile_App,Expired,0,20
TXN000004948,CUST025492,2019-01-17,23:39,Fixed Deposit,UPI,166.79,Credit,58337.62,Retail,UP,779,1,Auto,4573.62,Success,Mobile_App,Verified,0,23
TXN000004949,CUST059223,2019-01-17,09:49,Current,NEFT,16897.73,Debit,55792.08,Peer Transfer,Karnataka,638,1,Auto,1829.74,Success,Mobile_App,Verified,0,9
TXN000004950,CUST023166,2019-01-17,02:05,Current,IMPS,8886.55,Debit,14941.22,Salary,Maharashtra,593,0,No loan,0.0,Success,Mobile_App,Verified,0,2
TXN000004951,CUST003749,2019-01-17,09:27,Current,UPI,138.53,Debit,46709.64,Real Estate,Tamil Nadu,364,1,Unknown,17268.82,Success,Mobile_App,Verified,0,9
TXN000004952,CUST026554,2019-01-17,18:48,Current,NEFT,9006.28,Credit,58045.56,Peer Transfer,Gujarat,403,1,Gold,627.59,Success,Web,Expired,0,18
TXN000004953,CUST060381,2019-01-17,18:26,Savings,IMPS,16131.31,Debit,273164.47,Healthcare,Karnataka,894,0,No loan,0.0,Success,Branch,Verified,0,18
TXN000004954,CUST044332,2019-01-17,07:31,Current,UPI,1956.33,Debit,77564.5,Government,Telangana,332,0,No loan,0.0,Success,Web,Pending,0,7
TXN000004955,CUST039561,2019-01-17,09:28,Current,Cheque,56061.22,Credit,20745.82,Healthcare,Tamil Nadu,846,1,Unknown,843.57,Success,Web,Verified,0,9
TXN000004956,CUST053866,2019-01-17,15:47,Current,UPI,54.04,Debit,2987125.23,Food & Dining,Gujarat,829,1,Education,5571.68,Success,Mobile_App,Verified,0,15
TXN000004957,CUST046687,2019-01-17,07:37,NRI,UPI,231.7,Debit,17216.63,Salary,Maharashtra,714,0,No loan,0.0,Success,API,Verified,0,7
TXN000004958,CUST075911,2019-01-17,01:07,Current,ATM_Withdrawal,3000.0,Debit,15539.58,Peer Transfer,Delhi,619,0,No loan,0.0,Success,Mobile_App,Verified,0,1
TXN000004959,CUST004676,2019-01-17,13:18,Current,Cheque,5136.23,Credit,120060.68,Government,Telangana,786,0,No loan,0.0,Success,API,Verified,0,13
TXN000004960,CUST066707,2019-01-17,03:50,Fixed Deposit,NEFT,3429.38,Debit,83856.04,Investment,Karnataka,426,0,No loan,0.0,Success,Web,Verified,0,3
TXN000004961,CUST077987,2019-01-17,16:46,Salary,ATM_Withdrawal,500.0,Debit,26472.14,Government,Karnataka,627,1,Personal,6846.06,Success,API,Verified,0,16
TXN000004962,CUST076217,2019-01-17,13:40,Savings,UPI,4465.48,Credit,137324.53,Retail,Maharashtra,882,0,No loan,0.0,Success,API,Verified,0,13
TXN000004963,CUST010069,2019-01-17,15:44,NRI,POS,280.74,Debit,129365.96,E-Commerce,Delhi,857,0,No loan,0.0,Success,Web,Verified,0,15
TXN000004964,CUST054461,2019-01-17,16:19,Current,ATM_Withdrawal,3000.0,Debit,4683.21,E-Commerce,UP,500,1,Personal,8124.24,Success,Mobile_App,Verified,0,16
TXN000004965,CUST046419,2019-01-17,07:09,Current,ATM_Withdrawal,500.0,Debit,104751.13,E-Commerce,Punjab,681,1,Home,4232.8,Success,Mobile_App,Verified,0,7
TXN000004966,CUST026207,2019-01-17,02:02,Current,UPI,256.88,Credit,99588.66,Salary,West Bengal,563,1,Auto,3501.46,Failed,Branch,Pending,0,2
TXN000004967,CUST000288,2019-01-17,16:02,Salary,UPI,231.76,Debit,144836.69,Healthcare,Tamil Nadu,770,1,Home,2253.96,Success,Mobile_App,Verified,0,16
TXN000004968,CUST022338,2019-01-17,07:23,Savings,IMPS,3237.83,Credit,8364.06,Retail,West Bengal,603,0,No loan,0.0,Success,Web,Verified,0,7
TXN000004969,CUST020667,2019-01-17,07:19,Current,Auto_Debit,678.52,Debit,46716.81,E-Commerce,Punjab,340,1,Education,7681.34,Success,Branch,Verified,0,7
TXN000004970,CUST001162,2019-01-17,17:13,Salary,NEFT,3464.97,Credit,176024.81,Education,West Bengal,559,0,No loan,0.0,Success,Mobile_App,Verified,0,17
TXN000004971,CUST038752,2019-01-17,13:27,Savings,ATM_Withdrawal,500.0,Debit,140988.44,Insurance,Telangana,733,0,No loan,0.0,Success,Mobile_App,Expired,0,13
TXN000004972,CUST014759,2019-01-17,18:43,NRI,Auto_Debit,1104.35,Debit,41842.25,Utilities,Gujarat,815,0,No loan,0.0,Failed,Branch,Verified,0,18
TXN000004973,CUST065781,2019-01-17,05:02,NRI,NEFT,8653.83,Credit,200447.0,Retail,Gujarat,524,1,Personal,2578.31,Success,ATM,Pending,0,5
TXN000004974,CUST003179,2019-01-17,06:40,Salary,ATM_Withdrawal,1000.0,Debit,258538.8,Utilities,Delhi,809,1,Auto,6811.53,Success,Branch,Verified,0,6
TXN000004975,CUST031832,2019-01-17,08:59,NRI,UPI,348.45,Debit,50641.02,Food & Dining,Maharashtra,830,0,No loan,0.0,Success,ATM,Pending,0,8
TXN000004976,CUST002177,2019-01-17,17:36,Current,IMPS,136232.14,Debit,485232.86,Travel,Rajasthan,786,0,No loan,0.0,Pending,Mobile_App,Verified,0,17
TXN000004977,CUST033655,2019-01-17,01:42,Salary,ATM_Withdrawal,2000.0,Debit,34588.99,Real Estate,Telangana,635,0,No loan,0.0,Success,Mobile_App,Verified,0,1
TXN000004978,CUST026628,2019-01-17,07:26,Savings,Cheque,93093.47,Debit,55045.78,Entertainment,Karnataka,497,0,No loan,0.0,Success,Mobile_App,Verified,0,7
TXN000004979,CUST052551,2019-01-17,03:03,Salary,POS,2094.52,Debit,1277.97,Salary,Gujarat,406,0,No loan,0.0,Success,Web,Verified,0,3
TXN000004980,CUST044911,2019-01-17,06:51,Savings,UPI,2201.36,Debit,40863.19,Utilities,Delhi,762,0,No loan,0.0,Success,Mobile_App,Verified,0,6
TXN000004981,CUST058252,2019-01-17,04:02,Savings,POS,255.31,Debit,13383.78,Insurance,Telangana,791,1,Personal,4938.41,Success,Mobile_App,Verified,0,4
TXN000004982,CUST035423,2019-01-17,18:58,NRI,ATM_Withdrawal,1000.0,Debit,10655.4,Fuel,West Bengal,853,0,No loan,0.0,Success,API,Verified,0,18
TXN000004983,CUST011985,2019-01-17,10:41,Savings,UPI,331.37,Debit,3450.93,Entertainment,UP,520,1,Gold,46582.27,Success,Mobile_App,Verified,0,10
TXN000004984,CUST061387,2019-01-17,10:05,NRI,NEFT,2554.57,Credit,13155.34,Travel,Maharashtra,568,1,Home,2447.45,Success,Branch,Verified,0,10
TXN000004985,CUST007136,2019-01-17,01:57,Current,ATM_Withdrawal,1000.0,Debit,34742.89,Retail,Tamil Nadu,313,0,No loan,0.0,Success,Mobile_App,Verified,0,1
TXN000004986,CUST000321,2019-01-17,11:44,Salary,UPI,279.37,Credit,56209.8,Healthcare,UP,697,1,Personal,4675.71,Success,Branch,Verified,0,11
TXN000004987,CUST021685,2019-01-17,16:36,Savings,IMPS,7783.47,Debit,3760.39,Peer Transfer,Telangana,835,1,Home,6011.33,Success,Web,Verified,0,16
TXN000004988,CUST055914,2019-01-17,00:49,Savings,ATM_Withdrawal,1000.0,Debit,213905.95,Retail,West Bengal,412,0,No loan,0.0,Success,Mobile_App,Verified,0,0
TXN000004989,CUST021890,2019-01-17,03:50,Savings,RTGS,228196.09,Debit,40011.76,Fuel,Maharashtra,758,1,Auto,2006.85,Success,Web,Verified,0,3
TXN000004990,CUST048900,2019-01-17,03:36,Savings,UPI,1090.14,Credit,7230.26,E-Commerce,Tamil Nadu,359,0,No loan,0.0,Success,Web,Verified,0,3
TXN000004991,CUST010771,2019-01-17,11:30,Current,Auto_Debit,1422.53,Debit,223959.71,Food & Dining,Maharashtra,458,1,Home,3832.4,Success,API,Verified,0,11
TXN000004992,CUST039322,2019-01-17,06:25,Savings,ATM_Withdrawal,1000.0,Debit,923420.37,Food & Dining,Punjab,865,0,No loan,0.0,Success,Web,Verified,0,6
TXN000004993,CUST041778,2019-01-17,01:39,NRI,Net_Banking,21760.56,Debit,54696.36,Salary,Maharashtra,877,0,No loan,0.0,Success,API,Verified,0,1
TXN000004994,CUST046251,2019-01-17,06:29,Current,NEFT,119451.57,Debit,112551.04,Retail,Karnataka,701,0,No loan,0.0,Success,Web,Verified,0,6
TXN000004995,CUST073035,2019-01-17,04:51,Salary,NEFT,15789.86,Debit,32195.64,Healthcare,Rajasthan,666,1,Unknown,6032.02,Pending,Web,Verified,0,4
TXN000004996,CUST040131,2019-01-17,01:24,Fixed Deposit,POS,4820.47,Debit,12169.05,Food & Dining,Maharashtra,734,0,No loan,0.0,Success,POS_Terminal,Verified,0,1
TXN000004997,CUST049347,2019-01-17,01:30,Savings,UPI,1099.29,Debit,141139.58,Insurance,West Bengal,858,0,No loan,0.0,Success,Mobile_App,Verified,0,1
TXN000004998,CUST002538,2019-01-17,10:28,NRI,Auto_Debit,2407.1,Debit,112776.31,Fuel,Tamil Nadu,779,0,No loan,0.0,Success,Web,Verified,0,10
TXN000004999,CUST015217,2019-01-17,14:22,NRI,IMPS,1381.43,Credit,114825.3,Insurance,West Bengal,441,0,No loan,0.0,Failed,Branch,Pending,0,14
TXN000005000,CUST003010,2019-01-17,17:38,Salary,IMPS,40191.12,Debit,1990.06,Peer Transfer,UP,707,0,No loan,0.0,Success,API,Verified,0,17
